ksh_code,settlement_name,county_name,area_code,basis
01508,Ipolyszög,Nógrád,ORSZEM-NOGRAD,KSH_COUNTY
01526,Somoskőújfalu,Nógrád,ORSZEM-NOGRAD,KSH_COUNTY
02015,Ráckeresztúr,Fejér,ORSZEM-FEJER,KSH_COUNTY
02024,Martonyi,Borsod-Abaúj-Zemplén,ORSZEM-BORSOD-ABAUJ-ZEMPLEN,KSH_COUNTY
02033,Kakasd,Tolna,ORSZEM-TOLNA,KSH_COUNTY
02042,Narda,Vas,ORSZEM-VAS,KSH_COUNTY
02051,Sávoly,Somogy,ORSZEM-SOMOGY,KSH_COUNTY
02060,Gönyű,Győr-Moson-Sopron,ORSZEM-GYOR-MOSON-SOPRON,KSH_COUNTY
02079,Dunaremete,Győr-Moson-Sopron,ORSZEM-GYOR-MOSON-SOPRON,KSH_COUNTY
02088,Mánd,Szabolcs-Szatmár-Bereg,ORSZEM-SZABOLCS-SZATMAR-BEREG,KSH_COUNTY
02097,Gutorfölde,Zala,ORSZEM-ZALA,KSH_COUNTY
02103,Maróc,Zala,ORSZEM-ZALA,KSH_COUNTY
02112,Budapest 17. ker.,főváros,ORSZEM-BUDAPEST,KSH_COUNTY
02121,Csanádalberti,Csongrád-Csanád,ORSZEM-CSONGRAD-CSANAD,KSH_COUNTY
02130,Mihályfa,Zala,ORSZEM-ZALA,KSH_COUNTY
02149,Foktő,Bács-Kiskun,ORSZEM-BACS-KISKUN,KSH_COUNTY
02158,Muhi,Borsod-Abaúj-Zemplén,ORSZEM-BORSOD-ABAUJ-ZEMPLEN,KSH_COUNTY
02167,Komádi,Hajdú-Bihar,ORSZEM-HAJDU-BIHAR,KSH_COUNTY
02185,Csopak,Veszprém,ORSZEM-VESZPREM,KSH_COUNTY
02194,Nemesvámos,Veszprém,ORSZEM-VESZPREM,KSH_COUNTY
02200,Isztimér,Fejér,ORSZEM-FEJER,KSH_COUNTY
02219,Balatonfűzfő,Veszprém,ORSZEM-VESZPREM,KSH_COUNTY
02228,Martonfa,Baranya,ORSZEM-BARANYA,KSH_COUNTY
02237,Vág,Győr-Moson-Sopron,ORSZEM-GYOR-MOSON-SOPRON,KSH_COUNTY
02246,Vát,Vas,ORSZEM-VAS,KSH_COUNTY
02264,Vásárosdombó,Baranya,ORSZEM-BARANYA,KSH_COUNTY
02273,Abaújvár,Borsod-Abaúj-Zemplén,ORSZEM-BORSOD-ABAUJ-ZEMPLEN,KSH_COUNTY
02282,Hejőkürt,Borsod-Abaúj-Zemplén,ORSZEM-BORSOD-ABAUJ-ZEMPLEN,KSH_COUNTY
02291,Tiszabábolna,Borsod-Abaúj-Zemplén,ORSZEM-BORSOD-ABAUJ-ZEMPLEN,KSH_COUNTY
02307,Kaba,Hajdú-Bihar,ORSZEM-HAJDU-BIHAR,KSH_COUNTY
02316,Etyek,Fejér,ORSZEM-FEJER,KSH_COUNTY
02325,Baktalórántháza,Szabolcs-Szatmár-Bereg,ORSZEM-SZABOLCS-SZATMAR-BEREG,KSH_COUNTY
02343,Kincsesbánya,Fejér,ORSZEM-FEJER,KSH_COUNTY
02352,Újkígyós,Békés,ORSZEM-BEKES,KSH_COUNTY
02361,Nagybajcs,Győr-Moson-Sopron,ORSZEM-GYOR-MOSON-SOPRON,KSH_COUNTY
02370,Rád,Pest,ORSZEM-PEST,KSH_COUNTY
02389,Bercel,Nógrád,ORSZEM-NOGRAD,KSH_COUNTY
02404,Surd,Zala,ORSZEM-ZALA,KSH_COUNTY
02413,Kisbabot,Győr-Moson-Sopron,ORSZEM-GYOR-MOSON-SOPRON,KSH_COUNTY
02422,Hegyesd,Veszprém,ORSZEM-VESZPREM,KSH_COUNTY
02431,Bük,Vas,ORSZEM-VAS,KSH_COUNTY
02440,Szatta,Vas,ORSZEM-VAS,KSH_COUNTY
02459,Vajta,Fejér,ORSZEM-FEJER,KSH_COUNTY
02468,Hegymeg,Borsod-Abaúj-Zemplén,ORSZEM-BORSOD-ABAUJ-ZEMPLEN,KSH_COUNTY
02477,Csombárd,Somogy,ORSZEM-SOMOGY,KSH_COUNTY
02486,Zalacséb,Zala,ORSZEM-ZALA,KSH_COUNTY
02495,Nagycenk,Győr-Moson-Sopron,ORSZEM-GYOR-MOSON-SOPRON,KSH_COUNTY
02501,Kisunyom,Vas,ORSZEM-VAS,KSH_COUNTY
02510,Kocs,Komárom-Esztergom,ORSZEM-KOMAROM-ESZTERGOM,KSH_COUNTY
02529,Várfölde,Zala,ORSZEM-ZALA,KSH_COUNTY
02547,Sumony,Baranya,ORSZEM-BARANYA,KSH_COUNTY
02556,Mórichida,Győr-Moson-Sopron,ORSZEM-GYOR-MOSON-SOPRON,KSH_COUNTY
02565,Döbrököz,Tolna,ORSZEM-TOLNA,KSH_COUNTY
02574,Kenéz,Vas,ORSZEM-VAS,KSH_COUNTY
02583,Csesztreg,Zala,ORSZEM-ZALA,KSH_COUNTY
02608,Zalaszentiván,Zala,ORSZEM-ZALA,KSH_COUNTY
02617,Sopronnémeti,Győr-Moson-Sopron,ORSZEM-GYOR-MOSON-SOPRON,KSH_COUNTY
02626,Martfű,Jász-Nagykun-Szolnok,ORSZEM-JASZ-NAGYKUN-SZOLNOK,KSH_COUNTY
02635,Öttevény,Győr-Moson-Sopron,ORSZEM-GYOR-MOSON-SOPRON,KSH_COUNTY
02644,Alibánfa,Zala,ORSZEM-ZALA,KSH_COUNTY
02653,Nagyharsány,Baranya,ORSZEM-BARANYA,KSH_COUNTY
02662,Milejszeg,Zala,ORSZEM-ZALA,KSH_COUNTY
02671,Kántorjánosi,Szabolcs-Szatmár-Bereg,ORSZEM-SZABOLCS-SZATMAR-BEREG,KSH_COUNTY
02680,Békésszentandrás,Békés,ORSZEM-BEKES,KSH_COUNTY
02699,Sárkeszi,Fejér,ORSZEM-FEJER,KSH_COUNTY
02705,Pálmonostora,Bács-Kiskun,ORSZEM-BACS-KISKUN,KSH_COUNTY
02714,Tótvázsony,Veszprém,ORSZEM-VESZPREM,KSH_COUNTY
02723,Sáregres,Fejér,ORSZEM-FEJER,KSH_COUNTY
02741,Fáj,Borsod-Abaúj-Zemplén,ORSZEM-BORSOD-ABAUJ-ZEMPLEN,KSH_COUNTY
02750,Vértesacsa,Fejér,ORSZEM-FEJER,KSH_COUNTY
02769,Tápiószőlős,Pest,ORSZEM-PEST,KSH_COUNTY
02778,Ludányhalászi,Nógrád,ORSZEM-NOGRAD,KSH_COUNTY
02787,Nemesgulács,Veszprém,ORSZEM-VESZPREM,KSH_COUNTY
02796,Nak,Tolna,ORSZEM-TOLNA,KSH_COUNTY
02802,Enying,Fejér,ORSZEM-FEJER,KSH_COUNTY
02811,Miszla,Tolna,ORSZEM-TOLNA,KSH_COUNTY
02820,Abaújlak,Borsod-Abaúj-Zemplén,ORSZEM-BORSOD-ABAUJ-ZEMPLEN,KSH_COUNTY
02839,Nemeskocs,Vas,ORSZEM-VAS,KSH_COUNTY
02848,Felsőzsolca,Borsod-Abaúj-Zemplén,ORSZEM-BORSOD-ABAUJ-ZEMPLEN,KSH_COUNTY
02857,Geresdlak,Baranya,ORSZEM-BARANYA,KSH_COUNTY
02866,Oszlár,Borsod-Abaúj-Zemplén,ORSZEM-BORSOD-ABAUJ-ZEMPLEN,KSH_COUNTY
02875,Sáta,Borsod-Abaúj-Zemplén,ORSZEM-BORSOD-ABAUJ-ZEMPLEN,KSH_COUNTY
02884,Vasalja,Vas,ORSZEM-VAS,KSH_COUNTY
02893,Söréd,Fejér,ORSZEM-FEJER,KSH_COUNTY
02909,Magyarszentmiklós,Zala,ORSZEM-ZALA,KSH_COUNTY
02918,Balmazújváros,Hajdú-Bihar,ORSZEM-HAJDU-BIHAR,KSH_COUNTY
02927,Duka,Vas,ORSZEM-VAS,KSH_COUNTY
02936,Dudar,Veszprém,ORSZEM-VESZPREM,KSH_COUNTY
02945,Biri,Szabolcs-Szatmár-Bereg,ORSZEM-SZABOLCS-SZATMAR-BEREG,KSH_COUNTY
02954,Felsőszentiván,Bács-Kiskun,ORSZEM-BACS-KISKUN,KSH_COUNTY
02963,Bükkszék,Heves,ORSZEM-HEVES,KSH_COUNTY
02972,Zalasárszeg,Zala,ORSZEM-ZALA,KSH_COUNTY
02981,Egerfarmos,Heves,ORSZEM-HEVES,KSH_COUNTY
02990,Bátorliget,Szabolcs-Szatmár-Bereg,ORSZEM-SZABOLCS-SZATMAR-BEREG,KSH_COUNTY
03009,Szombathely,Vas,ORSZEM-VAS,KSH_COUNTY
03018,Szebény,Baranya,ORSZEM-BARANYA,KSH_COUNTY
03036,Döröske,Vas,ORSZEM-VAS,KSH_COUNTY
03045,Hajdúböszörmény,Hajdú-Bihar,ORSZEM-HAJDU-BIHAR,KSH_COUNTY
03054,Lickóvadamos,Zala,ORSZEM-ZALA,KSH_COUNTY
03063,Zádorfalva,Borsod-Abaúj-Zemplén,ORSZEM-BORSOD-ABAUJ-ZEMPLEN,KSH_COUNTY
03072,Balatoncsicsó,Veszprém,ORSZEM-VESZPREM,KSH_COUNTY
03081,Sajóhídvég,Borsod-Abaúj-Zemplén,ORSZEM-BORSOD-ABAUJ-ZEMPLEN,KSH_COUNTY
03090,Borgáta,Vas,ORSZEM-VAS,KSH_COUNTY
03106,Kétsoprony,Békés,ORSZEM-BEKES,KSH_COUNTY
03115,Dunaújváros,Fejér,ORSZEM-FEJER,KSH_COUNTY
03124,Szentkozmadombja,Zala,ORSZEM-ZALA,KSH_COUNTY
03133,Taktaszada,Borsod-Abaúj-Zemplén,ORSZEM-BORSOD-ABAUJ-ZEMPLEN,KSH_COUNTY
03142,Vönöck,Vas,ORSZEM-VAS,KSH_COUNTY
03151,Kistapolca,Baranya,ORSZEM-BARANYA,KSH_COUNTY
03160,Szuhafő,Borsod-Abaúj-Zemplén,ORSZEM-BORSOD-ABAUJ-ZEMPLEN,KSH_COUNTY
03179,Budapest 02. ker.,főváros,ORSZEM-BUDAPEST,KSH_COUNTY
03188,Iborfia,Zala,ORSZEM-ZALA,KSH_COUNTY
03197,Rábahídvég,Vas,ORSZEM-VAS,KSH_COUNTY
03203,Nyim,Somogy,ORSZEM-SOMOGY,KSH_COUNTY
03212,Sajóivánka,Borsod-Abaúj-Zemplén,ORSZEM-BORSOD-ABAUJ-ZEMPLEN,KSH_COUNTY
03221,Magyarlak,Vas,ORSZEM-VAS,KSH_COUNTY
03230,Fajsz,Bács-Kiskun,ORSZEM-BACS-KISKUN,KSH_COUNTY
03249,Őrhalom,Nógrád,ORSZEM-NOGRAD,KSH_COUNTY
03258,Földes,Hajdú-Bihar,ORSZEM-HAJDU-BIHAR,KSH_COUNTY
03267,Badacsonytördemic,Veszprém,ORSZEM-VESZPREM,KSH_COUNTY
03276,Füzesabony,Heves,ORSZEM-HEVES,KSH_COUNTY
03285,Hirics,Baranya,ORSZEM-BARANYA,KSH_COUNTY
03294,Molnaszecsőd,Vas,ORSZEM-VAS,KSH_COUNTY
03300,Iklad,Pest,ORSZEM-PEST,KSH_COUNTY
03319,Ártánd,Hajdú-Bihar,ORSZEM-HAJDU-BIHAR,KSH_COUNTY
03328,Ipolytarnóc,Nógrád,ORSZEM-NOGRAD,KSH_COUNTY
03337,Ivánbattyán,Baranya,ORSZEM-BARANYA,KSH_COUNTY
03346,Ivándárda,Baranya,ORSZEM-BARANYA,KSH_COUNTY
03355,Nova,Zala,ORSZEM-ZALA,KSH_COUNTY
03364,Szilsárkány,Győr-Moson-Sopron,ORSZEM-GYOR-MOSON-SOPRON,KSH_COUNTY
03373,Tiszapüspöki,Jász-Nagykun-Szolnok,ORSZEM-JASZ-NAGYKUN-SZOLNOK,KSH_COUNTY
03382,Szarvaskő,Heves,ORSZEM-HEVES,KSH_COUNTY
03391,Piricse,Szabolcs-Szatmár-Bereg,ORSZEM-SZABOLCS-SZATMAR-BEREG,KSH_COUNTY
03407,Budajenő,Pest,ORSZEM-PEST,KSH_COUNTY
03416,Somogyszil,Somogy,ORSZEM-SOMOGY,KSH_COUNTY
03425,Bogyiszló,Tolna,ORSZEM-TOLNA,KSH_COUNTY
03434,Lasztonya,Zala,ORSZEM-ZALA,KSH_COUNTY
03443,Mezőzombor,Borsod-Abaúj-Zemplén,ORSZEM-BORSOD-ABAUJ-ZEMPLEN,KSH_COUNTY
03452,Boldog,Heves,ORSZEM-HEVES,KSH_COUNTY
03461,Kétegyháza,Békés,ORSZEM-BEKES,KSH_COUNTY
03470,Meződ,Baranya,ORSZEM-BARANYA,KSH_COUNTY
03489,Edde,Somogy,ORSZEM-SOMOGY,KSH_COUNTY
03498,Vereb,Fejér,ORSZEM-FEJER,KSH_COUNTY
03504,Sajóbábony,Borsod-Abaúj-Zemplén,ORSZEM-BORSOD-ABAUJ-ZEMPLEN,KSH_COUNTY
03513,Visznek,Heves,ORSZEM-HEVES,KSH_COUNTY
03522,Baja,Bács-Kiskun,ORSZEM-BACS-KISKUN,KSH_COUNTY
03531,Léh,Borsod-Abaúj-Zemplén,ORSZEM-BORSOD-ABAUJ-ZEMPLEN,KSH_COUNTY
03540,Kökény,Baranya,ORSZEM-BARANYA,KSH_COUNTY
03559,Balatonvilágos,Somogy,ORSZEM-SOMOGY,KSH_COUNTY
03568,Szentantalfa,Veszprém,ORSZEM-VESZPREM,KSH_COUNTY
03577,Géderlak,Bács-Kiskun,ORSZEM-BACS-KISKUN,KSH_COUNTY
03586,Szabolcsveresmart,Szabolcs-Szatmár-Bereg,ORSZEM-SZABOLCS-SZATMAR-BEREG,KSH_COUNTY
03595,Abaújszántó,Borsod-Abaúj-Zemplén,ORSZEM-BORSOD-ABAUJ-ZEMPLEN,KSH_COUNTY
03601,Sóly,Veszprém,ORSZEM-VESZPREM,KSH_COUNTY
03610,Malomsok,Veszprém,ORSZEM-VESZPREM,KSH_COUNTY
03629,Géberjén,Szabolcs-Szatmár-Bereg,ORSZEM-SZABOLCS-SZATMAR-BEREG,KSH_COUNTY
03638,Balatonhenye,Veszprém,ORSZEM-VESZPREM,KSH_COUNTY
03647,Döge,Szabolcs-Szatmár-Bereg,ORSZEM-SZABOLCS-SZATMAR-BEREG,KSH_COUNTY
03656,Bátmonostor,Bács-Kiskun,ORSZEM-BACS-KISKUN,KSH_COUNTY
03665,Cered,Nógrád,ORSZEM-NOGRAD,KSH_COUNTY
03674,Nemeskeresztúr,Vas,ORSZEM-VAS,KSH_COUNTY
03683,Magyarhomorog,Hajdú-Bihar,ORSZEM-HAJDU-BIHAR,KSH_COUNTY
03692,Mende,Pest,ORSZEM-PEST,KSH_COUNTY
03708,Taktabáj,Borsod-Abaúj-Zemplén,ORSZEM-BORSOD-ABAUJ-ZEMPLEN,KSH_COUNTY
03717,Tiszadorogma,Borsod-Abaúj-Zemplén,ORSZEM-BORSOD-ABAUJ-ZEMPLEN,KSH_COUNTY
03726,Zebecke,Zala,ORSZEM-ZALA,KSH_COUNTY
03735,Bárdudvarnok,Somogy,ORSZEM-SOMOGY,KSH_COUNTY
03744,Gagyvendégi,Borsod-Abaúj-Zemplén,ORSZEM-BORSOD-ABAUJ-ZEMPLEN,KSH_COUNTY
03753,Rábcakapi,Győr-Moson-Sopron,ORSZEM-GYOR-MOSON-SOPRON,KSH_COUNTY
03762,Kiskinizs,Borsod-Abaúj-Zemplén,ORSZEM-BORSOD-ABAUJ-ZEMPLEN,KSH_COUNTY
03771,Arnót,Borsod-Abaúj-Zemplén,ORSZEM-BORSOD-ABAUJ-ZEMPLEN,KSH_COUNTY
03780,Ócsárd,Baranya,ORSZEM-BARANYA,KSH_COUNTY
03799,Csákány,Somogy,ORSZEM-SOMOGY,KSH_COUNTY
03805,Szakáld,Borsod-Abaúj-Zemplén,ORSZEM-BORSOD-ABAUJ-ZEMPLEN,KSH_COUNTY
03814,Hévíz,Zala,ORSZEM-ZALA,KSH_COUNTY
03823,Ároktő,Borsod-Abaúj-Zemplén,ORSZEM-BORSOD-ABAUJ-ZEMPLEN,KSH_COUNTY
03832,Keszü,Baranya,ORSZEM-BARANYA,KSH_COUNTY
03841,Bokor,Nógrád,ORSZEM-NOGRAD,KSH_COUNTY
03850,Tiszabercel,Szabolcs-Szatmár-Bereg,ORSZEM-SZABOLCS-SZATMAR-BEREG,KSH_COUNTY
03869,Kistormás,Tolna,ORSZEM-TOLNA,KSH_COUNTY
03878,Nyírpilis,Szabolcs-Szatmár-Bereg,ORSZEM-SZABOLCS-SZATMAR-BEREG,KSH_COUNTY
03887,Szerecseny,Győr-Moson-Sopron,ORSZEM-GYOR-MOSON-SOPRON,KSH_COUNTY
03896,Cserkút,Baranya,ORSZEM-BARANYA,KSH_COUNTY
03902,Mád,Borsod-Abaúj-Zemplén,ORSZEM-BORSOD-ABAUJ-ZEMPLEN,KSH_COUNTY
03911,Csákánydoroszló,Vas,ORSZEM-VAS,KSH_COUNTY
03939,Cigánd,Borsod-Abaúj-Zemplén,ORSZEM-BORSOD-ABAUJ-ZEMPLEN,KSH_COUNTY
03948,Raposka,Veszprém,ORSZEM-VESZPREM,KSH_COUNTY
03957,Viszló,Borsod-Abaúj-Zemplén,ORSZEM-BORSOD-ABAUJ-ZEMPLEN,KSH_COUNTY
03966,Ruzsa,Csongrád-Csanád,ORSZEM-CSONGRAD-CSANAD,KSH_COUNTY
03975,Baksa,Baranya,ORSZEM-BARANYA,KSH_COUNTY
03984,Nagybudmér,Baranya,ORSZEM-BARANYA,KSH_COUNTY
03993,Héhalom,Nógrád,ORSZEM-NOGRAD,KSH_COUNTY
04002,Zalacsány,Zala,ORSZEM-ZALA,KSH_COUNTY
04011,Budapest 19. ker.,főváros,ORSZEM-BUDAPEST,KSH_COUNTY
04020,Himod,Győr-Moson-Sopron,ORSZEM-GYOR-MOSON-SOPRON,KSH_COUNTY
04039,Csorna,Győr-Moson-Sopron,ORSZEM-GYOR-MOSON-SOPRON,KSH_COUNTY
04048,Tófű,Baranya,ORSZEM-BARANYA,KSH_COUNTY
04057,Pécel,Pest,ORSZEM-PEST,KSH_COUNTY
04066,Küngös,Veszprém,ORSZEM-VESZPREM,KSH_COUNTY
04075,Ócsa,Pest,ORSZEM-PEST,KSH_COUNTY
04084,Hevesvezekény,Heves,ORSZEM-HEVES,KSH_COUNTY
04093,Helvécia,Bács-Kiskun,ORSZEM-BACS-KISKUN,KSH_COUNTY
04109,Dusnok,Bács-Kiskun,ORSZEM-BACS-KISKUN,KSH_COUNTY
04118,Hortobágy,Hajdú-Bihar,ORSZEM-HAJDU-BIHAR,KSH_COUNTY
04127,Som,Somogy,ORSZEM-SOMOGY,KSH_COUNTY
04136,Töttös,Baranya,ORSZEM-BARANYA,KSH_COUNTY
04145,Hort,Heves,ORSZEM-HEVES,KSH_COUNTY
04154,Tárnok,Pest,ORSZEM-PEST,KSH_COUNTY
04163,Bödeháza,Zala,ORSZEM-ZALA,KSH_COUNTY
04172,Tárnokréti,Győr-Moson-Sopron,ORSZEM-GYOR-MOSON-SOPRON,KSH_COUNTY
04181,Perőcsény,Pest,ORSZEM-PEST,KSH_COUNTY
04190,Köcsk,Vas,ORSZEM-VAS,KSH_COUNTY
04206,Mezőgyán,Békés,ORSZEM-BEKES,KSH_COUNTY
04215,Nyomár,Borsod-Abaúj-Zemplén,ORSZEM-BORSOD-ABAUJ-ZEMPLEN,KSH_COUNTY
04224,Csörötnek,Vas,ORSZEM-VAS,KSH_COUNTY
04233,Aszaló,Borsod-Abaúj-Zemplén,ORSZEM-BORSOD-ABAUJ-ZEMPLEN,KSH_COUNTY
04242,Nagykamarás,Békés,ORSZEM-BEKES,KSH_COUNTY
04251,Ecseg,Nógrád,ORSZEM-NOGRAD,KSH_COUNTY
04260,Mezőtúr,Jász-Nagykun-Szolnok,ORSZEM-JASZ-NAGYKUN-SZOLNOK,KSH_COUNTY
04279,Kamut,Békés,ORSZEM-BEKES,KSH_COUNTY
04288,Kispirit,Veszprém,ORSZEM-VESZPREM,KSH_COUNTY
04297,Kacsóta,Baranya,ORSZEM-BARANYA,KSH_COUNTY
04303,Püspökszilágy,Pest,ORSZEM-PEST,KSH_COUNTY
04312,Tarpa,Szabolcs-Szatmár-Bereg,ORSZEM-SZABOLCS-SZATMAR-BEREG,KSH_COUNTY
04321,Bodorfa,Veszprém,ORSZEM-VESZPREM,KSH_COUNTY
04330,Mátraszőlős,Nógrád,ORSZEM-NOGRAD,KSH_COUNTY
04349,Mórahalom,Csongrád-Csanád,ORSZEM-CSONGRAD-CSANAD,KSH_COUNTY
04358,Nógrád,Nógrád,ORSZEM-NOGRAD,KSH_COUNTY
04367,Bogyoszló,Győr-Moson-Sopron,ORSZEM-GYOR-MOSON-SOPRON,KSH_COUNTY
04376,Lázi,Győr-Moson-Sopron,ORSZEM-GYOR-MOSON-SOPRON,KSH_COUNTY
04385,Magyartelek,Baranya,ORSZEM-BARANYA,KSH_COUNTY
04394,Makád,Pest,ORSZEM-PEST,KSH_COUNTY
04400,Bekölce,Heves,ORSZEM-HEVES,KSH_COUNTY
04419,Nyésta,Borsod-Abaúj-Zemplén,ORSZEM-BORSOD-ABAUJ-ZEMPLEN,KSH_COUNTY
04428,Ács,Komárom-Esztergom,ORSZEM-KOMAROM-ESZTERGOM,KSH_COUNTY
04437,Udvar,Baranya,ORSZEM-BARANYA,KSH_COUNTY
04446,Tiszakerecseny,Szabolcs-Szatmár-Bereg,ORSZEM-SZABOLCS-SZATMAR-BEREG,KSH_COUNTY
04455,Nagylengyel,Zala,ORSZEM-ZALA,KSH_COUNTY
04464,Szakály,Tolna,ORSZEM-TOLNA,KSH_COUNTY
04473,Kányavár,Zala,ORSZEM-ZALA,KSH_COUNTY
04482,Oroszló,Baranya,ORSZEM-BARANYA,KSH_COUNTY
04491,Sényő,Szabolcs-Szatmár-Bereg,ORSZEM-SZABOLCS-SZATMAR-BEREG,KSH_COUNTY
04507,Szendehely,Nógrád,ORSZEM-NOGRAD,KSH_COUNTY
04516,Rózsafa,Baranya,ORSZEM-BARANYA,KSH_COUNTY
04525,Kecskéd,Komárom-Esztergom,ORSZEM-KOMAROM-ESZTERGOM,KSH_COUNTY
04534,Mindszentkálla,Veszprém,ORSZEM-VESZPREM,KSH_COUNTY
04543,Feked,Baranya,ORSZEM-BARANYA,KSH_COUNTY
04552,Litér,Veszprém,ORSZEM-VESZPREM,KSH_COUNTY
04561,Ábrahámhegy,Veszprém,ORSZEM-VESZPREM,KSH_COUNTY
04570,Márianosztra,Pest,ORSZEM-PEST,KSH_COUNTY
04589,Veszkény,Győr-Moson-Sopron,ORSZEM-GYOR-MOSON-SOPRON,KSH_COUNTY
04598,Kereki,Somogy,ORSZEM-SOMOGY,KSH_COUNTY
04604,Hejőkeresztúr,Borsod-Abaúj-Zemplén,ORSZEM-BORSOD-ABAUJ-ZEMPLEN,KSH_COUNTY
04613,Gelénes,Szabolcs-Szatmár-Bereg,ORSZEM-SZABOLCS-SZATMAR-BEREG,KSH_COUNTY
04622,Zsira,Győr-Moson-Sopron,ORSZEM-GYOR-MOSON-SOPRON,KSH_COUNTY
04631,Tüskevár,Veszprém,ORSZEM-VESZPREM,KSH_COUNTY
04640,Kám,Vas,ORSZEM-VAS,KSH_COUNTY
04659,Martonvásár,Fejér,ORSZEM-FEJER,KSH_COUNTY
04668,Mihályháza,Veszprém,ORSZEM-VESZPREM,KSH_COUNTY
04677,Emőd,Borsod-Abaúj-Zemplén,ORSZEM-BORSOD-ABAUJ-ZEMPLEN,KSH_COUNTY
04686,Dédestapolcsány,Borsod-Abaúj-Zemplén,ORSZEM-BORSOD-ABAUJ-ZEMPLEN,KSH_COUNTY
04695,Vasvár,Vas,ORSZEM-VAS,KSH_COUNTY
04701,Iregszemcse,Tolna,ORSZEM-TOLNA,KSH_COUNTY
04710,Nagyar,Szabolcs-Szatmár-Bereg,ORSZEM-SZABOLCS-SZATMAR-BEREG,KSH_COUNTY
04729,Sály,Borsod-Abaúj-Zemplén,ORSZEM-BORSOD-ABAUJ-ZEMPLEN,KSH_COUNTY
04738,Bak,Zala,ORSZEM-ZALA,KSH_COUNTY
04747,Sárpilis,Tolna,ORSZEM-TOLNA,KSH_COUNTY
04756,Misefa,Zala,ORSZEM-ZALA,KSH_COUNTY
04765,Borszörcsök,Veszprém,ORSZEM-VESZPREM,KSH_COUNTY
04774,Szakoly,Szabolcs-Szatmár-Bereg,ORSZEM-SZABOLCS-SZATMAR-BEREG,KSH_COUNTY
04783,Mosonmagyaróvár,Győr-Moson-Sopron,ORSZEM-GYOR-MOSON-SOPRON,KSH_COUNTY
04792,Rábacsanak,Győr-Moson-Sopron,ORSZEM-GYOR-MOSON-SOPRON,KSH_COUNTY
04808,Domony,Pest,ORSZEM-PEST,KSH_COUNTY
04817,Zsáka,Hajdú-Bihar,ORSZEM-HAJDU-BIHAR,KSH_COUNTY
04826,Kisgyalán,Somogy,ORSZEM-SOMOGY,KSH_COUNTY
04835,Somogyzsitfa,Somogy,ORSZEM-SOMOGY,KSH_COUNTY
04844,Terény,Nógrád,ORSZEM-NOGRAD,KSH_COUNTY
04853,Somogyudvarhely,Somogy,ORSZEM-SOMOGY,KSH_COUNTY
04862,Paks,Tolna,ORSZEM-TOLNA,KSH_COUNTY
04871,Litke,Nógrád,ORSZEM-NOGRAD,KSH_COUNTY
04880,Ágfalva,Győr-Moson-Sopron,ORSZEM-GYOR-MOSON-SOPRON,KSH_COUNTY
04899,Bikal,Baranya,ORSZEM-BARANYA,KSH_COUNTY
04905,Pócsmegyer,Pest,ORSZEM-PEST,KSH_COUNTY
04914,Trizs,Borsod-Abaúj-Zemplén,ORSZEM-BORSOD-ABAUJ-ZEMPLEN,KSH_COUNTY
04923,Karcag,Jász-Nagykun-Szolnok,ORSZEM-JASZ-NAGYKUN-SZOLNOK,KSH_COUNTY
04932,Taszár,Somogy,ORSZEM-SOMOGY,KSH_COUNTY
04950,Ortaháza,Zala,ORSZEM-ZALA,KSH_COUNTY
04969,Tormafölde,Zala,ORSZEM-ZALA,KSH_COUNTY
04978,Ipolytölgyes,Pest,ORSZEM-PEST,KSH_COUNTY
04987,Megyer,Veszprém,ORSZEM-VESZPREM,KSH_COUNTY
04996,Garbolc,Szabolcs-Szatmár-Bereg,ORSZEM-SZABOLCS-SZATMAR-BEREG,KSH_COUNTY
05005,Irota,Borsod-Abaúj-Zemplén,ORSZEM-BORSOD-ABAUJ-ZEMPLEN,KSH_COUNTY
05014,Vének,Győr-Moson-Sopron,ORSZEM-GYOR-MOSON-SOPRON,KSH_COUNTY
05023,Bozsok,Vas,ORSZEM-VAS,KSH_COUNTY
05032,Gyula,Békés,ORSZEM-BEKES,KSH_COUNTY
05041,Nyírderzs,Szabolcs-Szatmár-Bereg,ORSZEM-SZABOLCS-SZATMAR-BEREG,KSH_COUNTY
05050,Csitár,Nógrád,ORSZEM-NOGRAD,KSH_COUNTY
05069,Györgytarló,Borsod-Abaúj-Zemplén,ORSZEM-BORSOD-ABAUJ-ZEMPLEN,KSH_COUNTY
05078,Rinyabesenyő,Somogy,ORSZEM-SOMOGY,KSH_COUNTY
05087,Lovászpatona,Veszprém,ORSZEM-VESZPREM,KSH_COUNTY
05096,Viss,Borsod-Abaúj-Zemplén,ORSZEM-BORSOD-ABAUJ-ZEMPLEN,KSH_COUNTY
05102,Balogunyom,Vas,ORSZEM-VAS,KSH_COUNTY
05111,Csongrád,Csongrád-Csanád,ORSZEM-CSONGRAD-CSANAD,KSH_COUNTY
05120,Sátoraljaújhely,Borsod-Abaúj-Zemplén,ORSZEM-BORSOD-ABAUJ-ZEMPLEN,KSH_COUNTY
05139,Birján,Baranya,ORSZEM-BARANYA,KSH_COUNTY
05148,Balatonkenese,Veszprém,ORSZEM-VESZPREM,KSH_COUNTY
05157,Somlójenő,Veszprém,ORSZEM-VESZPREM,KSH_COUNTY
05166,Tömörd,Vas,ORSZEM-VAS,KSH_COUNTY
05175,Hajdúszoboszló,Hajdú-Bihar,ORSZEM-HAJDU-BIHAR,KSH_COUNTY
05184,Csemő,Pest,ORSZEM-PEST,KSH_COUNTY
05193,Szorosad,Somogy,ORSZEM-SOMOGY,KSH_COUNTY
05209,Villánykövesd,Baranya,ORSZEM-BARANYA,KSH_COUNTY
05218,Nagygörbő,Zala,ORSZEM-ZALA,KSH_COUNTY
05227,Kisnémedi,Pest,ORSZEM-PEST,KSH_COUNTY
05236,Gyöngyös,Heves,ORSZEM-HEVES,KSH_COUNTY
05245,Nemesbikk,Borsod-Abaúj-Zemplén,ORSZEM-BORSOD-ABAUJ-ZEMPLEN,KSH_COUNTY
05254,Kuncsorba,Jász-Nagykun-Szolnok,ORSZEM-JASZ-NAGYKUN-SZOLNOK,KSH_COUNTY
05263,Karád,Somogy,ORSZEM-SOMOGY,KSH_COUNTY
05272,Kánya,Somogy,ORSZEM-SOMOGY,KSH_COUNTY
05281,Örkény,Pest,ORSZEM-PEST,KSH_COUNTY
05290,Pilisszántó,Pest,ORSZEM-PEST,KSH_COUNTY
05306,Bőcs,Borsod-Abaúj-Zemplén,ORSZEM-BORSOD-ABAUJ-ZEMPLEN,KSH_COUNTY
05315,Borsodnádasd,Borsod-Abaúj-Zemplén,ORSZEM-BORSOD-ABAUJ-ZEMPLEN,KSH_COUNTY
05324,Herencsény,Nógrád,ORSZEM-NOGRAD,KSH_COUNTY
05333,Csobád,Borsod-Abaúj-Zemplén,ORSZEM-BORSOD-ABAUJ-ZEMPLEN,KSH_COUNTY
05342,Tófej,Zala,ORSZEM-ZALA,KSH_COUNTY
05351,Kára,Somogy,ORSZEM-SOMOGY,KSH_COUNTY
05360,Csákberény,Fejér,ORSZEM-FEJER,KSH_COUNTY
05379,Csanádpalota,Csongrád-Csanád,ORSZEM-CSONGRAD-CSANAD,KSH_COUNTY
05388,Sümegprága,Veszprém,ORSZEM-VESZPREM,KSH_COUNTY
05397,Pusztaföldvár,Békés,ORSZEM-BEKES,KSH_COUNTY
05403,Babarc,Baranya,ORSZEM-BARANYA,KSH_COUNTY
05412,Magyarmecske,Baranya,ORSZEM-BARANYA,KSH_COUNTY
05421,Királyszentistván,Veszprém,ORSZEM-VESZPREM,KSH_COUNTY
05430,Magyarhertelend,Baranya,ORSZEM-BARANYA,KSH_COUNTY
05449,Komárom,Komárom-Esztergom,ORSZEM-KOMAROM-ESZTERGOM,KSH_COUNTY
05458,Kenézlő,Borsod-Abaúj-Zemplén,ORSZEM-BORSOD-ABAUJ-ZEMPLEN,KSH_COUNTY
05467,Budapest 04. ker.,főváros,ORSZEM-BUDAPEST,KSH_COUNTY
05476,Bő,Vas,ORSZEM-VAS,KSH_COUNTY
05485,Baranyaszentgyörgy,Baranya,ORSZEM-BARANYA,KSH_COUNTY
05494,Gadna,Borsod-Abaúj-Zemplén,ORSZEM-BORSOD-ABAUJ-ZEMPLEN,KSH_COUNTY
05500,Somogyaracs,Somogy,ORSZEM-SOMOGY,KSH_COUNTY
05519,Siklós,Baranya,ORSZEM-BARANYA,KSH_COUNTY
05528,Szörény,Baranya,ORSZEM-BARANYA,KSH_COUNTY
05537,Kallósd,Zala,ORSZEM-ZALA,KSH_COUNTY
05546,Zákányszék,Csongrád-Csanád,ORSZEM-CSONGRAD-CSANAD,KSH_COUNTY
05555,Nemeshany,Veszprém,ORSZEM-VESZPREM,KSH_COUNTY
05564,Lovas,Veszprém,ORSZEM-VESZPREM,KSH_COUNTY
05573,Derecske,Hajdú-Bihar,ORSZEM-HAJDU-BIHAR,KSH_COUNTY
05582,Nagycsécs,Borsod-Abaúj-Zemplén,ORSZEM-BORSOD-ABAUJ-ZEMPLEN,KSH_COUNTY
05591,Izsófalva,Borsod-Abaúj-Zemplén,ORSZEM-BORSOD-ABAUJ-ZEMPLEN,KSH_COUNTY
05607,Szederkény,Baranya,ORSZEM-BARANYA,KSH_COUNTY
05616,Hetefejércse,Szabolcs-Szatmár-Bereg,ORSZEM-SZABOLCS-SZATMAR-BEREG,KSH_COUNTY
05625,Révfülöp,Veszprém,ORSZEM-VESZPREM,KSH_COUNTY
05634,Káptalantóti,Veszprém,ORSZEM-VESZPREM,KSH_COUNTY
05643,Szilvásvárad,Heves,ORSZEM-HEVES,KSH_COUNTY
05652,Nemesgörzsöny,Veszprém,ORSZEM-VESZPREM,KSH_COUNTY
05661,Ozora,Tolna,ORSZEM-TOLNA,KSH_COUNTY
05670,Gégény,Szabolcs-Szatmár-Bereg,ORSZEM-SZABOLCS-SZATMAR-BEREG,KSH_COUNTY
05689,Mezőkomárom,Fejér,ORSZEM-FEJER,KSH_COUNTY
05698,Váckisújfalu,Pest,ORSZEM-PEST,KSH_COUNTY
05704,Pethőhenye,Zala,ORSZEM-ZALA,KSH_COUNTY
05713,Harasztifalu,Vas,ORSZEM-VAS,KSH_COUNTY
05722,Kisbeszterce,Baranya,ORSZEM-BARANYA,KSH_COUNTY
05731,Gerjen,Tolna,ORSZEM-TOLNA,KSH_COUNTY
05740,Kőszegdoroszló,Vas,ORSZEM-VAS,KSH_COUNTY
05759,Vécs,Heves,ORSZEM-HEVES,KSH_COUNTY
05768,Létavértes,Hajdú-Bihar,ORSZEM-HAJDU-BIHAR,KSH_COUNTY
05777,Szászberek,Jász-Nagykun-Szolnok,ORSZEM-JASZ-NAGYKUN-SZOLNOK,KSH_COUNTY
05786,Ladánybene,Bács-Kiskun,ORSZEM-BACS-KISKUN,KSH_COUNTY
05795,Cserkeszőlő,Jász-Nagykun-Szolnok,ORSZEM-JASZ-NAGYKUN-SZOLNOK,KSH_COUNTY
05801,Gávavencsellő,Szabolcs-Szatmár-Bereg,ORSZEM-SZABOLCS-SZATMAR-BEREG,KSH_COUNTY
05810,Szőkedencs,Somogy,ORSZEM-SOMOGY,KSH_COUNTY
05829,Vál,Fejér,ORSZEM-FEJER,KSH_COUNTY
05838,Balatonalmádi,Veszprém,ORSZEM-VESZPREM,KSH_COUNTY
05847,Harsány,Borsod-Abaúj-Zemplén,ORSZEM-BORSOD-ABAUJ-ZEMPLEN,KSH_COUNTY
05856,Kunadacs,Bács-Kiskun,ORSZEM-BACS-KISKUN,KSH_COUNTY
05865,Egerlövő,Borsod-Abaúj-Zemplén,ORSZEM-BORSOD-ABAUJ-ZEMPLEN,KSH_COUNTY
05874,Szajol,Jász-Nagykun-Szolnok,ORSZEM-JASZ-NAGYKUN-SZOLNOK,KSH_COUNTY
05883,Palotás,Nógrád,ORSZEM-NOGRAD,KSH_COUNTY
05892,Vokány,Baranya,ORSZEM-BARANYA,KSH_COUNTY
05917,Vácduka,Pest,ORSZEM-PEST,KSH_COUNTY
05926,Bódvaszilas,Borsod-Abaúj-Zemplén,ORSZEM-BORSOD-ABAUJ-ZEMPLEN,KSH_COUNTY
05935,Karácsond,Heves,ORSZEM-HEVES,KSH_COUNTY
05944,Bakonyszentlászló,Győr-Moson-Sopron,ORSZEM-GYOR-MOSON-SOPRON,KSH_COUNTY
05953,Kissomlyó,Vas,ORSZEM-VAS,KSH_COUNTY
05962,Magyarcsanád,Csongrád-Csanád,ORSZEM-CSONGRAD-CSANAD,KSH_COUNTY
05971,Csokonyavisonta,Somogy,ORSZEM-SOMOGY,KSH_COUNTY
05980,Egyházasgerge,Nógrád,ORSZEM-NOGRAD,KSH_COUNTY
05999,Kárász,Baranya,ORSZEM-BARANYA,KSH_COUNTY
06008,Zamárdi,Somogy,ORSZEM-SOMOGY,KSH_COUNTY
06017,Magyarkeszi,Tolna,ORSZEM-TOLNA,KSH_COUNTY
06026,Budapest 20. ker.,főváros,ORSZEM-BUDAPEST,KSH_COUNTY
06035,Felsőpakony,Pest,ORSZEM-PEST,KSH_COUNTY
06044,Kunbaja,Bács-Kiskun,ORSZEM-BACS-KISKUN,KSH_COUNTY
06053,Ragály,Borsod-Abaúj-Zemplén,ORSZEM-BORSOD-ABAUJ-ZEMPLEN,KSH_COUNTY
06062,Újpetre,Baranya,ORSZEM-BARANYA,KSH_COUNTY
06071,Keménfa,Zala,ORSZEM-ZALA,KSH_COUNTY
06080,Ádánd,Somogy,ORSZEM-SOMOGY,KSH_COUNTY
06099,Ellend,Baranya,ORSZEM-BARANYA,KSH_COUNTY
06105,Kálmáncsa,Somogy,ORSZEM-SOMOGY,KSH_COUNTY
06114,Füle,Fejér,ORSZEM-FEJER,KSH_COUNTY
06123,Dövény,Borsod-Abaúj-Zemplén,ORSZEM-BORSOD-ABAUJ-ZEMPLEN,KSH_COUNTY
06132,Csapi,Zala,ORSZEM-ZALA,KSH_COUNTY
06141,Patalom,Somogy,ORSZEM-SOMOGY,KSH_COUNTY
06169,Nemesapáti,Zala,ORSZEM-ZALA,KSH_COUNTY
06178,Eszteregnye,Zala,ORSZEM-ZALA,KSH_COUNTY
06187,Nyíradony,Hajdú-Bihar,ORSZEM-HAJDU-BIHAR,KSH_COUNTY
06196,Barbacs,Győr-Moson-Sopron,ORSZEM-GYOR-MOSON-SOPRON,KSH_COUNTY
06202,Lakitelek,Bács-Kiskun,ORSZEM-BACS-KISKUN,KSH_COUNTY
06211,Hollád,Somogy,ORSZEM-SOMOGY,KSH_COUNTY
06220,Bodonhely,Győr-Moson-Sopron,ORSZEM-GYOR-MOSON-SOPRON,KSH_COUNTY
06239,Vadosfa,Győr-Moson-Sopron,ORSZEM-GYOR-MOSON-SOPRON,KSH_COUNTY
06248,Pinkamindszent,Vas,ORSZEM-VAS,KSH_COUNTY
06257,Zsadány,Békés,ORSZEM-BEKES,KSH_COUNTY
06266,Hosszúpályi,Hajdú-Bihar,ORSZEM-HAJDU-BIHAR,KSH_COUNTY
06275,Zajta,Szabolcs-Szatmár-Bereg,ORSZEM-SZABOLCS-SZATMAR-BEREG,KSH_COUNTY
06284,Pitvaros,Csongrád-Csanád,ORSZEM-CSONGRAD-CSANAD,KSH_COUNTY
06293,Újhartyán,Pest,ORSZEM-PEST,KSH_COUNTY
06309,Nagyrábé,Hajdú-Bihar,ORSZEM-HAJDU-BIHAR,KSH_COUNTY
06318,Nagyrév,Jász-Nagykun-Szolnok,ORSZEM-JASZ-NAGYKUN-SZOLNOK,KSH_COUNTY
06327,Bakonypölöske,Veszprém,ORSZEM-VESZPREM,KSH_COUNTY
06336,Kozármisleny,Baranya,ORSZEM-BARANYA,KSH_COUNTY
06345,Aldebrő,Heves,ORSZEM-HEVES,KSH_COUNTY
06354,Pusztamérges,Csongrád-Csanád,ORSZEM-CSONGRAD-CSANAD,KSH_COUNTY
06363,Dörgicse,Veszprém,ORSZEM-VESZPREM,KSH_COUNTY
06372,Pomáz,Pest,ORSZEM-PEST,KSH_COUNTY
06381,Tolmács,Nógrád,ORSZEM-NOGRAD,KSH_COUNTY
06390,Bozzai,Vas,ORSZEM-VAS,KSH_COUNTY
06406,Jákfa,Vas,ORSZEM-VAS,KSH_COUNTY
06415,Kákics,Baranya,ORSZEM-BARANYA,KSH_COUNTY
06424,Kaposszerdahely,Somogy,ORSZEM-SOMOGY,KSH_COUNTY
06433,Tiszadada,Szabolcs-Szatmár-Bereg,ORSZEM-SZABOLCS-SZATMAR-BEREG,KSH_COUNTY
06442,Kalocsa,Bács-Kiskun,ORSZEM-BACS-KISKUN,KSH_COUNTY
06451,Gamás,Somogy,ORSZEM-SOMOGY,KSH_COUNTY
06460,Füzérkajata,Borsod-Abaúj-Zemplén,ORSZEM-BORSOD-ABAUJ-ZEMPLEN,KSH_COUNTY
06479,Lapáncsa,Baranya,ORSZEM-BARANYA,KSH_COUNTY
06488,Nagyecsed,Szabolcs-Szatmár-Bereg,ORSZEM-SZABOLCS-SZATMAR-BEREG,KSH_COUNTY
06497,Bonyhád,Tolna,ORSZEM-TOLNA,KSH_COUNTY
06503,Átány,Heves,ORSZEM-HEVES,KSH_COUNTY
06512,Kismányok,Tolna,ORSZEM-TOLNA,KSH_COUNTY
06521,Gyermely,Komárom-Esztergom,ORSZEM-KOMAROM-ESZTERGOM,KSH_COUNTY
06530,Pusztamagyaród,Zala,ORSZEM-ZALA,KSH_COUNTY
06549,Vindornyalak,Zala,ORSZEM-ZALA,KSH_COUNTY
06558,Bölcske,Tolna,ORSZEM-TOLNA,KSH_COUNTY
06567,Sormás,Zala,ORSZEM-ZALA,KSH_COUNTY
06576,Mezőszentgyörgy,Fejér,ORSZEM-FEJER,KSH_COUNTY
06585,Gálosfa,Somogy,ORSZEM-SOMOGY,KSH_COUNTY
06594,Dömös,Komárom-Esztergom,ORSZEM-KOMAROM-ESZTERGOM,KSH_COUNTY
06600,Somogyszentpál,Somogy,ORSZEM-SOMOGY,KSH_COUNTY
06619,Börcs,Győr-Moson-Sopron,ORSZEM-GYOR-MOSON-SOPRON,KSH_COUNTY
06628,Szécsény,Nógrád,ORSZEM-NOGRAD,KSH_COUNTY
06637,Varsád,Tolna,ORSZEM-TOLNA,KSH_COUNTY
06646,Jobaháza,Győr-Moson-Sopron,ORSZEM-GYOR-MOSON-SOPRON,KSH_COUNTY
06655,Hejőbába,Borsod-Abaúj-Zemplén,ORSZEM-BORSOD-ABAUJ-ZEMPLEN,KSH_COUNTY
06664,Ete,Komárom-Esztergom,ORSZEM-KOMAROM-ESZTERGOM,KSH_COUNTY
06673,Ajka,Veszprém,ORSZEM-VESZPREM,KSH_COUNTY
06682,Aka,Komárom-Esztergom,ORSZEM-KOMAROM-ESZTERGOM,KSH_COUNTY
06691,Kazincbarcika,Borsod-Abaúj-Zemplén,ORSZEM-BORSOD-ABAUJ-ZEMPLEN,KSH_COUNTY
06707,Borsodivánka,Borsod-Abaúj-Zemplén,ORSZEM-BORSOD-ABAUJ-ZEMPLEN,KSH_COUNTY
06716,Nádasd,Vas,ORSZEM-VAS,KSH_COUNTY
06725,Borjád,Baranya,ORSZEM-BARANYA,KSH_COUNTY
06734,Csősz,Fejér,ORSZEM-FEJER,KSH_COUNTY
06743,Diósjenő,Nógrád,ORSZEM-NOGRAD,KSH_COUNTY
06761,Nagyszékely,Tolna,ORSZEM-TOLNA,KSH_COUNTY
06770,Markotabödöge,Győr-Moson-Sopron,ORSZEM-GYOR-MOSON-SOPRON,KSH_COUNTY
06789,Kemse,Baranya,ORSZEM-BARANYA,KSH_COUNTY
06798,Hidas,Baranya,ORSZEM-BARANYA,KSH_COUNTY
06804,Kötegyán,Békés,ORSZEM-BEKES,KSH_COUNTY
06813,Mágocs,Baranya,ORSZEM-BARANYA,KSH_COUNTY
06822,Csobánka,Pest,ORSZEM-PEST,KSH_COUNTY
06831,Kishajmás,Baranya,ORSZEM-BARANYA,KSH_COUNTY
06840,Sóskút,Pest,ORSZEM-PEST,KSH_COUNTY
06859,Törökbálint,Pest,ORSZEM-PEST,KSH_COUNTY
06868,Adorjás,Baranya,ORSZEM-BARANYA,KSH_COUNTY
06877,Visz,Somogy,ORSZEM-SOMOGY,KSH_COUNTY
06886,Aranyosgadány,Baranya,ORSZEM-BARANYA,KSH_COUNTY
06895,Kópháza,Győr-Moson-Sopron,ORSZEM-GYOR-MOSON-SOPRON,KSH_COUNTY
06901,Tengelic,Tolna,ORSZEM-TOLNA,KSH_COUNTY
06910,Bélavár,Somogy,ORSZEM-SOMOGY,KSH_COUNTY
06929,Bekecs,Borsod-Abaúj-Zemplén,ORSZEM-BORSOD-ABAUJ-ZEMPLEN,KSH_COUNTY
06938,Vállaj,Szabolcs-Szatmár-Bereg,ORSZEM-SZABOLCS-SZATMAR-BEREG,KSH_COUNTY
06947,Szokolya,Pest,ORSZEM-PEST,KSH_COUNTY
06956,Fehértó,Győr-Moson-Sopron,ORSZEM-GYOR-MOSON-SOPRON,KSH_COUNTY
06965,Katádfa,Baranya,ORSZEM-BARANYA,KSH_COUNTY
06974,Cserépfalu,Borsod-Abaúj-Zemplén,ORSZEM-BORSOD-ABAUJ-ZEMPLEN,KSH_COUNTY
06992,Kővágótöttös,Baranya,ORSZEM-BARANYA,KSH_COUNTY
07001,Nagykarácsony,Fejér,ORSZEM-FEJER,KSH_COUNTY
07010,Páprád,Baranya,ORSZEM-BARANYA,KSH_COUNTY
07029,Mucsi,Tolna,ORSZEM-TOLNA,KSH_COUNTY
07038,Lénárddaróc,Borsod-Abaúj-Zemplén,ORSZEM-BORSOD-ABAUJ-ZEMPLEN,KSH_COUNTY
07047,Baracs,Fejér,ORSZEM-FEJER,KSH_COUNTY
07056,Öreglak,Somogy,ORSZEM-SOMOGY,KSH_COUNTY
07065,Városlőd,Veszprém,ORSZEM-VESZPREM,KSH_COUNTY
07074,Vázsnok,Baranya,ORSZEM-BARANYA,KSH_COUNTY
07083,Tiszanána,Heves,ORSZEM-HEVES,KSH_COUNTY
07092,Szentbékkálla,Veszprém,ORSZEM-VESZPREM,KSH_COUNTY
07108,Tinnye,Pest,ORSZEM-PEST,KSH_COUNTY
07117,Balatonföldvár,Somogy,ORSZEM-SOMOGY,KSH_COUNTY
07126,Hetvehely,Baranya,ORSZEM-BARANYA,KSH_COUNTY
07135,Cserszegtomaj,Zala,ORSZEM-ZALA,KSH_COUNTY
07144,Piliscsaba,Pest,ORSZEM-PEST,KSH_COUNTY
07153,Palkonya,Baranya,ORSZEM-BARANYA,KSH_COUNTY
07162,Pácsony,Vas,ORSZEM-VAS,KSH_COUNTY
07171,Sorkifalud,Vas,ORSZEM-VAS,KSH_COUNTY
07180,Sarud,Heves,ORSZEM-HEVES,KSH_COUNTY
07199,Patak,Nógrád,ORSZEM-NOGRAD,KSH_COUNTY
07205,Újvárfalva,Somogy,ORSZEM-SOMOGY,KSH_COUNTY
07214,Acsád,Vas,ORSZEM-VAS,KSH_COUNTY
07223,Vadna,Borsod-Abaúj-Zemplén,ORSZEM-BORSOD-ABAUJ-ZEMPLEN,KSH_COUNTY
07232,Zalaszentlászló,Zala,ORSZEM-ZALA,KSH_COUNTY
07241,Apc,Heves,ORSZEM-HEVES,KSH_COUNTY
07250,Hosztót,Veszprém,ORSZEM-VESZPREM,KSH_COUNTY
07269,Lepsény,Fejér,ORSZEM-FEJER,KSH_COUNTY
07278,Püspökmolnári,Vas,ORSZEM-VAS,KSH_COUNTY
07287,Bakonykoppány,Veszprém,ORSZEM-VESZPREM,KSH_COUNTY
07296,Bögöte,Vas,ORSZEM-VAS,KSH_COUNTY
07302,Adásztevel,Veszprém,ORSZEM-VESZPREM,KSH_COUNTY
07311,Bokod,Komárom-Esztergom,ORSZEM-KOMAROM-ESZTERGOM,KSH_COUNTY
07320,Debercsény,Nógrád,ORSZEM-NOGRAD,KSH_COUNTY
07339,Aszófő,Veszprém,ORSZEM-VESZPREM,KSH_COUNTY
07348,Papkeszi,Veszprém,ORSZEM-VESZPREM,KSH_COUNTY
07357,Makó,Csongrád-Csanád,ORSZEM-CSONGRAD-CSANAD,KSH_COUNTY
07366,Szárász,Baranya,ORSZEM-BARANYA,KSH_COUNTY
07375,Balatonkeresztúr,Somogy,ORSZEM-SOMOGY,KSH_COUNTY
07384,Solymár,Pest,ORSZEM-PEST,KSH_COUNTY
07393,Gerendás,Békés,ORSZEM-BEKES,KSH_COUNTY
07409,Pásztó,Nógrád,ORSZEM-NOGRAD,KSH_COUNTY
07418,Kengyel,Jász-Nagykun-Szolnok,ORSZEM-JASZ-NAGYKUN-SZOLNOK,KSH_COUNTY
07427,Bazsi,Veszprém,ORSZEM-VESZPREM,KSH_COUNTY
07436,Parád,Heves,ORSZEM-HEVES,KSH_COUNTY
07445,Kocsord,Szabolcs-Szatmár-Bereg,ORSZEM-SZABOLCS-SZATMAR-BEREG,KSH_COUNTY
07463,Mérk,Szabolcs-Szatmár-Bereg,ORSZEM-SZABOLCS-SZATMAR-BEREG,KSH_COUNTY
07472,Berkesz,Szabolcs-Szatmár-Bereg,ORSZEM-SZABOLCS-SZATMAR-BEREG,KSH_COUNTY
07481,Győrújbarát,Győr-Moson-Sopron,ORSZEM-GYOR-MOSON-SOPRON,KSH_COUNTY
07490,Tószeg,Jász-Nagykun-Szolnok,ORSZEM-JASZ-NAGYKUN-SZOLNOK,KSH_COUNTY
07506,Lajoskomárom,Fejér,ORSZEM-FEJER,KSH_COUNTY
07515,Domoszló,Heves,ORSZEM-HEVES,KSH_COUNTY
07524,Drágszél,Bács-Kiskun,ORSZEM-BACS-KISKUN,KSH_COUNTY
07533,Bürüs,Baranya,ORSZEM-BARANYA,KSH_COUNTY
07542,Szentlőrinckáta,Pest,ORSZEM-PEST,KSH_COUNTY
07551,Rádóckölked,Vas,ORSZEM-VAS,KSH_COUNTY
07560,Garé,Baranya,ORSZEM-BARANYA,KSH_COUNTY
07579,Zalabaksa,Zala,ORSZEM-ZALA,KSH_COUNTY
07588,Felsőregmec,Borsod-Abaúj-Zemplén,ORSZEM-BORSOD-ABAUJ-ZEMPLEN,KSH_COUNTY
07597,Tiszavasvári,Szabolcs-Szatmár-Bereg,ORSZEM-SZABOLCS-SZATMAR-BEREG,KSH_COUNTY
07603,Bánfa,Baranya,ORSZEM-BARANYA,KSH_COUNTY
07612,Dunavecse,Bács-Kiskun,ORSZEM-BACS-KISKUN,KSH_COUNTY
07621,Alsótold,Nógrád,ORSZEM-NOGRAD,KSH_COUNTY
07630,Kömlőd,Komárom-Esztergom,ORSZEM-KOMAROM-ESZTERGOM,KSH_COUNTY
07649,Harka,Győr-Moson-Sopron,ORSZEM-GYOR-MOSON-SOPRON,KSH_COUNTY
07658,Nemeshetés,Zala,ORSZEM-ZALA,KSH_COUNTY
07667,Oszkó,Vas,ORSZEM-VAS,KSH_COUNTY
07676,Gyulaháza,Szabolcs-Szatmár-Bereg,ORSZEM-SZABOLCS-SZATMAR-BEREG,KSH_COUNTY
07685,Dombóvár,Tolna,ORSZEM-TOLNA,KSH_COUNTY
07694,Szőkéd,Baranya,ORSZEM-BARANYA,KSH_COUNTY
07700,Szepetnek,Zala,ORSZEM-ZALA,KSH_COUNTY
07719,Dámóc,Borsod-Abaúj-Zemplén,ORSZEM-BORSOD-ABAUJ-ZEMPLEN,KSH_COUNTY
07728,Kunbaracs,Bács-Kiskun,ORSZEM-BACS-KISKUN,KSH_COUNTY
07737,Merenye,Baranya,ORSZEM-BARANYA,KSH_COUNTY
07746,Répcevis,Győr-Moson-Sopron,ORSZEM-GYOR-MOSON-SOPRON,KSH_COUNTY
07755,Óföldeák,Csongrád-Csanád,ORSZEM-CSONGRAD-CSANAD,KSH_COUNTY
07764,Kánó,Borsod-Abaúj-Zemplén,ORSZEM-BORSOD-ABAUJ-ZEMPLEN,KSH_COUNTY
07773,Dencsháza,Baranya,ORSZEM-BARANYA,KSH_COUNTY
07782,Döbröce,Zala,ORSZEM-ZALA,KSH_COUNTY
07807,Isaszeg,Pest,ORSZEM-PEST,KSH_COUNTY
07816,Kisbodak,Győr-Moson-Sopron,ORSZEM-GYOR-MOSON-SOPRON,KSH_COUNTY
07825,Monok,Borsod-Abaúj-Zemplén,ORSZEM-BORSOD-ABAUJ-ZEMPLEN,KSH_COUNTY
07834,Derekegyház,Csongrád-Csanád,ORSZEM-CSONGRAD-CSANAD,KSH_COUNTY
07843,Jánkmajtis,Szabolcs-Szatmár-Bereg,ORSZEM-SZABOLCS-SZATMAR-BEREG,KSH_COUNTY
07852,Tiszaszőlős,Jász-Nagykun-Szolnok,ORSZEM-JASZ-NAGYKUN-SZOLNOK,KSH_COUNTY
07861,Dunapataj,Bács-Kiskun,ORSZEM-BACS-KISKUN,KSH_COUNTY
07870,Szigetcsép,Pest,ORSZEM-PEST,KSH_COUNTY
07889,Szőlősardó,Borsod-Abaúj-Zemplén,ORSZEM-BORSOD-ABAUJ-ZEMPLEN,KSH_COUNTY
07898,Halimba,Veszprém,ORSZEM-VESZPREM,KSH_COUNTY
07904,Nyírcsaholy,Szabolcs-Szatmár-Bereg,ORSZEM-SZABOLCS-SZATMAR-BEREG,KSH_COUNTY
07913,Nemesdéd,Somogy,ORSZEM-SOMOGY,KSH_COUNTY
07922,Szentgál,Veszprém,ORSZEM-VESZPREM,KSH_COUNTY
07931,Kisapáti,Veszprém,ORSZEM-VESZPREM,KSH_COUNTY
07940,Viszák,Vas,ORSZEM-VAS,KSH_COUNTY
07959,Szilaspogony,Nógrád,ORSZEM-NOGRAD,KSH_COUNTY
07968,Murarátka,Zala,ORSZEM-ZALA,KSH_COUNTY
07977,Ispánk,Vas,ORSZEM-VAS,KSH_COUNTY
07986,Bucsuta,Zala,ORSZEM-ZALA,KSH_COUNTY
07995,Lövőpetri,Szabolcs-Szatmár-Bereg,ORSZEM-SZABOLCS-SZATMAR-BEREG,KSH_COUNTY
08004,Hét,Borsod-Abaúj-Zemplén,ORSZEM-BORSOD-ABAUJ-ZEMPLEN,KSH_COUNTY
08013,Felsőjánosfa,Vas,ORSZEM-VAS,KSH_COUNTY
08022,Bükkszentkereszt,Borsod-Abaúj-Zemplén,ORSZEM-BORSOD-ABAUJ-ZEMPLEN,KSH_COUNTY
08040,Csoma,Somogy,ORSZEM-SOMOGY,KSH_COUNTY
08059,Nemesszentandrás,Zala,ORSZEM-ZALA,KSH_COUNTY
08068,Gellénháza,Zala,ORSZEM-ZALA,KSH_COUNTY
08077,Szendrő,Borsod-Abaúj-Zemplén,ORSZEM-BORSOD-ABAUJ-ZEMPLEN,KSH_COUNTY
08086,Ináncs,Borsod-Abaúj-Zemplén,ORSZEM-BORSOD-ABAUJ-ZEMPLEN,KSH_COUNTY
08095,Imrehegy,Bács-Kiskun,ORSZEM-BACS-KISKUN,KSH_COUNTY
08101,Sárhida,Zala,ORSZEM-ZALA,KSH_COUNTY
08110,Kórós,Baranya,ORSZEM-BARANYA,KSH_COUNTY
08129,Sajóörös,Borsod-Abaúj-Zemplén,ORSZEM-BORSOD-ABAUJ-ZEMPLEN,KSH_COUNTY
08138,Várad,Baranya,ORSZEM-BARANYA,KSH_COUNTY
08147,Szászfa,Borsod-Abaúj-Zemplén,ORSZEM-BORSOD-ABAUJ-ZEMPLEN,KSH_COUNTY
08156,Drégelypalánk,Nógrád,ORSZEM-NOGRAD,KSH_COUNTY
08165,Tard,Borsod-Abaúj-Zemplén,ORSZEM-BORSOD-ABAUJ-ZEMPLEN,KSH_COUNTY
08174,Felsőberecki,Borsod-Abaúj-Zemplén,ORSZEM-BORSOD-ABAUJ-ZEMPLEN,KSH_COUNTY
08183,Vése,Somogy,ORSZEM-SOMOGY,KSH_COUNTY
08192,Bordány,Csongrád-Csanád,ORSZEM-CSONGRAD-CSANAD,KSH_COUNTY
08208,Budapest 16. ker.,főváros,ORSZEM-BUDAPEST,KSH_COUNTY
08217,Alsótelekes,Borsod-Abaúj-Zemplén,ORSZEM-BORSOD-ABAUJ-ZEMPLEN,KSH_COUNTY
08226,Hegyhátszentpéter,Vas,ORSZEM-VAS,KSH_COUNTY
08244,Nagyszénás,Békés,ORSZEM-BEKES,KSH_COUNTY
08253,Klárafalva,Csongrád-Csanád,ORSZEM-CSONGRAD-CSANAD,KSH_COUNTY
08262,Nagygyimót,Veszprém,ORSZEM-VESZPREM,KSH_COUNTY
08271,Cák,Vas,ORSZEM-VAS,KSH_COUNTY
08280,Telki,Pest,ORSZEM-PEST,KSH_COUNTY
08299,Bakonya,Baranya,ORSZEM-BARANYA,KSH_COUNTY
08305,Bócsa,Bács-Kiskun,ORSZEM-BACS-KISKUN,KSH_COUNTY
08314,Hódmezővásárhely,Csongrád-Csanád,ORSZEM-CSONGRAD-CSANAD,KSH_COUNTY
08323,Gyöngyöspata,Heves,ORSZEM-HEVES,KSH_COUNTY
08332,Táborfalva,Pest,ORSZEM-PEST,KSH_COUNTY
08341,Okorvölgy,Baranya,ORSZEM-BARANYA,KSH_COUNTY
08350,Harkakötöny,Bács-Kiskun,ORSZEM-BACS-KISKUN,KSH_COUNTY
08369,Vöckönd,Zala,ORSZEM-ZALA,KSH_COUNTY
08378,Jászszentlászló,Bács-Kiskun,ORSZEM-BACS-KISKUN,KSH_COUNTY
08387,Nógrádsáp,Nógrád,ORSZEM-NOGRAD,KSH_COUNTY
08396,Boldva,Borsod-Abaúj-Zemplén,ORSZEM-BORSOD-ABAUJ-ZEMPLEN,KSH_COUNTY
08402,Regéc,Borsod-Abaúj-Zemplén,ORSZEM-BORSOD-ABAUJ-ZEMPLEN,KSH_COUNTY
08411,Kastélyosdombó,Somogy,ORSZEM-SOMOGY,KSH_COUNTY
08420,Napkor,Szabolcs-Szatmár-Bereg,ORSZEM-SZABOLCS-SZATMAR-BEREG,KSH_COUNTY
08439,Bánokszentgyörgy,Zala,ORSZEM-ZALA,KSH_COUNTY
08448,Értény,Tolna,ORSZEM-TOLNA,KSH_COUNTY
08457,Pilisszentlászló,Pest,ORSZEM-PEST,KSH_COUNTY
08466,Beloiannisz,Fejér,ORSZEM-FEJER,KSH_COUNTY
08475,Szajk,Baranya,ORSZEM-BARANYA,KSH_COUNTY
08484,Szentistvánbaksa,Borsod-Abaúj-Zemplén,ORSZEM-BORSOD-ABAUJ-ZEMPLEN,KSH_COUNTY
08493,Csenyéte,Borsod-Abaúj-Zemplén,ORSZEM-BORSOD-ABAUJ-ZEMPLEN,KSH_COUNTY
08509,Kishódos,Szabolcs-Szatmár-Bereg,ORSZEM-SZABOLCS-SZATMAR-BEREG,KSH_COUNTY
08518,Sopron,Győr-Moson-Sopron,ORSZEM-GYOR-MOSON-SOPRON,KSH_COUNTY
08527,Sirok,Heves,ORSZEM-HEVES,KSH_COUNTY
08536,Szany,Győr-Moson-Sopron,ORSZEM-GYOR-MOSON-SOPRON,KSH_COUNTY
08545,Őrbottyán,Pest,ORSZEM-PEST,KSH_COUNTY
08554,Tiszakanyár,Szabolcs-Szatmár-Bereg,ORSZEM-SZABOLCS-SZATMAR-BEREG,KSH_COUNTY
08563,Csapod,Győr-Moson-Sopron,ORSZEM-GYOR-MOSON-SOPRON,KSH_COUNTY
08572,Kétújfalu,Baranya,ORSZEM-BARANYA,KSH_COUNTY
08581,Baracska,Fejér,ORSZEM-FEJER,KSH_COUNTY
08590,Tab,Somogy,ORSZEM-SOMOGY,KSH_COUNTY
08606,Sikátor,Győr-Moson-Sopron,ORSZEM-GYOR-MOSON-SOPRON,KSH_COUNTY
08615,Szentliszló,Zala,ORSZEM-ZALA,KSH_COUNTY
08624,Bársonyos,Komárom-Esztergom,ORSZEM-KOMAROM-ESZTERGOM,KSH_COUNTY
08633,Tiszapalkonya,Borsod-Abaúj-Zemplén,ORSZEM-BORSOD-ABAUJ-ZEMPLEN,KSH_COUNTY
08642,Kálló,Nógrád,ORSZEM-NOGRAD,KSH_COUNTY
08651,Kisszentmárton,Baranya,ORSZEM-BARANYA,KSH_COUNTY
08660,Demjén,Heves,ORSZEM-HEVES,KSH_COUNTY
08679,Öregcsertő,Bács-Kiskun,ORSZEM-BACS-KISKUN,KSH_COUNTY
08688,Süttő,Komárom-Esztergom,ORSZEM-KOMAROM-ESZTERGOM,KSH_COUNTY
08697,Bácsszentgyörgy,Bács-Kiskun,ORSZEM-BACS-KISKUN,KSH_COUNTY
08703,Büssü,Somogy,ORSZEM-SOMOGY,KSH_COUNTY
08712,Jobbágyi,Nógrád,ORSZEM-NOGRAD,KSH_COUNTY
08721,Győrasszonyfa,Győr-Moson-Sopron,ORSZEM-GYOR-MOSON-SOPRON,KSH_COUNTY
08730,Bakonycsernye,Fejér,ORSZEM-FEJER,KSH_COUNTY
08749,Karakószörcsök,Veszprém,ORSZEM-VESZPREM,KSH_COUNTY
08758,Tát,Komárom-Esztergom,ORSZEM-KOMAROM-ESZTERGOM,KSH_COUNTY
08767,Alsószenterzsébet,Zala,ORSZEM-ZALA,KSH_COUNTY
08776,Ajak,Szabolcs-Szatmár-Bereg,ORSZEM-SZABOLCS-SZATMAR-BEREG,KSH_COUNTY
08785,Újsolt,Bács-Kiskun,ORSZEM-BACS-KISKUN,KSH_COUNTY
08794,Tiszakóród,Szabolcs-Szatmár-Bereg,ORSZEM-SZABOLCS-SZATMAR-BEREG,KSH_COUNTY
08800,Siklósnagyfalu,Baranya,ORSZEM-BARANYA,KSH_COUNTY
08819,Felsőszentmárton,Baranya,ORSZEM-BARANYA,KSH_COUNTY
08828,Teskánd,Zala,ORSZEM-ZALA,KSH_COUNTY
08837,Háromfa,Somogy,ORSZEM-SOMOGY,KSH_COUNTY
08846,Baskó,Borsod-Abaúj-Zemplén,ORSZEM-BORSOD-ABAUJ-ZEMPLEN,KSH_COUNTY
08855,Karancskeszi,Nógrád,ORSZEM-NOGRAD,KSH_COUNTY
08864,Bátaszék,Tolna,ORSZEM-TOLNA,KSH_COUNTY
08873,Apátistvánfalva,Vas,ORSZEM-VAS,KSH_COUNTY
08882,Peresznye,Vas,ORSZEM-VAS,KSH_COUNTY
08891,Biatorbágy,Pest,ORSZEM-PEST,KSH_COUNTY
08907,Nagykereki,Hajdú-Bihar,ORSZEM-HAJDU-BIHAR,KSH_COUNTY
08916,Magyarföld,Zala,ORSZEM-ZALA,KSH_COUNTY
08925,Adony,Fejér,ORSZEM-FEJER,KSH_COUNTY
08934,Vámosoroszi,Szabolcs-Szatmár-Bereg,ORSZEM-SZABOLCS-SZATMAR-BEREG,KSH_COUNTY
08943,Körösszegapáti,Hajdú-Bihar,ORSZEM-HAJDU-BIHAR,KSH_COUNTY
08952,Tiborszállás,Szabolcs-Szatmár-Bereg,ORSZEM-SZABOLCS-SZATMAR-BEREG,KSH_COUNTY
08961,Őcsény,Tolna,ORSZEM-TOLNA,KSH_COUNTY
08970,Sajósenye,Borsod-Abaúj-Zemplén,ORSZEM-BORSOD-ABAUJ-ZEMPLEN,KSH_COUNTY
08989,Vámospércs,Hajdú-Bihar,ORSZEM-HAJDU-BIHAR,KSH_COUNTY
08998,Túrricse,Szabolcs-Szatmár-Bereg,ORSZEM-SZABOLCS-SZATMAR-BEREG,KSH_COUNTY
09007,Szalatnak,Baranya,ORSZEM-BARANYA,KSH_COUNTY
09016,Monaj,Borsod-Abaúj-Zemplén,ORSZEM-BORSOD-ABAUJ-ZEMPLEN,KSH_COUNTY
09025,Őr,Szabolcs-Szatmár-Bereg,ORSZEM-SZABOLCS-SZATMAR-BEREG,KSH_COUNTY
09034,Berkenye,Nógrád,ORSZEM-NOGRAD,KSH_COUNTY
09043,Szente,Nógrád,ORSZEM-NOGRAD,KSH_COUNTY
09052,Tarnaszentmária,Heves,ORSZEM-HEVES,KSH_COUNTY
09061,Rápolt,Szabolcs-Szatmár-Bereg,ORSZEM-SZABOLCS-SZATMAR-BEREG,KSH_COUNTY
09070,Csénye,Vas,ORSZEM-VAS,KSH_COUNTY
09089,Gelsesziget,Zala,ORSZEM-ZALA,KSH_COUNTY
09098,Kaposfő,Somogy,ORSZEM-SOMOGY,KSH_COUNTY
09104,Vácszentlászló,Pest,ORSZEM-PEST,KSH_COUNTY
09113,Tiszaeszlár,Szabolcs-Szatmár-Bereg,ORSZEM-SZABOLCS-SZATMAR-BEREG,KSH_COUNTY
09122,Farmos,Pest,ORSZEM-PEST,KSH_COUNTY
09131,Bag,Pest,ORSZEM-PEST,KSH_COUNTY
09140,Lórév,Pest,ORSZEM-PEST,KSH_COUNTY
09159,Drávakeresztúr,Baranya,ORSZEM-BARANYA,KSH_COUNTY
09168,Belezna,Zala,ORSZEM-ZALA,KSH_COUNTY
09177,Gige,Somogy,ORSZEM-SOMOGY,KSH_COUNTY
09186,Dunaszekcső,Baranya,ORSZEM-BARANYA,KSH_COUNTY
09195,Vásárosmiske,Vas,ORSZEM-VAS,KSH_COUNTY
09201,Detk,Heves,ORSZEM-HEVES,KSH_COUNTY
09210,Földeák,Csongrád-Csanád,ORSZEM-CSONGRAD-CSANAD,KSH_COUNTY
09229,Tokorcs,Vas,ORSZEM-VAS,KSH_COUNTY
09238,Nyírgyulaj,Szabolcs-Szatmár-Bereg,ORSZEM-SZABOLCS-SZATMAR-BEREG,KSH_COUNTY
09247,Dabas,Pest,ORSZEM-PEST,KSH_COUNTY
09256,Nyírtét,Szabolcs-Szatmár-Bereg,ORSZEM-SZABOLCS-SZATMAR-BEREG,KSH_COUNTY
09265,Kisvárda,Szabolcs-Szatmár-Bereg,ORSZEM-SZABOLCS-SZATMAR-BEREG,KSH_COUNTY
09274,Varászló,Somogy,ORSZEM-SOMOGY,KSH_COUNTY
09283,Nagygeresd,Vas,ORSZEM-VAS,KSH_COUNTY
09292,Gecse,Veszprém,ORSZEM-VESZPREM,KSH_COUNTY
09308,Szemely,Baranya,ORSZEM-BARANYA,KSH_COUNTY
09317,Révleányvár,Borsod-Abaúj-Zemplén,ORSZEM-BORSOD-ABAUJ-ZEMPLEN,KSH_COUNTY
09326,Jágónak,Tolna,ORSZEM-TOLNA,KSH_COUNTY
09344,Kiskőrös,Bács-Kiskun,ORSZEM-BACS-KISKUN,KSH_COUNTY
09353,Aranyosapáti,Szabolcs-Szatmár-Bereg,ORSZEM-SZABOLCS-SZATMAR-BEREG,KSH_COUNTY
09362,Aggtelek,Borsod-Abaúj-Zemplén,ORSZEM-BORSOD-ABAUJ-ZEMPLEN,KSH_COUNTY
09371,Pálfa,Tolna,ORSZEM-TOLNA,KSH_COUNTY
09380,Zalaújlak,Zala,ORSZEM-ZALA,KSH_COUNTY
09399,Hernádcéce,Borsod-Abaúj-Zemplén,ORSZEM-BORSOD-ABAUJ-ZEMPLEN,KSH_COUNTY
09405,Tápióság,Pest,ORSZEM-PEST,KSH_COUNTY
09414,Várdomb,Tolna,ORSZEM-TOLNA,KSH_COUNTY
09423,Tiszaadony,Szabolcs-Szatmár-Bereg,ORSZEM-SZABOLCS-SZATMAR-BEREG,KSH_COUNTY
09432,Ecsegfalva,Békés,ORSZEM-BEKES,KSH_COUNTY
09441,Gomba,Pest,ORSZEM-PEST,KSH_COUNTY
09450,Márfa,Baranya,ORSZEM-BARANYA,KSH_COUNTY
09469,Jánoshalma,Bács-Kiskun,ORSZEM-BACS-KISKUN,KSH_COUNTY
09478,Nagyhegyes,Hajdú-Bihar,ORSZEM-HAJDU-BIHAR,KSH_COUNTY
09487,Fertőendréd,Győr-Moson-Sopron,ORSZEM-GYOR-MOSON-SOPRON,KSH_COUNTY
09496,Szirmabesenyő,Borsod-Abaúj-Zemplén,ORSZEM-BORSOD-ABAUJ-ZEMPLEN,KSH_COUNTY
09502,Vid,Veszprém,ORSZEM-VESZPREM,KSH_COUNTY
09511,Gádoros,Békés,ORSZEM-BEKES,KSH_COUNTY
09520,Gyulakeszi,Veszprém,ORSZEM-VESZPREM,KSH_COUNTY
09539,Dunaszentgyörgy,Tolna,ORSZEM-TOLNA,KSH_COUNTY
09548,Kisvaszar,Baranya,ORSZEM-BARANYA,KSH_COUNTY
09557,Tomajmonostora,Jász-Nagykun-Szolnok,ORSZEM-JASZ-NAGYKUN-SZOLNOK,KSH_COUNTY
09566,Budapest 01. ker.,főváros,ORSZEM-BUDAPEST,KSH_COUNTY
09575,Kerkaszentkirály,Zala,ORSZEM-ZALA,KSH_COUNTY
09584,Dunaharaszti,Pest,ORSZEM-PEST,KSH_COUNTY
09593,Tura,Pest,ORSZEM-PEST,KSH_COUNTY
09609,Recsk,Heves,ORSZEM-HEVES,KSH_COUNTY
09618,Pári,Tolna,ORSZEM-TOLNA,KSH_COUNTY
09627,Tiszatenyő,Jász-Nagykun-Szolnok,ORSZEM-JASZ-NAGYKUN-SZOLNOK,KSH_COUNTY
09636,Görcsönydoboka,Baranya,ORSZEM-BARANYA,KSH_COUNTY
09645,Vörs,Somogy,ORSZEM-SOMOGY,KSH_COUNTY
09654,Ilk,Szabolcs-Szatmár-Bereg,ORSZEM-SZABOLCS-SZATMAR-BEREG,KSH_COUNTY
09663,Babarcszőlős,Baranya,ORSZEM-BARANYA,KSH_COUNTY
09672,Nemesrempehollós,Vas,ORSZEM-VAS,KSH_COUNTY
09681,Cégénydányád,Szabolcs-Szatmár-Bereg,ORSZEM-SZABOLCS-SZATMAR-BEREG,KSH_COUNTY
09690,Halásztelek,Pest,ORSZEM-PEST,KSH_COUNTY
09706,Gömörszőlős,Borsod-Abaúj-Zemplén,ORSZEM-BORSOD-ABAUJ-ZEMPLEN,KSH_COUNTY
09715,Császló,Szabolcs-Szatmár-Bereg,ORSZEM-SZABOLCS-SZATMAR-BEREG,KSH_COUNTY
09724,Győrvár,Vas,ORSZEM-VAS,KSH_COUNTY
09733,Vigántpetend,Veszprém,ORSZEM-VESZPREM,KSH_COUNTY
09742,Felsődobsza,Borsod-Abaúj-Zemplén,ORSZEM-BORSOD-ABAUJ-ZEMPLEN,KSH_COUNTY
09751,Kisszekeres,Szabolcs-Szatmár-Bereg,ORSZEM-SZABOLCS-SZATMAR-BEREG,KSH_COUNTY
09760,Békés,Békés,ORSZEM-BEKES,KSH_COUNTY
09779,Csór,Fejér,ORSZEM-FEJER,KSH_COUNTY
09788,Sárfimizdó,Vas,ORSZEM-VAS,KSH_COUNTY
09797,Nézsa,Nógrád,ORSZEM-NOGRAD,KSH_COUNTY
09803,Szentkatalin,Baranya,ORSZEM-BARANYA,KSH_COUNTY
09812,Kisgörbő,Zala,ORSZEM-ZALA,KSH_COUNTY
09821,Pilis,Pest,ORSZEM-PEST,KSH_COUNTY
09830,Szemere,Borsod-Abaúj-Zemplén,ORSZEM-BORSOD-ABAUJ-ZEMPLEN,KSH_COUNTY
09849,Hernád,Pest,ORSZEM-PEST,KSH_COUNTY
09858,Komlósd,Somogy,ORSZEM-SOMOGY,KSH_COUNTY
09867,Pölöske,Zala,ORSZEM-ZALA,KSH_COUNTY
09876,Chernelházadamonya,Vas,ORSZEM-VAS,KSH_COUNTY
09885,Fertőd,Győr-Moson-Sopron,ORSZEM-GYOR-MOSON-SOPRON,KSH_COUNTY
09894,Borsosberény,Nógrád,ORSZEM-NOGRAD,KSH_COUNTY
09900,Rácalmás,Fejér,ORSZEM-FEJER,KSH_COUNTY
09919,Tuzsér,Szabolcs-Szatmár-Bereg,ORSZEM-SZABOLCS-SZATMAR-BEREG,KSH_COUNTY
09928,Hetes,Somogy,ORSZEM-SOMOGY,KSH_COUNTY
09937,Kenyeri,Vas,ORSZEM-VAS,KSH_COUNTY
09946,Hencse,Somogy,ORSZEM-SOMOGY,KSH_COUNTY
09955,Kövegy,Csongrád-Csanád,ORSZEM-CSONGRAD-CSANAD,KSH_COUNTY
09964,Tófalu,Heves,ORSZEM-HEVES,KSH_COUNTY
09973,Délegyháza,Pest,ORSZEM-PEST,KSH_COUNTY
09982,Szűcsi,Heves,ORSZEM-HEVES,KSH_COUNTY
09991,Nagykovácsi,Pest,ORSZEM-PEST,KSH_COUNTY
10001,Nagydém,Veszprém,ORSZEM-VESZPREM,KSH_COUNTY
10010,Lulla,Somogy,ORSZEM-SOMOGY,KSH_COUNTY
10029,Hövej,Győr-Moson-Sopron,ORSZEM-GYOR-MOSON-SOPRON,KSH_COUNTY
10038,Liptód,Baranya,ORSZEM-BARANYA,KSH_COUNTY
10047,Csáfordjánosfa,Győr-Moson-Sopron,ORSZEM-GYOR-MOSON-SOPRON,KSH_COUNTY
10056,Borsfa,Zala,ORSZEM-ZALA,KSH_COUNTY
10065,Szentimrefalva,Veszprém,ORSZEM-VESZPREM,KSH_COUNTY
10074,Istenmezeje,Heves,ORSZEM-HEVES,KSH_COUNTY
10083,Szakcs,Tolna,ORSZEM-TOLNA,KSH_COUNTY
10092,Örvényes,Veszprém,ORSZEM-VESZPREM,KSH_COUNTY
10108,Áporka,Pest,ORSZEM-PEST,KSH_COUNTY
10117,Újkenéz,Szabolcs-Szatmár-Bereg,ORSZEM-SZABOLCS-SZATMAR-BEREG,KSH_COUNTY
10126,Győrtelek,Szabolcs-Szatmár-Bereg,ORSZEM-SZABOLCS-SZATMAR-BEREG,KSH_COUNTY
10135,Palotabozsok,Baranya,ORSZEM-BARANYA,KSH_COUNTY
10144,Varbóc,Borsod-Abaúj-Zemplén,ORSZEM-BORSOD-ABAUJ-ZEMPLEN,KSH_COUNTY
10153,Torvaj,Somogy,ORSZEM-SOMOGY,KSH_COUNTY
10162,Püspökladány,Hajdú-Bihar,ORSZEM-HAJDU-BIHAR,KSH_COUNTY
10171,Sajógalgóc,Borsod-Abaúj-Zemplén,ORSZEM-BORSOD-ABAUJ-ZEMPLEN,KSH_COUNTY
10180,Bácsbokod,Bács-Kiskun,ORSZEM-BACS-KISKUN,KSH_COUNTY
10199,Szarvasgede,Nógrád,ORSZEM-NOGRAD,KSH_COUNTY
10205,Tiszarád,Szabolcs-Szatmár-Bereg,ORSZEM-SZABOLCS-SZATMAR-BEREG,KSH_COUNTY
10214,Budapest 22. ker.,főváros,ORSZEM-BUDAPEST,KSH_COUNTY
10223,Szalafő,Vas,ORSZEM-VAS,KSH_COUNTY
10232,Egyházashetye,Vas,ORSZEM-VAS,KSH_COUNTY
10241,Hevesaranyos,Heves,ORSZEM-HEVES,KSH_COUNTY
10250,Farkasgyepű,Veszprém,ORSZEM-VESZPREM,KSH_COUNTY
10269,Hahót,Zala,ORSZEM-ZALA,KSH_COUNTY
10278,Sé,Vas,ORSZEM-VAS,KSH_COUNTY
10287,Kondoros,Békés,ORSZEM-BEKES,KSH_COUNTY
10296,Gárdony,Fejér,ORSZEM-FEJER,KSH_COUNTY
10302,Vasboldogasszony,Zala,ORSZEM-ZALA,KSH_COUNTY
10311,Pusztacsó,Vas,ORSZEM-VAS,KSH_COUNTY
10320,Vizslás,Nógrád,ORSZEM-NOGRAD,KSH_COUNTY
10339,Ásotthalom,Csongrád-Csanád,ORSZEM-CSONGRAD-CSANAD,KSH_COUNTY
10348,Zalakomár,Zala,ORSZEM-ZALA,KSH_COUNTY
10357,Abod,Borsod-Abaúj-Zemplén,ORSZEM-BORSOD-ABAUJ-ZEMPLEN,KSH_COUNTY
10366,Füzérradvány,Borsod-Abaúj-Zemplén,ORSZEM-BORSOD-ABAUJ-ZEMPLEN,KSH_COUNTY
10375,Tornakápolna,Borsod-Abaúj-Zemplén,ORSZEM-BORSOD-ABAUJ-ZEMPLEN,KSH_COUNTY
10384,Bejcgyertyános,Vas,ORSZEM-VAS,KSH_COUNTY
10393,Hajdúhadház,Hajdú-Bihar,ORSZEM-HAJDU-BIHAR,KSH_COUNTY
10409,Németbánya,Veszprém,ORSZEM-VESZPREM,KSH_COUNTY
10418,Nagyút,Heves,ORSZEM-HEVES,KSH_COUNTY
10427,Magyaratád,Somogy,ORSZEM-SOMOGY,KSH_COUNTY
10436,Szamossályi,Szabolcs-Szatmár-Bereg,ORSZEM-SZABOLCS-SZATMAR-BEREG,KSH_COUNTY
10445,Egyházaskesző,Veszprém,ORSZEM-VESZPREM,KSH_COUNTY
10454,Dunasziget,Győr-Moson-Sopron,ORSZEM-GYOR-MOSON-SOPRON,KSH_COUNTY
10463,Kölesd,Tolna,ORSZEM-TOLNA,KSH_COUNTY
10472,Császártöltés,Bács-Kiskun,ORSZEM-BACS-KISKUN,KSH_COUNTY
10481,Bicske,Fejér,ORSZEM-FEJER,KSH_COUNTY
10490,Dorog,Komárom-Esztergom,ORSZEM-KOMAROM-ESZTERGOM,KSH_COUNTY
10506,Bodrog,Somogy,ORSZEM-SOMOGY,KSH_COUNTY
10515,Maroslele,Csongrád-Csanád,ORSZEM-CSONGRAD-CSANAD,KSH_COUNTY
10524,Detek,Borsod-Abaúj-Zemplén,ORSZEM-BORSOD-ABAUJ-ZEMPLEN,KSH_COUNTY
10533,Dávod,Bács-Kiskun,ORSZEM-BACS-KISKUN,KSH_COUNTY
10542,Kémes,Baranya,ORSZEM-BARANYA,KSH_COUNTY
10551,Monor,Pest,ORSZEM-PEST,KSH_COUNTY
10560,Bezi,Győr-Moson-Sopron,ORSZEM-GYOR-MOSON-SOPRON,KSH_COUNTY
10579,Sajtoskál,Vas,ORSZEM-VAS,KSH_COUNTY
10588,Beled,Győr-Moson-Sopron,ORSZEM-GYOR-MOSON-SOPRON,KSH_COUNTY
10597,Rum,Vas,ORSZEM-VAS,KSH_COUNTY
10603,Csurgónagymarton,Somogy,ORSZEM-SOMOGY,KSH_COUNTY
10612,Komjáti,Borsod-Abaúj-Zemplén,ORSZEM-BORSOD-ABAUJ-ZEMPLEN,KSH_COUNTY
10621,Bükkszenterzsébet,Heves,ORSZEM-HEVES,KSH_COUNTY
10630,Őriszentpéter,Vas,ORSZEM-VAS,KSH_COUNTY
10649,Csertalakos,Zala,ORSZEM-ZALA,KSH_COUNTY
10658,Fertőhomok,Győr-Moson-Sopron,ORSZEM-GYOR-MOSON-SOPRON,KSH_COUNTY
10667,Városföld,Bács-Kiskun,ORSZEM-BACS-KISKUN,KSH_COUNTY
10676,Halogy,Vas,ORSZEM-VAS,KSH_COUNTY
10685,Vállus,Zala,ORSZEM-ZALA,KSH_COUNTY
10694,Bogdása,Baranya,ORSZEM-BARANYA,KSH_COUNTY
10700,Budapest 10. ker.,főváros,ORSZEM-BUDAPEST,KSH_COUNTY
10719,Bácsalmás,Bács-Kiskun,ORSZEM-BACS-KISKUN,KSH_COUNTY
10728,Edelény,Borsod-Abaúj-Zemplén,ORSZEM-BORSOD-ABAUJ-ZEMPLEN,KSH_COUNTY
10737,Vámosmikola,Pest,ORSZEM-PEST,KSH_COUNTY
10746,Kistótfalu,Baranya,ORSZEM-BARANYA,KSH_COUNTY
10755,Majosháza,Pest,ORSZEM-PEST,KSH_COUNTY
10764,Körösnagyharsány,Békés,ORSZEM-BEKES,KSH_COUNTY
10773,Tiszabő,Jász-Nagykun-Szolnok,ORSZEM-JASZ-NAGYKUN-SZOLNOK,KSH_COUNTY
10782,Boncodfölde,Zala,ORSZEM-ZALA,KSH_COUNTY
10791,Fülesd,Szabolcs-Szatmár-Bereg,ORSZEM-SZABOLCS-SZATMAR-BEREG,KSH_COUNTY
10807,Nyírparasznya,Szabolcs-Szatmár-Bereg,ORSZEM-SZABOLCS-SZATMAR-BEREG,KSH_COUNTY
10816,Kiskunlacháza,Pest,ORSZEM-PEST,KSH_COUNTY
10825,Pécsvárad,Baranya,ORSZEM-BARANYA,KSH_COUNTY
10834,Olcsvaapáti,Szabolcs-Szatmár-Bereg,ORSZEM-SZABOLCS-SZATMAR-BEREG,KSH_COUNTY
10843,Nick,Vas,ORSZEM-VAS,KSH_COUNTY
10852,Érpatak,Szabolcs-Szatmár-Bereg,ORSZEM-SZABOLCS-SZATMAR-BEREG,KSH_COUNTY
10861,Ecseny,Somogy,ORSZEM-SOMOGY,KSH_COUNTY
10870,Doba,Veszprém,ORSZEM-VESZPREM,KSH_COUNTY
10889,Lispeszentadorján,Zala,ORSZEM-ZALA,KSH_COUNTY
10904,Garadna,Borsod-Abaúj-Zemplén,ORSZEM-BORSOD-ABAUJ-ZEMPLEN,KSH_COUNTY
10913,Karakó,Vas,ORSZEM-VAS,KSH_COUNTY
10922,Maglód,Pest,ORSZEM-PEST,KSH_COUNTY
10931,Hagyárosbörönd,Zala,ORSZEM-ZALA,KSH_COUNTY
10940,Nagykozár,Baranya,ORSZEM-BARANYA,KSH_COUNTY
10959,Nikla,Somogy,ORSZEM-SOMOGY,KSH_COUNTY
10968,Mogyoróska,Borsod-Abaúj-Zemplén,ORSZEM-BORSOD-ABAUJ-ZEMPLEN,KSH_COUNTY
10977,Tiszavalk,Borsod-Abaúj-Zemplén,ORSZEM-BORSOD-ABAUJ-ZEMPLEN,KSH_COUNTY
10986,Szulok,Somogy,ORSZEM-SOMOGY,KSH_COUNTY
10995,Kerékteleki,Komárom-Esztergom,ORSZEM-KOMAROM-ESZTERGOM,KSH_COUNTY
11004,Jászkarajenő,Pest,ORSZEM-PEST,KSH_COUNTY
11013,Szihalom,Heves,ORSZEM-HEVES,KSH_COUNTY
11022,Zsujta,Borsod-Abaúj-Zemplén,ORSZEM-BORSOD-ABAUJ-ZEMPLEN,KSH_COUNTY
11031,Tolnanémedi,Tolna,ORSZEM-TOLNA,KSH_COUNTY
11040,Lakócsa,Somogy,ORSZEM-SOMOGY,KSH_COUNTY
11059,Baglad,Zala,ORSZEM-ZALA,KSH_COUNTY
11068,Röjtökmuzsaj,Győr-Moson-Sopron,ORSZEM-GYOR-MOSON-SOPRON,KSH_COUNTY
11086,Cún,Baranya,ORSZEM-BARANYA,KSH_COUNTY
11095,Nyírlövő,Szabolcs-Szatmár-Bereg,ORSZEM-SZABOLCS-SZATMAR-BEREG,KSH_COUNTY
11101,Szőlősgyörök,Somogy,ORSZEM-SOMOGY,KSH_COUNTY
11110,Szuhakálló,Borsod-Abaúj-Zemplén,ORSZEM-BORSOD-ABAUJ-ZEMPLEN,KSH_COUNTY
11129,Olcsva,Szabolcs-Szatmár-Bereg,ORSZEM-SZABOLCS-SZATMAR-BEREG,KSH_COUNTY
11138,Vekerd,Hajdú-Bihar,ORSZEM-HAJDU-BIHAR,KSH_COUNTY
11147,Kisrákos,Vas,ORSZEM-VAS,KSH_COUNTY
11156,Gór,Vas,ORSZEM-VAS,KSH_COUNTY
11165,Szentpéterúr,Zala,ORSZEM-ZALA,KSH_COUNTY
11174,Kéthely,Somogy,ORSZEM-SOMOGY,KSH_COUNTY
11183,Kisdér,Baranya,ORSZEM-BARANYA,KSH_COUNTY
11192,Igal,Somogy,ORSZEM-SOMOGY,KSH_COUNTY
11208,Hosszúvölgy,Zala,ORSZEM-ZALA,KSH_COUNTY
11217,Szűr,Baranya,ORSZEM-BARANYA,KSH_COUNTY
11226,Hangács,Borsod-Abaúj-Zemplén,ORSZEM-BORSOD-ABAUJ-ZEMPLEN,KSH_COUNTY
11235,Kőtelek,Jász-Nagykun-Szolnok,ORSZEM-JASZ-NAGYKUN-SZOLNOK,KSH_COUNTY
11244,Pócspetri,Szabolcs-Szatmár-Bereg,ORSZEM-SZABOLCS-SZATMAR-BEREG,KSH_COUNTY
11253,Fertőboz,Győr-Moson-Sopron,ORSZEM-GYOR-MOSON-SOPRON,KSH_COUNTY
11262,Kóny,Győr-Moson-Sopron,ORSZEM-GYOR-MOSON-SOPRON,KSH_COUNTY
11271,Nyírlugos,Szabolcs-Szatmár-Bereg,ORSZEM-SZABOLCS-SZATMAR-BEREG,KSH_COUNTY
11280,Katymár,Bács-Kiskun,ORSZEM-BACS-KISKUN,KSH_COUNTY
11299,Bököny,Szabolcs-Szatmár-Bereg,ORSZEM-SZABOLCS-SZATMAR-BEREG,KSH_COUNTY
11305,Besenyszög,Jász-Nagykun-Szolnok,ORSZEM-JASZ-NAGYKUN-SZOLNOK,KSH_COUNTY
11314,Budapest 15. ker.,főváros,ORSZEM-BUDAPEST,KSH_COUNTY
11323,Mezőkeresztes,Borsod-Abaúj-Zemplén,ORSZEM-BORSOD-ABAUJ-ZEMPLEN,KSH_COUNTY
11332,Sajónémeti,Borsod-Abaúj-Zemplén,ORSZEM-BORSOD-ABAUJ-ZEMPLEN,KSH_COUNTY
11341,Cegléd,Pest,ORSZEM-PEST,KSH_COUNTY
11350,Damak,Borsod-Abaúj-Zemplén,ORSZEM-BORSOD-ABAUJ-ZEMPLEN,KSH_COUNTY
11369,Szakony,Győr-Moson-Sopron,ORSZEM-GYOR-MOSON-SOPRON,KSH_COUNTY
11378,Füzérkomlós,Borsod-Abaúj-Zemplén,ORSZEM-BORSOD-ABAUJ-ZEMPLEN,KSH_COUNTY
11387,Ikervár,Vas,ORSZEM-VAS,KSH_COUNTY
11396,Pilisszentiván,Pest,ORSZEM-PEST,KSH_COUNTY
11402,Mecsekpölöske,Baranya,ORSZEM-BARANYA,KSH_COUNTY
11411,Halmajugra,Heves,ORSZEM-HEVES,KSH_COUNTY
11420,Pula,Veszprém,ORSZEM-VESZPREM,KSH_COUNTY
11439,Várpalota,Veszprém,ORSZEM-VESZPREM,KSH_COUNTY
11448,Kisrozvágy,Borsod-Abaúj-Zemplén,ORSZEM-BORSOD-ABAUJ-ZEMPLEN,KSH_COUNTY
11457,Tényő,Győr-Moson-Sopron,ORSZEM-GYOR-MOSON-SOPRON,KSH_COUNTY
11466,Zala,Somogy,ORSZEM-SOMOGY,KSH_COUNTY
11475,Lendvajakabfa,Zala,ORSZEM-ZALA,KSH_COUNTY
11484,Somogycsicsó,Somogy,ORSZEM-SOMOGY,KSH_COUNTY
11493,Szinpetri,Borsod-Abaúj-Zemplén,ORSZEM-BORSOD-ABAUJ-ZEMPLEN,KSH_COUNTY
11509,Szenta,Somogy,ORSZEM-SOMOGY,KSH_COUNTY
11518,Rádfalva,Baranya,ORSZEM-BARANYA,KSH_COUNTY
11527,Balaton,Heves,ORSZEM-HEVES,KSH_COUNTY
11536,Magyardombegyház,Békés,ORSZEM-BEKES,KSH_COUNTY
11545,Szentjakabfa,Veszprém,ORSZEM-VESZPREM,KSH_COUNTY
11554,Szécsisziget,Zala,ORSZEM-ZALA,KSH_COUNTY
11563,Alsónyék,Tolna,ORSZEM-TOLNA,KSH_COUNTY
11572,Petőmihályfa,Vas,ORSZEM-VAS,KSH_COUNTY
11581,Vilmány,Borsod-Abaúj-Zemplén,ORSZEM-BORSOD-ABAUJ-ZEMPLEN,KSH_COUNTY
11590,Piliny,Nógrád,ORSZEM-NOGRAD,KSH_COUNTY
11606,Dunaszentbenedek,Bács-Kiskun,ORSZEM-BACS-KISKUN,KSH_COUNTY
11615,Körösladány,Békés,ORSZEM-BEKES,KSH_COUNTY
11624,Bodmér,Fejér,ORSZEM-FEJER,KSH_COUNTY
11633,Vasszentmihály,Vas,ORSZEM-VAS,KSH_COUNTY
11642,Felsőpáhok,Zala,ORSZEM-ZALA,KSH_COUNTY
11651,Bögöt,Vas,ORSZEM-VAS,KSH_COUNTY
11660,Legyesbénye,Borsod-Abaúj-Zemplén,ORSZEM-BORSOD-ABAUJ-ZEMPLEN,KSH_COUNTY
11679,Jánosháza,Vas,ORSZEM-VAS,KSH_COUNTY
11688,Diósberény,Tolna,ORSZEM-TOLNA,KSH_COUNTY
11697,Hidasnémeti,Borsod-Abaúj-Zemplén,ORSZEM-BORSOD-ABAUJ-ZEMPLEN,KSH_COUNTY
11703,Vöröstó,Veszprém,ORSZEM-VESZPREM,KSH_COUNTY
11712,Báta,Tolna,ORSZEM-TOLNA,KSH_COUNTY
11730,Orfű,Baranya,ORSZEM-BARANYA,KSH_COUNTY
11749,Mezőnyárád,Borsod-Abaúj-Zemplén,ORSZEM-BORSOD-ABAUJ-ZEMPLEN,KSH_COUNTY
11758,Meszes,Borsod-Abaúj-Zemplén,ORSZEM-BORSOD-ABAUJ-ZEMPLEN,KSH_COUNTY
11767,Veszprém,Veszprém,ORSZEM-VESZPREM,KSH_COUNTY
11776,Sárszentmihály,Fejér,ORSZEM-FEJER,KSH_COUNTY
11785,Zalakaros,Zala,ORSZEM-ZALA,KSH_COUNTY
11794,Szank,Bács-Kiskun,ORSZEM-BACS-KISKUN,KSH_COUNTY
11800,Vindornyaszőlős,Zala,ORSZEM-ZALA,KSH_COUNTY
11819,Kurityán,Borsod-Abaúj-Zemplén,ORSZEM-BORSOD-ABAUJ-ZEMPLEN,KSH_COUNTY
11828,Porrog,Somogy,ORSZEM-SOMOGY,KSH_COUNTY
11837,Pocsaj,Hajdú-Bihar,ORSZEM-HAJDU-BIHAR,KSH_COUNTY
11846,Kétbodony,Nógrád,ORSZEM-NOGRAD,KSH_COUNTY
11855,Pápakovácsi,Veszprém,ORSZEM-VESZPREM,KSH_COUNTY
11864,Érsekcsanád,Bács-Kiskun,ORSZEM-BACS-KISKUN,KSH_COUNTY
11873,Mezőhegyes,Békés,ORSZEM-BEKES,KSH_COUNTY
11882,Abda,Győr-Moson-Sopron,ORSZEM-GYOR-MOSON-SOPRON,KSH_COUNTY
11891,Héreg,Komárom-Esztergom,ORSZEM-KOMAROM-ESZTERGOM,KSH_COUNTY
11907,Tiszamogyorós,Szabolcs-Szatmár-Bereg,ORSZEM-SZABOLCS-SZATMAR-BEREG,KSH_COUNTY
11916,Balatonőszöd,Somogy,ORSZEM-SOMOGY,KSH_COUNTY
11925,Újtikos,Hajdú-Bihar,ORSZEM-HAJDU-BIHAR,KSH_COUNTY
11934,Üröm,Pest,ORSZEM-PEST,KSH_COUNTY
11943,Gyöngyösfalu,Vas,ORSZEM-VAS,KSH_COUNTY
11952,Dinnyeberki,Baranya,ORSZEM-BARANYA,KSH_COUNTY
11961,Bátya,Bács-Kiskun,ORSZEM-BACS-KISKUN,KSH_COUNTY
11970,Bikács,Tolna,ORSZEM-TOLNA,KSH_COUNTY
11989,Murony,Békés,ORSZEM-BEKES,KSH_COUNTY
11998,Csibrák,Tolna,ORSZEM-TOLNA,KSH_COUNTY
12007,Szatymaz,Csongrád-Csanád,ORSZEM-CSONGRAD-CSANAD,KSH_COUNTY
12016,Becske,Nógrád,ORSZEM-NOGRAD,KSH_COUNTY
12025,Csólyospálos,Bács-Kiskun,ORSZEM-BACS-KISKUN,KSH_COUNTY
12034,Kelemér,Borsod-Abaúj-Zemplén,ORSZEM-BORSOD-ABAUJ-ZEMPLEN,KSH_COUNTY
12043,Ölbő,Vas,ORSZEM-VAS,KSH_COUNTY
12052,Budakeszi,Pest,ORSZEM-PEST,KSH_COUNTY
12061,Hermánszeg,Szabolcs-Szatmár-Bereg,ORSZEM-SZABOLCS-SZATMAR-BEREG,KSH_COUNTY
12070,Pétervására,Heves,ORSZEM-HEVES,KSH_COUNTY
12089,Gelse,Zala,ORSZEM-ZALA,KSH_COUNTY
12098,Nyírtura,Szabolcs-Szatmár-Bereg,ORSZEM-SZABOLCS-SZATMAR-BEREG,KSH_COUNTY
12104,Vasszilvágy,Vas,ORSZEM-VAS,KSH_COUNTY
12113,Kajárpéc,Győr-Moson-Sopron,ORSZEM-GYOR-MOSON-SOPRON,KSH_COUNTY
12122,Letenye,Zala,ORSZEM-ZALA,KSH_COUNTY
12131,Nógrádmegyer,Nógrád,ORSZEM-NOGRAD,KSH_COUNTY
12140,Csepreg,Vas,ORSZEM-VAS,KSH_COUNTY
12159,Hejőszalonta,Borsod-Abaúj-Zemplén,ORSZEM-BORSOD-ABAUJ-ZEMPLEN,KSH_COUNTY
12168,Patca,Somogy,ORSZEM-SOMOGY,KSH_COUNTY
12177,Kardoskút,Békés,ORSZEM-BEKES,KSH_COUNTY
12186,Pátroha,Szabolcs-Szatmár-Bereg,ORSZEM-SZABOLCS-SZATMAR-BEREG,KSH_COUNTY
12195,Romhány,Nógrád,ORSZEM-NOGRAD,KSH_COUNTY
12201,Zók,Baranya,ORSZEM-BARANYA,KSH_COUNTY
12210,Tállya,Borsod-Abaúj-Zemplén,ORSZEM-BORSOD-ABAUJ-ZEMPLEN,KSH_COUNTY
12229,Terpes,Heves,ORSZEM-HEVES,KSH_COUNTY
12238,Balatonederics,Veszprém,ORSZEM-VESZPREM,KSH_COUNTY
12247,Kemenesmagasi,Vas,ORSZEM-VAS,KSH_COUNTY
12256,Füzesgyarmat,Békés,ORSZEM-BEKES,KSH_COUNTY
12265,Székkutas,Csongrád-Csanád,ORSZEM-CSONGRAD-CSANAD,KSH_COUNTY
12274,Nyírmada,Szabolcs-Szatmár-Bereg,ORSZEM-SZABOLCS-SZATMAR-BEREG,KSH_COUNTY
12283,Máriakálnok,Győr-Moson-Sopron,ORSZEM-GYOR-MOSON-SOPRON,KSH_COUNTY
12292,Zsennye,Vas,ORSZEM-VAS,KSH_COUNTY
12308,Hédervár,Győr-Moson-Sopron,ORSZEM-GYOR-MOSON-SOPRON,KSH_COUNTY
12317,Andrásfa,Vas,ORSZEM-VAS,KSH_COUNTY
12326,Györköny,Tolna,ORSZEM-TOLNA,KSH_COUNTY
12335,Tompaládony,Vas,ORSZEM-VAS,KSH_COUNTY
12344,Csengőd,Bács-Kiskun,ORSZEM-BACS-KISKUN,KSH_COUNTY
12353,Kistamási,Baranya,ORSZEM-BARANYA,KSH_COUNTY
12362,Pálháza,Borsod-Abaúj-Zemplén,ORSZEM-BORSOD-ABAUJ-ZEMPLEN,KSH_COUNTY
12371,Pamlény,Borsod-Abaúj-Zemplén,ORSZEM-BORSOD-ABAUJ-ZEMPLEN,KSH_COUNTY
12380,Drávapiski,Baranya,ORSZEM-BARANYA,KSH_COUNTY
12399,Kistokaj,Borsod-Abaúj-Zemplén,ORSZEM-BORSOD-ABAUJ-ZEMPLEN,KSH_COUNTY
12405,Vámosszabadi,Győr-Moson-Sopron,ORSZEM-GYOR-MOSON-SOPRON,KSH_COUNTY
12414,Fertőrákos,Győr-Moson-Sopron,ORSZEM-GYOR-MOSON-SOPRON,KSH_COUNTY
12423,Rákócziújfalu,Jász-Nagykun-Szolnok,ORSZEM-JASZ-NAGYKUN-SZOLNOK,KSH_COUNTY
12432,Fedémes,Heves,ORSZEM-HEVES,KSH_COUNTY
12441,Abádszalók,Jász-Nagykun-Szolnok,ORSZEM-JASZ-NAGYKUN-SZOLNOK,KSH_COUNTY
12450,Csökmő,Hajdú-Bihar,ORSZEM-HAJDU-BIHAR,KSH_COUNTY
12469,Rátka,Borsod-Abaúj-Zemplén,ORSZEM-BORSOD-ABAUJ-ZEMPLEN,KSH_COUNTY
12478,Kemenesszentpéter,Veszprém,ORSZEM-VESZPREM,KSH_COUNTY
12487,Újcsanálos,Borsod-Abaúj-Zemplén,ORSZEM-BORSOD-ABAUJ-ZEMPLEN,KSH_COUNTY
12496,Zalaistvánd,Zala,ORSZEM-ZALA,KSH_COUNTY
12502,Kisnána,Heves,ORSZEM-HEVES,KSH_COUNTY
12511,Dejtár,Nógrád,ORSZEM-NOGRAD,KSH_COUNTY
12520,Ságújfalu,Nógrád,ORSZEM-NOGRAD,KSH_COUNTY
12539,Gyűrűs,Zala,ORSZEM-ZALA,KSH_COUNTY
12548,Abaliget,Baranya,ORSZEM-BARANYA,KSH_COUNTY
12557,Fancsal,Borsod-Abaúj-Zemplén,ORSZEM-BORSOD-ABAUJ-ZEMPLEN,KSH_COUNTY
12566,Dunafalva,Bács-Kiskun,ORSZEM-BACS-KISKUN,KSH_COUNTY
12575,Lenti,Zala,ORSZEM-ZALA,KSH_COUNTY
12593,Tiszadob,Szabolcs-Szatmár-Bereg,ORSZEM-SZABOLCS-SZATMAR-BEREG,KSH_COUNTY
12609,Türje,Zala,ORSZEM-ZALA,KSH_COUNTY
12618,Kertészsziget,Békés,ORSZEM-BEKES,KSH_COUNTY
12627,Sokorópátka,Győr-Moson-Sopron,ORSZEM-GYOR-MOSON-SOPRON,KSH_COUNTY
12636,Kisapostag,Fejér,ORSZEM-FEJER,KSH_COUNTY
12645,Óbánya,Baranya,ORSZEM-BARANYA,KSH_COUNTY
12654,Zalahaláp,Veszprém,ORSZEM-VESZPREM,KSH_COUNTY
12663,Kaposkeresztúr,Somogy,ORSZEM-SOMOGY,KSH_COUNTY
12672,Kisvarsány,Szabolcs-Szatmár-Bereg,ORSZEM-SZABOLCS-SZATMAR-BEREG,KSH_COUNTY
12681,Telekgerendás,Békés,ORSZEM-BEKES,KSH_COUNTY
12690,Sződ,Pest,ORSZEM-PEST,KSH_COUNTY
12706,Háromhuta,Borsod-Abaúj-Zemplén,ORSZEM-BORSOD-ABAUJ-ZEMPLEN,KSH_COUNTY
12715,Pázmándfalu,Győr-Moson-Sopron,ORSZEM-GYOR-MOSON-SOPRON,KSH_COUNTY
12724,Csehimindszent,Vas,ORSZEM-VAS,KSH_COUNTY
12733,Horvátlövő,Vas,ORSZEM-VAS,KSH_COUNTY
12742,Ganna,Veszprém,ORSZEM-VESZPREM,KSH_COUNTY
12751,Gerde,Baranya,ORSZEM-BARANYA,KSH_COUNTY
12760,Nagybakónak,Zala,ORSZEM-ZALA,KSH_COUNTY
12779,Nagylak,Csongrád-Csanád,ORSZEM-CSONGRAD-CSANAD,KSH_COUNTY
12788,Berettyóújfalu,Hajdú-Bihar,ORSZEM-HAJDU-BIHAR,KSH_COUNTY
12797,Ópusztaszer,Csongrád-Csanád,ORSZEM-CSONGRAD-CSANAD,KSH_COUNTY
12803,Hajdúdorog,Hajdú-Bihar,ORSZEM-HAJDU-BIHAR,KSH_COUNTY
12812,Mezőörs,Győr-Moson-Sopron,ORSZEM-GYOR-MOSON-SOPRON,KSH_COUNTY
12821,Egerbakta,Heves,ORSZEM-HEVES,KSH_COUNTY
12830,Bezeréd,Zala,ORSZEM-ZALA,KSH_COUNTY
12849,Kisjakabfalva,Baranya,ORSZEM-BARANYA,KSH_COUNTY
12858,Nagyhajmás,Baranya,ORSZEM-BARANYA,KSH_COUNTY
12867,Pereked,Baranya,ORSZEM-BARANYA,KSH_COUNTY
12876,Somogymeggyes,Somogy,ORSZEM-SOMOGY,KSH_COUNTY
12885,Nyékládháza,Borsod-Abaúj-Zemplén,ORSZEM-BORSOD-ABAUJ-ZEMPLEN,KSH_COUNTY
12894,Üllő,Pest,ORSZEM-PEST,KSH_COUNTY
12900,Köröstarcsa,Békés,ORSZEM-BEKES,KSH_COUNTY
12919,Vonyarcvashegy,Zala,ORSZEM-ZALA,KSH_COUNTY
12928,Csaholc,Szabolcs-Szatmár-Bereg,ORSZEM-SZABOLCS-SZATMAR-BEREG,KSH_COUNTY
12937,Hercegszántó,Bács-Kiskun,ORSZEM-BACS-KISKUN,KSH_COUNTY
12946,Garabonc,Zala,ORSZEM-ZALA,KSH_COUNTY
12955,Nyúl,Győr-Moson-Sopron,ORSZEM-GYOR-MOSON-SOPRON,KSH_COUNTY
12964,Püski,Győr-Moson-Sopron,ORSZEM-GYOR-MOSON-SOPRON,KSH_COUNTY
12973,Szentgáloskér,Somogy,ORSZEM-SOMOGY,KSH_COUNTY
12982,Vilyvitány,Borsod-Abaúj-Zemplén,ORSZEM-BORSOD-ABAUJ-ZEMPLEN,KSH_COUNTY
12991,Galambok,Zala,ORSZEM-ZALA,KSH_COUNTY
13000,Gemzse,Szabolcs-Szatmár-Bereg,ORSZEM-SZABOLCS-SZATMAR-BEREG,KSH_COUNTY
13019,Hodász,Szabolcs-Szatmár-Bereg,ORSZEM-SZABOLCS-SZATMAR-BEREG,KSH_COUNTY
13028,Kondorfa,Vas,ORSZEM-VAS,KSH_COUNTY
13037,Zsurk,Szabolcs-Szatmár-Bereg,ORSZEM-SZABOLCS-SZATMAR-BEREG,KSH_COUNTY
13046,Szamosszeg,Szabolcs-Szatmár-Bereg,ORSZEM-SZABOLCS-SZATMAR-BEREG,KSH_COUNTY
13055,Kissziget,Zala,ORSZEM-ZALA,KSH_COUNTY
13064,Magyarszerdahely,Zala,ORSZEM-ZALA,KSH_COUNTY
13082,Kozmadombja,Zala,ORSZEM-ZALA,KSH_COUNTY
13091,Zalaszentmárton,Zala,ORSZEM-ZALA,KSH_COUNTY
13116,Boldogasszonyfa,Baranya,ORSZEM-BARANYA,KSH_COUNTY
13125,Takácsi,Veszprém,ORSZEM-VESZPREM,KSH_COUNTY
13134,Golop,Borsod-Abaúj-Zemplén,ORSZEM-BORSOD-ABAUJ-ZEMPLEN,KSH_COUNTY
13143,Jéke,Szabolcs-Szatmár-Bereg,ORSZEM-SZABOLCS-SZATMAR-BEREG,KSH_COUNTY
13152,Cece,Fejér,ORSZEM-FEJER,KSH_COUNTY
13161,Röszke,Csongrád-Csanád,ORSZEM-CSONGRAD-CSANAD,KSH_COUNTY
13170,Csépa,Jász-Nagykun-Szolnok,ORSZEM-JASZ-NAGYKUN-SZOLNOK,KSH_COUNTY
13189,Budapest 21. ker.,főváros,ORSZEM-BUDAPEST,KSH_COUNTY
13198,Győrladamér,Győr-Moson-Sopron,ORSZEM-GYOR-MOSON-SOPRON,KSH_COUNTY
13204,Hont,Nógrád,ORSZEM-NOGRAD,KSH_COUNTY
13213,Tunyogmatolcs,Szabolcs-Szatmár-Bereg,ORSZEM-SZABOLCS-SZATMAR-BEREG,KSH_COUNTY
13222,Mihálygerge,Nógrád,ORSZEM-NOGRAD,KSH_COUNTY
13231,Szentdomonkos,Heves,ORSZEM-HEVES,KSH_COUNTY
13240,Tarnalelesz,Heves,ORSZEM-HEVES,KSH_COUNTY
13259,Szabadegyháza,Fejér,ORSZEM-FEJER,KSH_COUNTY
13268,Sóstófalva,Borsod-Abaúj-Zemplén,ORSZEM-BORSOD-ABAUJ-ZEMPLEN,KSH_COUNTY
13277,Szigethalom,Pest,ORSZEM-PEST,KSH_COUNTY
13286,Felsőegerszeg,Baranya,ORSZEM-BARANYA,KSH_COUNTY
13295,Galgagyörk,Pest,ORSZEM-PEST,KSH_COUNTY
13301,Zalaszentlőrinc,Zala,ORSZEM-ZALA,KSH_COUNTY
13310,Bicsérd,Baranya,ORSZEM-BARANYA,KSH_COUNTY
13329,Almamellék,Baranya,ORSZEM-BARANYA,KSH_COUNTY
13338,Gyöngyösoroszi,Heves,ORSZEM-HEVES,KSH_COUNTY
13347,Gerényes,Baranya,ORSZEM-BARANYA,KSH_COUNTY
13356,Égerszög,Borsod-Abaúj-Zemplén,ORSZEM-BORSOD-ABAUJ-ZEMPLEN,KSH_COUNTY
13365,Botykapeterd,Baranya,ORSZEM-BARANYA,KSH_COUNTY
13374,Kázsmárk,Borsod-Abaúj-Zemplén,ORSZEM-BORSOD-ABAUJ-ZEMPLEN,KSH_COUNTY
13383,Domaszék,Csongrád-Csanád,ORSZEM-CSONGRAD-CSANAD,KSH_COUNTY
13392,Budapest 05. ker.,főváros,ORSZEM-BUDAPEST,KSH_COUNTY
13408,Ballószög,Bács-Kiskun,ORSZEM-BACS-KISKUN,KSH_COUNTY
13426,Kemenesmihályfa,Vas,ORSZEM-VAS,KSH_COUNTY
13435,Nagykáta,Pest,ORSZEM-PEST,KSH_COUNTY
13444,Mecseknádasd,Baranya,ORSZEM-BARANYA,KSH_COUNTY
13453,Őrimagyarósd,Vas,ORSZEM-VAS,KSH_COUNTY
13462,Iváncsa,Fejér,ORSZEM-FEJER,KSH_COUNTY
13471,Bucsa,Békés,ORSZEM-BEKES,KSH_COUNTY
13480,Erdőkertes,Pest,ORSZEM-PEST,KSH_COUNTY
13499,Erzsébet,Baranya,ORSZEM-BARANYA,KSH_COUNTY
13505,Csikvánd,Győr-Moson-Sopron,ORSZEM-GYOR-MOSON-SOPRON,KSH_COUNTY
13514,Jászszentandrás,Jász-Nagykun-Szolnok,ORSZEM-JASZ-NAGYKUN-SZOLNOK,KSH_COUNTY
13523,Szúcs,Heves,ORSZEM-HEVES,KSH_COUNTY
13532,Körmend,Vas,ORSZEM-VAS,KSH_COUNTY
13541,Tiszaszalka,Szabolcs-Szatmár-Bereg,ORSZEM-SZABOLCS-SZATMAR-BEREG,KSH_COUNTY
13550,Nyírtelek,Szabolcs-Szatmár-Bereg,ORSZEM-SZABOLCS-SZATMAR-BEREG,KSH_COUNTY
13569,Gosztola,Zala,ORSZEM-ZALA,KSH_COUNTY
13578,Budapest,,ORSZEM-BUDAPEST,EXPLICIT_POLICY_EXCEPTION
13587,Felsőcsatár,Vas,ORSZEM-VAS,KSH_COUNTY
13596,Bükkábrány,Borsod-Abaúj-Zemplén,ORSZEM-BORSOD-ABAUJ-ZEMPLEN,KSH_COUNTY
13602,Túristvándi,Szabolcs-Szatmár-Bereg,ORSZEM-SZABOLCS-SZATMAR-BEREG,KSH_COUNTY
13611,Drávagárdony,Somogy,ORSZEM-SOMOGY,KSH_COUNTY
13620,Mucsfa,Tolna,ORSZEM-TOLNA,KSH_COUNTY
13639,Besenyőd,Szabolcs-Szatmár-Bereg,ORSZEM-SZABOLCS-SZATMAR-BEREG,KSH_COUNTY
13648,Egerszólát,Heves,ORSZEM-HEVES,KSH_COUNTY
13657,Balassagyarmat,Nógrád,ORSZEM-NOGRAD,KSH_COUNTY
13666,Királyhegyes,Csongrád-Csanád,ORSZEM-CSONGRAD-CSANAD,KSH_COUNTY
13675,Tengeri,Baranya,ORSZEM-BARANYA,KSH_COUNTY
13684,Perenye,Vas,ORSZEM-VAS,KSH_COUNTY
13693,Táska,Somogy,ORSZEM-SOMOGY,KSH_COUNTY
13709,Nagyszokoly,Tolna,ORSZEM-TOLNA,KSH_COUNTY
13718,Horpács,Nógrád,ORSZEM-NOGRAD,KSH_COUNTY
13727,Gacsály,Szabolcs-Szatmár-Bereg,ORSZEM-SZABOLCS-SZATMAR-BEREG,KSH_COUNTY
13736,Zalavár,Zala,ORSZEM-ZALA,KSH_COUNTY
13745,Kőkút,Somogy,ORSZEM-SOMOGY,KSH_COUNTY
13754,Szanda,Nógrád,ORSZEM-NOGRAD,KSH_COUNTY
13763,Telkibánya,Borsod-Abaúj-Zemplén,ORSZEM-BORSOD-ABAUJ-ZEMPLEN,KSH_COUNTY
13772,Sáska,Veszprém,ORSZEM-VESZPREM,KSH_COUNTY
13781,Kiskorpád,Somogy,ORSZEM-SOMOGY,KSH_COUNTY
13790,Polány,Somogy,ORSZEM-SOMOGY,KSH_COUNTY
13806,Kömpöc,Bács-Kiskun,ORSZEM-BACS-KISKUN,KSH_COUNTY
13815,Tiszaföldvár,Jász-Nagykun-Szolnok,ORSZEM-JASZ-NAGYKUN-SZOLNOK,KSH_COUNTY
13824,Somodor,Somogy,ORSZEM-SOMOGY,KSH_COUNTY
13833,Mezőcsát,Borsod-Abaúj-Zemplén,ORSZEM-BORSOD-ABAUJ-ZEMPLEN,KSH_COUNTY
13842,Kozárd,Nógrád,ORSZEM-NOGRAD,KSH_COUNTY
13851,Csertő,Baranya,ORSZEM-BARANYA,KSH_COUNTY
13860,Pusztadobos,Szabolcs-Szatmár-Bereg,ORSZEM-SZABOLCS-SZATMAR-BEREG,KSH_COUNTY
13879,Ivád,Heves,ORSZEM-HEVES,KSH_COUNTY
13888,Tiszakeszi,Borsod-Abaúj-Zemplén,ORSZEM-BORSOD-ABAUJ-ZEMPLEN,KSH_COUNTY
13897,Vértesboglár,Fejér,ORSZEM-FEJER,KSH_COUNTY
13903,Nádasdladány,Fejér,ORSZEM-FEJER,KSH_COUNTY
13912,Magyarkeresztúr,Győr-Moson-Sopron,ORSZEM-GYOR-MOSON-SOPRON,KSH_COUNTY
13921,Iklódbördőce,Zala,ORSZEM-ZALA,KSH_COUNTY
13930,Porrogszentkirály,Somogy,ORSZEM-SOMOGY,KSH_COUNTY
13949,Hévízgyörk,Pest,ORSZEM-PEST,KSH_COUNTY
13958,Ják,Vas,ORSZEM-VAS,KSH_COUNTY
13976,Tiszakarád,Borsod-Abaúj-Zemplén,ORSZEM-BORSOD-ABAUJ-ZEMPLEN,KSH_COUNTY
13985,Felsőmocsolád,Somogy,ORSZEM-SOMOGY,KSH_COUNTY
13994,Bolhás,Somogy,ORSZEM-SOMOGY,KSH_COUNTY
14003,Nyíracsád,Hajdú-Bihar,ORSZEM-HAJDU-BIHAR,KSH_COUNTY
14012,Őrtilos,Somogy,ORSZEM-SOMOGY,KSH_COUNTY
14021,Lukácsháza,Vas,ORSZEM-VAS,KSH_COUNTY
14030,Nagymányok,Tolna,ORSZEM-TOLNA,KSH_COUNTY
14058,Fülöpszállás,Bács-Kiskun,ORSZEM-BACS-KISKUN,KSH_COUNTY
14067,Pápoc,Vas,ORSZEM-VAS,KSH_COUNTY
14076,Tenk,Heves,ORSZEM-HEVES,KSH_COUNTY
14085,Sénye,Zala,ORSZEM-ZALA,KSH_COUNTY
14094,Tiszaug,Bács-Kiskun,ORSZEM-BACS-KISKUN,KSH_COUNTY
14100,Kajdacs,Tolna,ORSZEM-TOLNA,KSH_COUNTY
14119,Bezedek,Baranya,ORSZEM-BARANYA,KSH_COUNTY
14128,Tarnaörs,Heves,ORSZEM-HEVES,KSH_COUNTY
14137,Bojt,Hajdú-Bihar,ORSZEM-HAJDU-BIHAR,KSH_COUNTY
14146,Tápiószele,Pest,ORSZEM-PEST,KSH_COUNTY
14155,Tokod,Komárom-Esztergom,ORSZEM-KOMAROM-ESZTERGOM,KSH_COUNTY
14164,Harc,Tolna,ORSZEM-TOLNA,KSH_COUNTY
14173,Bánd,Veszprém,ORSZEM-VESZPREM,KSH_COUNTY
14182,Várvölgy,Zala,ORSZEM-ZALA,KSH_COUNTY
14191,Nagyváty,Baranya,ORSZEM-BARANYA,KSH_COUNTY
14207,Rákóczifalva,Jász-Nagykun-Szolnok,ORSZEM-JASZ-NAGYKUN-SZOLNOK,KSH_COUNTY
14216,Budapest 11. ker.,főváros,ORSZEM-BUDAPEST,KSH_COUNTY
14225,Szentmargitfalva,Zala,ORSZEM-ZALA,KSH_COUNTY
14234,Buják,Nógrád,ORSZEM-NOGRAD,KSH_COUNTY
14243,Somlóvecse,Veszprém,ORSZEM-VESZPREM,KSH_COUNTY
14252,Apátfalva,Csongrád-Csanád,ORSZEM-CSONGRAD-CSANAD,KSH_COUNTY
14261,Táp,Győr-Moson-Sopron,ORSZEM-GYOR-MOSON-SOPRON,KSH_COUNTY
14270,Káptalanfa,Veszprém,ORSZEM-VESZPREM,KSH_COUNTY
14289,Csokvaomány,Borsod-Abaúj-Zemplén,ORSZEM-BORSOD-ABAUJ-ZEMPLEN,KSH_COUNTY
14298,Ramocsa,Zala,ORSZEM-ZALA,KSH_COUNTY
14304,Závod,Tolna,ORSZEM-TOLNA,KSH_COUNTY
14313,Sajókaza,Borsod-Abaúj-Zemplén,ORSZEM-BORSOD-ABAUJ-ZEMPLEN,KSH_COUNTY
14322,Vaspör,Zala,ORSZEM-ZALA,KSH_COUNTY
14331,Arló,Borsod-Abaúj-Zemplén,ORSZEM-BORSOD-ABAUJ-ZEMPLEN,KSH_COUNTY
14340,Pilisvörösvár,Pest,ORSZEM-PEST,KSH_COUNTY
14359,Kékcse,Szabolcs-Szatmár-Bereg,ORSZEM-SZABOLCS-SZATMAR-BEREG,KSH_COUNTY
14368,Bosta,Baranya,ORSZEM-BARANYA,KSH_COUNTY
14377,Fülpösdaróc,Szabolcs-Szatmár-Bereg,ORSZEM-SZABOLCS-SZATMAR-BEREG,KSH_COUNTY
14386,Kercseliget,Somogy,ORSZEM-SOMOGY,KSH_COUNTY
14395,Bakháza,Somogy,ORSZEM-SOMOGY,KSH_COUNTY
14401,Bodrogolaszi,Borsod-Abaúj-Zemplén,ORSZEM-BORSOD-ABAUJ-ZEMPLEN,KSH_COUNTY
14410,Kübekháza,Csongrád-Csanád,ORSZEM-CSONGRAD-CSANAD,KSH_COUNTY
14429,Alsógagy,Borsod-Abaúj-Zemplén,ORSZEM-BORSOD-ABAUJ-ZEMPLEN,KSH_COUNTY
14438,Répceszemere,Győr-Moson-Sopron,ORSZEM-GYOR-MOSON-SOPRON,KSH_COUNTY
14447,Tiszatelek,Szabolcs-Szatmár-Bereg,ORSZEM-SZABOLCS-SZATMAR-BEREG,KSH_COUNTY
14456,Szentes,Csongrád-Csanád,ORSZEM-CSONGRAD-CSANAD,KSH_COUNTY
14465,Tabajd,Fejér,ORSZEM-FEJER,KSH_COUNTY
14474,Boldogkőváralja,Borsod-Abaúj-Zemplén,ORSZEM-BORSOD-ABAUJ-ZEMPLEN,KSH_COUNTY
14483,Máriakéménd,Baranya,ORSZEM-BARANYA,KSH_COUNTY
14492,Ózd,Borsod-Abaúj-Zemplén,ORSZEM-BORSOD-ABAUJ-ZEMPLEN,KSH_COUNTY
14508,Dombrád,Szabolcs-Szatmár-Bereg,ORSZEM-SZABOLCS-SZATMAR-BEREG,KSH_COUNTY
14517,Kovácsszénája,Baranya,ORSZEM-BARANYA,KSH_COUNTY
14526,Heves,Heves,ORSZEM-HEVES,KSH_COUNTY
14535,Kömlő,Heves,ORSZEM-HEVES,KSH_COUNTY
14544,Tataháza,Bács-Kiskun,ORSZEM-BACS-KISKUN,KSH_COUNTY
14553,Kapolcs,Veszprém,ORSZEM-VESZPREM,KSH_COUNTY
14562,Balatonmáriafürdő,Somogy,ORSZEM-SOMOGY,KSH_COUNTY
14571,Tápiószentmárton,Pest,ORSZEM-PEST,KSH_COUNTY
14580,Vámosgyörk,Heves,ORSZEM-HEVES,KSH_COUNTY
14599,Görgeteg,Somogy,ORSZEM-SOMOGY,KSH_COUNTY
14605,Lápafő,Tolna,ORSZEM-TOLNA,KSH_COUNTY
14614,Ebes,Hajdú-Bihar,ORSZEM-HAJDU-BIHAR,KSH_COUNTY
14623,Zákány,Somogy,ORSZEM-SOMOGY,KSH_COUNTY
14632,Fonyód,Somogy,ORSZEM-SOMOGY,KSH_COUNTY
14641,Márkháza,Nógrád,ORSZEM-NOGRAD,KSH_COUNTY
14650,Nagynyárád,Baranya,ORSZEM-BARANYA,KSH_COUNTY
14669,Pilismarót,Komárom-Esztergom,ORSZEM-KOMAROM-ESZTERGOM,KSH_COUNTY
14678,Darvas,Hajdú-Bihar,ORSZEM-HAJDU-BIHAR,KSH_COUNTY
14687,Pinnye,Győr-Moson-Sopron,ORSZEM-GYOR-MOSON-SOPRON,KSH_COUNTY
14696,Nyíribrony,Szabolcs-Szatmár-Bereg,ORSZEM-SZABOLCS-SZATMAR-BEREG,KSH_COUNTY
14702,Kissikátor,Borsod-Abaúj-Zemplén,ORSZEM-BORSOD-ABAUJ-ZEMPLEN,KSH_COUNTY
14711,Szálka,Tolna,ORSZEM-TOLNA,KSH_COUNTY
14720,Pálfiszeg,Zala,ORSZEM-ZALA,KSH_COUNTY
14739,Rakamaz,Szabolcs-Szatmár-Bereg,ORSZEM-SZABOLCS-SZATMAR-BEREG,KSH_COUNTY
14748,Kimle,Győr-Moson-Sopron,ORSZEM-GYOR-MOSON-SOPRON,KSH_COUNTY
14757,Noszlop,Veszprém,ORSZEM-VESZPREM,KSH_COUNTY
14766,Dunatetétlen,Bács-Kiskun,ORSZEM-BACS-KISKUN,KSH_COUNTY
14775,Nagybörzsöny,Pest,ORSZEM-PEST,KSH_COUNTY
14784,Tardona,Borsod-Abaúj-Zemplén,ORSZEM-BORSOD-ABAUJ-ZEMPLEN,KSH_COUNTY
14793,Rábakecöl,Győr-Moson-Sopron,ORSZEM-GYOR-MOSON-SOPRON,KSH_COUNTY
14809,Mersevát,Vas,ORSZEM-VAS,KSH_COUNTY
14818,Bonyhádvarasd,Tolna,ORSZEM-TOLNA,KSH_COUNTY
14827,Székesfehérvár,Fejér,ORSZEM-FEJER,KSH_COUNTY
14836,Zagyvarékas,Jász-Nagykun-Szolnok,ORSZEM-JASZ-NAGYKUN-SZOLNOK,KSH_COUNTY
14845,Nyírbátor,Szabolcs-Szatmár-Bereg,ORSZEM-SZABOLCS-SZATMAR-BEREG,KSH_COUNTY
14854,Szabadi,Somogy,ORSZEM-SOMOGY,KSH_COUNTY
14863,Látrány,Somogy,ORSZEM-SOMOGY,KSH_COUNTY
14872,Mátraderecske,Heves,ORSZEM-HEVES,KSH_COUNTY
14881,Sóshartyán,Nógrád,ORSZEM-NOGRAD,KSH_COUNTY
14890,Tomor,Borsod-Abaúj-Zemplén,ORSZEM-BORSOD-ABAUJ-ZEMPLEN,KSH_COUNTY
14906,Sármellék,Zala,ORSZEM-ZALA,KSH_COUNTY
14915,Mályinka,Borsod-Abaúj-Zemplén,ORSZEM-BORSOD-ABAUJ-ZEMPLEN,KSH_COUNTY
14924,Újszentiván,Csongrád-Csanád,ORSZEM-CSONGRAD-CSANAD,KSH_COUNTY
14933,Bodony,Heves,ORSZEM-HEVES,KSH_COUNTY
14942,Ságvár,Somogy,ORSZEM-SOMOGY,KSH_COUNTY
14951,Sukoró,Fejér,ORSZEM-FEJER,KSH_COUNTY
14960,Zebegény,Pest,ORSZEM-PEST,KSH_COUNTY
14979,Nagyrécse,Zala,ORSZEM-ZALA,KSH_COUNTY
14988,Pecöl,Vas,ORSZEM-VAS,KSH_COUNTY
14997,Hegyháthodász,Vas,ORSZEM-VAS,KSH_COUNTY
15006,Németkér,Tolna,ORSZEM-TOLNA,KSH_COUNTY
15015,Tápióbicske,Pest,ORSZEM-PEST,KSH_COUNTY
15024,Páty,Pest,ORSZEM-PEST,KSH_COUNTY
15033,Enese,Győr-Moson-Sopron,ORSZEM-GYOR-MOSON-SOPRON,KSH_COUNTY
15042,Babót,Győr-Moson-Sopron,ORSZEM-GYOR-MOSON-SOPRON,KSH_COUNTY
15051,Matty,Baranya,ORSZEM-BARANYA,KSH_COUNTY
15060,Nagymizdó,Vas,ORSZEM-VAS,KSH_COUNTY
15079,Szabadszentkirály,Baranya,ORSZEM-BARANYA,KSH_COUNTY
15088,Hetyefő,Veszprém,ORSZEM-VESZPREM,KSH_COUNTY
15097,Baktüttös,Zala,ORSZEM-ZALA,KSH_COUNTY
15103,Szenna,Somogy,ORSZEM-SOMOGY,KSH_COUNTY
15112,Kerkafalva,Zala,ORSZEM-ZALA,KSH_COUNTY
15121,Osli,Győr-Moson-Sopron,ORSZEM-GYOR-MOSON-SOPRON,KSH_COUNTY
15130,Debrecen,Hajdú-Bihar,ORSZEM-HAJDU-BIHAR,KSH_COUNTY
15149,Vámosújfalu,Borsod-Abaúj-Zemplén,ORSZEM-BORSOD-ABAUJ-ZEMPLEN,KSH_COUNTY
15158,Zsana,Bács-Kiskun,ORSZEM-BACS-KISKUN,KSH_COUNTY
15167,Bakonszeg,Hajdú-Bihar,ORSZEM-HAJDU-BIHAR,KSH_COUNTY
15176,Alcsútdoboz,Fejér,ORSZEM-FEJER,KSH_COUNTY
15185,Szigetszentmárton,Pest,ORSZEM-PEST,KSH_COUNTY
15194,Szólád,Somogy,ORSZEM-SOMOGY,KSH_COUNTY
15200,Békéscsaba,Békés,ORSZEM-BEKES,KSH_COUNTY
15219,Marócsa,Baranya,ORSZEM-BARANYA,KSH_COUNTY
15228,Győrzámoly,Győr-Moson-Sopron,ORSZEM-GYOR-MOSON-SOPRON,KSH_COUNTY
15237,Egyházasfalu,Győr-Moson-Sopron,ORSZEM-GYOR-MOSON-SOPRON,KSH_COUNTY
15246,Pusztamonostor,Jász-Nagykun-Szolnok,ORSZEM-JASZ-NAGYKUN-SZOLNOK,KSH_COUNTY
15255,Lábatlan,Komárom-Esztergom,ORSZEM-KOMAROM-ESZTERGOM,KSH_COUNTY
15264,Kéked,Borsod-Abaúj-Zemplén,ORSZEM-BORSOD-ABAUJ-ZEMPLEN,KSH_COUNTY
15273,Rábaszentandrás,Győr-Moson-Sopron,ORSZEM-GYOR-MOSON-SOPRON,KSH_COUNTY
15282,Vértessomló,Komárom-Esztergom,ORSZEM-KOMAROM-ESZTERGOM,KSH_COUNTY
15291,Újszász,Jász-Nagykun-Szolnok,ORSZEM-JASZ-NAGYKUN-SZOLNOK,KSH_COUNTY
15307,Kápolna,Heves,ORSZEM-HEVES,KSH_COUNTY
15316,Szakadát,Tolna,ORSZEM-TOLNA,KSH_COUNTY
15325,Szátok,Nógrád,ORSZEM-NOGRAD,KSH_COUNTY
15334,Vasegerszeg,Vas,ORSZEM-VAS,KSH_COUNTY
15343,Fertőszentmiklós,Győr-Moson-Sopron,ORSZEM-GYOR-MOSON-SOPRON,KSH_COUNTY
15352,Nyergesújfalu,Komárom-Esztergom,ORSZEM-KOMAROM-ESZTERGOM,KSH_COUNTY
15361,Hajmáskér,Veszprém,ORSZEM-VESZPREM,KSH_COUNTY
15370,Etes,Nógrád,ORSZEM-NOGRAD,KSH_COUNTY
15389,Pécsdevecser,Baranya,ORSZEM-BARANYA,KSH_COUNTY
15398,Pirtó,Bács-Kiskun,ORSZEM-BACS-KISKUN,KSH_COUNTY
15404,Szulimán,Baranya,ORSZEM-BARANYA,KSH_COUNTY
15413,Pusztaradvány,Borsod-Abaúj-Zemplén,ORSZEM-BORSOD-ABAUJ-ZEMPLEN,KSH_COUNTY
15422,Rábatamási,Győr-Moson-Sopron,ORSZEM-GYOR-MOSON-SOPRON,KSH_COUNTY
15431,Petőfiszállás,Bács-Kiskun,ORSZEM-BACS-KISKUN,KSH_COUNTY
15440,Szentendre,Pest,ORSZEM-PEST,KSH_COUNTY
15459,Regöly,Tolna,ORSZEM-TOLNA,KSH_COUNTY
15468,Nagyhuta,Borsod-Abaúj-Zemplén,ORSZEM-BORSOD-ABAUJ-ZEMPLEN,KSH_COUNTY
15477,Kismarja,Hajdú-Bihar,ORSZEM-HAJDU-BIHAR,KSH_COUNTY
15486,Kiszsidány,Vas,ORSZEM-VAS,KSH_COUNTY
15495,Basal,Baranya,ORSZEM-BARANYA,KSH_COUNTY
15501,Bősárkány,Győr-Moson-Sopron,ORSZEM-GYOR-MOSON-SOPRON,KSH_COUNTY
15510,Kőröshegy,Somogy,ORSZEM-SOMOGY,KSH_COUNTY
15529,Pér,Győr-Moson-Sopron,ORSZEM-GYOR-MOSON-SOPRON,KSH_COUNTY
15538,Kővágószőlős,Baranya,ORSZEM-BARANYA,KSH_COUNTY
15547,Pénzesgyőr,Veszprém,ORSZEM-VESZPREM,KSH_COUNTY
15556,Sand,Zala,ORSZEM-ZALA,KSH_COUNTY
15565,Balatonudvari,Veszprém,ORSZEM-VESZPREM,KSH_COUNTY
15574,Nagykörű,Jász-Nagykun-Szolnok,ORSZEM-JASZ-NAGYKUN-SZOLNOK,KSH_COUNTY
15583,Pusztazámor,Pest,ORSZEM-PEST,KSH_COUNTY
15592,Patosfa,Somogy,ORSZEM-SOMOGY,KSH_COUNTY
15608,Gesztely,Borsod-Abaúj-Zemplén,ORSZEM-BORSOD-ABAUJ-ZEMPLEN,KSH_COUNTY
15617,Zalkod,Borsod-Abaúj-Zemplén,ORSZEM-BORSOD-ABAUJ-ZEMPLEN,KSH_COUNTY
15626,Somogysámson,Somogy,ORSZEM-SOMOGY,KSH_COUNTY
15635,Tarrós,Baranya,ORSZEM-BARANYA,KSH_COUNTY
15644,Tiszacsege,Hajdú-Bihar,ORSZEM-HAJDU-BIHAR,KSH_COUNTY
15653,Győrszemere,Győr-Moson-Sopron,ORSZEM-GYOR-MOSON-SOPRON,KSH_COUNTY
15662,Abaújalpár,Borsod-Abaúj-Zemplén,ORSZEM-BORSOD-ABAUJ-ZEMPLEN,KSH_COUNTY
15671,Pósfa,Vas,ORSZEM-VAS,KSH_COUNTY
15680,Jósvafő,Borsod-Abaúj-Zemplén,ORSZEM-BORSOD-ABAUJ-ZEMPLEN,KSH_COUNTY
15699,Csikéria,Bács-Kiskun,ORSZEM-BACS-KISKUN,KSH_COUNTY
15705,Vilonya,Veszprém,ORSZEM-VESZPREM,KSH_COUNTY
15714,Szárföld,Győr-Moson-Sopron,ORSZEM-GYOR-MOSON-SOPRON,KSH_COUNTY
15723,Mesteri,Vas,ORSZEM-VAS,KSH_COUNTY
15732,Kaposújlak,Somogy,ORSZEM-SOMOGY,KSH_COUNTY
15741,Egyek,Hajdú-Bihar,ORSZEM-HAJDU-BIHAR,KSH_COUNTY
15750,Gánt,Fejér,ORSZEM-FEJER,KSH_COUNTY
15769,Esztergályhorváti,Zala,ORSZEM-ZALA,KSH_COUNTY
15778,Barnag,Veszprém,ORSZEM-VESZPREM,KSH_COUNTY
15787,Tiszaörs,Jász-Nagykun-Szolnok,ORSZEM-JASZ-NAGYKUN-SZOLNOK,KSH_COUNTY
15796,Ludas,Heves,ORSZEM-HEVES,KSH_COUNTY
15802,Nyírbéltek,Szabolcs-Szatmár-Bereg,ORSZEM-SZABOLCS-SZATMAR-BEREG,KSH_COUNTY
15811,Jászboldogháza,Jász-Nagykun-Szolnok,ORSZEM-JASZ-NAGYKUN-SZOLNOK,KSH_COUNTY
15820,Felsőnána,Tolna,ORSZEM-TOLNA,KSH_COUNTY
15839,Hernádbűd,Borsod-Abaúj-Zemplén,ORSZEM-BORSOD-ABAUJ-ZEMPLEN,KSH_COUNTY
15848,Zengővárkony,Baranya,ORSZEM-BARANYA,KSH_COUNTY
15857,Lak,Borsod-Abaúj-Zemplén,ORSZEM-BORSOD-ABAUJ-ZEMPLEN,KSH_COUNTY
15866,Szentlőrinc,Baranya,ORSZEM-BARANYA,KSH_COUNTY
15875,Dunaszentpál,Győr-Moson-Sopron,ORSZEM-GYOR-MOSON-SOPRON,KSH_COUNTY
15884,Drávatamási,Somogy,ORSZEM-SOMOGY,KSH_COUNTY
15893,Pácin,Borsod-Abaúj-Zemplén,ORSZEM-BORSOD-ABAUJ-ZEMPLEN,KSH_COUNTY
15909,Nágocs,Somogy,ORSZEM-SOMOGY,KSH_COUNTY
15918,Gyúró,Fejér,ORSZEM-FEJER,KSH_COUNTY
15927,Jákó,Somogy,ORSZEM-SOMOGY,KSH_COUNTY
15936,Gönc,Borsod-Abaúj-Zemplén,ORSZEM-BORSOD-ABAUJ-ZEMPLEN,KSH_COUNTY
15945,Sajómercse,Borsod-Abaúj-Zemplén,ORSZEM-BORSOD-ABAUJ-ZEMPLEN,KSH_COUNTY
15954,Cirák,Győr-Moson-Sopron,ORSZEM-GYOR-MOSON-SOPRON,KSH_COUNTY
15963,Balsa,Szabolcs-Szatmár-Bereg,ORSZEM-SZABOLCS-SZATMAR-BEREG,KSH_COUNTY
15972,Jenő,Fejér,ORSZEM-FEJER,KSH_COUNTY
15981,Somogydöröcske,Somogy,ORSZEM-SOMOGY,KSH_COUNTY
15990,Daraboshegy,Vas,ORSZEM-VAS,KSH_COUNTY
16009,Dötk,Zala,ORSZEM-ZALA,KSH_COUNTY
16018,Mélykút,Bács-Kiskun,ORSZEM-BACS-KISKUN,KSH_COUNTY
16027,Monyoród,Baranya,ORSZEM-BARANYA,KSH_COUNTY
16036,Kisnamény,Szabolcs-Szatmár-Bereg,ORSZEM-SZABOLCS-SZATMAR-BEREG,KSH_COUNTY
16045,Kunágota,Békés,ORSZEM-BEKES,KSH_COUNTY
16054,Sajószentpéter,Borsod-Abaúj-Zemplén,ORSZEM-BORSOD-ABAUJ-ZEMPLEN,KSH_COUNTY
16063,Szajla,Heves,ORSZEM-HEVES,KSH_COUNTY
16072,Csajág,Veszprém,ORSZEM-VESZPREM,KSH_COUNTY
16081,Kispáli,Zala,ORSZEM-ZALA,KSH_COUNTY
16090,Atkár,Heves,ORSZEM-HEVES,KSH_COUNTY
16106,Mesztegnyő,Somogy,ORSZEM-SOMOGY,KSH_COUNTY
16115,Pellérd,Baranya,ORSZEM-BARANYA,KSH_COUNTY
16124,Borsodgeszt,Borsod-Abaúj-Zemplén,ORSZEM-BORSOD-ABAUJ-ZEMPLEN,KSH_COUNTY
16133,Rakacaszend,Borsod-Abaúj-Zemplén,ORSZEM-BORSOD-ABAUJ-ZEMPLEN,KSH_COUNTY
16142,Külsővat,Veszprém,ORSZEM-VESZPREM,KSH_COUNTY
16151,Dozmat,Vas,ORSZEM-VAS,KSH_COUNTY
16160,Tarnaszentmiklós,Heves,ORSZEM-HEVES,KSH_COUNTY
16179,Szögliget,Borsod-Abaúj-Zemplén,ORSZEM-BORSOD-ABAUJ-ZEMPLEN,KSH_COUNTY
16188,Aszód,Pest,ORSZEM-PEST,KSH_COUNTY
16197,Ambrózfalva,Csongrád-Csanád,ORSZEM-CSONGRAD-CSANAD,KSH_COUNTY
16203,Záhony,Szabolcs-Szatmár-Bereg,ORSZEM-SZABOLCS-SZATMAR-BEREG,KSH_COUNTY
16212,Tanakajd,Vas,ORSZEM-VAS,KSH_COUNTY
16221,Lipót,Győr-Moson-Sopron,ORSZEM-GYOR-MOSON-SOPRON,KSH_COUNTY
16230,Tiszaderzs,Jász-Nagykun-Szolnok,ORSZEM-JASZ-NAGYKUN-SZOLNOK,KSH_COUNTY
16249,Kiscsehi,Zala,ORSZEM-ZALA,KSH_COUNTY
16258,Lad,Somogy,ORSZEM-SOMOGY,KSH_COUNTY
16267,Szentkirályszabadja,Veszprém,ORSZEM-VESZPREM,KSH_COUNTY
16276,Ordas,Bács-Kiskun,ORSZEM-BACS-KISKUN,KSH_COUNTY
16285,Mindszentgodisa,Baranya,ORSZEM-BARANYA,KSH_COUNTY
16294,Uszód,Bács-Kiskun,ORSZEM-BACS-KISKUN,KSH_COUNTY
16300,Szamoskér,Szabolcs-Szatmár-Bereg,ORSZEM-SZABOLCS-SZATMAR-BEREG,KSH_COUNTY
16319,Völcsej,Győr-Moson-Sopron,ORSZEM-GYOR-MOSON-SOPRON,KSH_COUNTY
16328,Felsőtárkány,Heves,ORSZEM-HEVES,KSH_COUNTY
16337,Budapest 14. ker.,főváros,ORSZEM-BUDAPEST,KSH_COUNTY
16346,Besnyő,Fejér,ORSZEM-FEJER,KSH_COUNTY
16355,Szentlászló,Baranya,ORSZEM-BARANYA,KSH_COUNTY
16364,Kisvásárhely,Zala,ORSZEM-ZALA,KSH_COUNTY
16373,Csávoly,Bács-Kiskun,ORSZEM-BACS-KISKUN,KSH_COUNTY
16382,Tótszentmárton,Zala,ORSZEM-ZALA,KSH_COUNTY
16391,Nagybárkány,Nógrád,ORSZEM-NOGRAD,KSH_COUNTY
16407,Tótújfalu,Somogy,ORSZEM-SOMOGY,KSH_COUNTY
16416,Császár,Komárom-Esztergom,ORSZEM-KOMAROM-ESZTERGOM,KSH_COUNTY
16425,Alsópetény,Nógrád,ORSZEM-NOGRAD,KSH_COUNTY
16434,Tótkomlós,Békés,ORSZEM-BEKES,KSH_COUNTY
16443,Markóc,Baranya,ORSZEM-BARANYA,KSH_COUNTY
16452,Nagyvejke,Tolna,ORSZEM-TOLNA,KSH_COUNTY
16461,Berkesd,Baranya,ORSZEM-BARANYA,KSH_COUNTY
16470,Balatonújlak,Somogy,ORSZEM-SOMOGY,KSH_COUNTY
16489,Szápár,Veszprém,ORSZEM-VESZPREM,KSH_COUNTY
16498,Egyházasharaszti,Baranya,ORSZEM-BARANYA,KSH_COUNTY
16504,Szaknyér,Vas,ORSZEM-VAS,KSH_COUNTY
16513,Nagyrada,Zala,ORSZEM-ZALA,KSH_COUNTY
16522,Nyírvasvári,Szabolcs-Szatmár-Bereg,ORSZEM-SZABOLCS-SZATMAR-BEREG,KSH_COUNTY
16531,Fűzvölgy,Zala,ORSZEM-ZALA,KSH_COUNTY
16540,Markaz,Heves,ORSZEM-HEVES,KSH_COUNTY
16559,Komlóska,Borsod-Abaúj-Zemplén,ORSZEM-BORSOD-ABAUJ-ZEMPLEN,KSH_COUNTY
16568,Görbeháza,Hajdú-Bihar,ORSZEM-HAJDU-BIHAR,KSH_COUNTY
16577,Imola,Borsod-Abaúj-Zemplén,ORSZEM-BORSOD-ABAUJ-ZEMPLEN,KSH_COUNTY
16586,Budapest 06. ker.,főváros,ORSZEM-BUDAPEST,KSH_COUNTY
16595,Oroszi,Veszprém,ORSZEM-VESZPREM,KSH_COUNTY
16601,Balatonszabadi,Somogy,ORSZEM-SOMOGY,KSH_COUNTY
16610,Egercsehi,Heves,ORSZEM-HEVES,KSH_COUNTY
16629,Magy,Szabolcs-Szatmár-Bereg,ORSZEM-SZABOLCS-SZATMAR-BEREG,KSH_COUNTY
16638,Sajópetri,Borsod-Abaúj-Zemplén,ORSZEM-BORSOD-ABAUJ-ZEMPLEN,KSH_COUNTY
16647,Fegyvernek,Jász-Nagykun-Szolnok,ORSZEM-JASZ-NAGYKUN-SZOLNOK,KSH_COUNTY
16656,Vászoly,Veszprém,ORSZEM-VESZPREM,KSH_COUNTY
16665,Kölcse,Szabolcs-Szatmár-Bereg,ORSZEM-SZABOLCS-SZATMAR-BEREG,KSH_COUNTY
16674,Töltéstava,Győr-Moson-Sopron,ORSZEM-GYOR-MOSON-SOPRON,KSH_COUNTY
16683,Káloz,Fejér,ORSZEM-FEJER,KSH_COUNTY
16692,Szőc,Veszprém,ORSZEM-VESZPREM,KSH_COUNTY
16708,Écs,Győr-Moson-Sopron,ORSZEM-GYOR-MOSON-SOPRON,KSH_COUNTY
16717,Gic,Veszprém,ORSZEM-VESZPREM,KSH_COUNTY
16726,Hedrehely,Somogy,ORSZEM-SOMOGY,KSH_COUNTY
16735,Tarany,Somogy,ORSZEM-SOMOGY,KSH_COUNTY
16744,Bajna,Komárom-Esztergom,ORSZEM-KOMAROM-ESZTERGOM,KSH_COUNTY
16753,Szalonna,Borsod-Abaúj-Zemplén,ORSZEM-BORSOD-ABAUJ-ZEMPLEN,KSH_COUNTY
16762,Váncsod,Hajdú-Bihar,ORSZEM-HAJDU-BIHAR,KSH_COUNTY
16771,Székelyszabar,Baranya,ORSZEM-BARANYA,KSH_COUNTY
16780,Hejőpapi,Borsod-Abaúj-Zemplén,ORSZEM-BORSOD-ABAUJ-ZEMPLEN,KSH_COUNTY
16799,Borsodszirák,Borsod-Abaúj-Zemplén,ORSZEM-BORSOD-ABAUJ-ZEMPLEN,KSH_COUNTY
16805,Kékesd,Baranya,ORSZEM-BARANYA,KSH_COUNTY
16814,Szedres,Tolna,ORSZEM-TOLNA,KSH_COUNTY
16823,Ordacsehi,Somogy,ORSZEM-SOMOGY,KSH_COUNTY
16832,Kőszeg,Vas,ORSZEM-VAS,KSH_COUNTY
16841,Csány,Heves,ORSZEM-HEVES,KSH_COUNTY
16850,Pórszombat,Zala,ORSZEM-ZALA,KSH_COUNTY
16869,Zsebeháza,Győr-Moson-Sopron,ORSZEM-GYOR-MOSON-SOPRON,KSH_COUNTY
16878,Hugyag,Nógrád,ORSZEM-NOGRAD,KSH_COUNTY
16887,Horvátzsidány,Vas,ORSZEM-VAS,KSH_COUNTY
16896,Zalaigrice,Zala,ORSZEM-ZALA,KSH_COUNTY
16902,Tornabarakony,Borsod-Abaúj-Zemplén,ORSZEM-BORSOD-ABAUJ-ZEMPLEN,KSH_COUNTY
16911,Kemeneskápolna,Vas,ORSZEM-VAS,KSH_COUNTY
16920,Pusztaapáti,Zala,ORSZEM-ZALA,KSH_COUNTY
16939,Orgovány,Bács-Kiskun,ORSZEM-BACS-KISKUN,KSH_COUNTY
16948,Mátyásdomb,Fejér,ORSZEM-FEJER,KSH_COUNTY
16957,Tornyospálca,Szabolcs-Szatmár-Bereg,ORSZEM-SZABOLCS-SZATMAR-BEREG,KSH_COUNTY
16966,Tiszasziget,Csongrád-Csanád,ORSZEM-CSONGRAD-CSANAD,KSH_COUNTY
16975,Kisherend,Baranya,ORSZEM-BARANYA,KSH_COUNTY
16984,Szellő,Baranya,ORSZEM-BARANYA,KSH_COUNTY
16993,Furta,Hajdú-Bihar,ORSZEM-HAJDU-BIHAR,KSH_COUNTY
17002,Balatongyörök,Zala,ORSZEM-ZALA,KSH_COUNTY
17011,Paloznak,Veszprém,ORSZEM-VESZPREM,KSH_COUNTY
17020,Bajánsenye,Vas,ORSZEM-VAS,KSH_COUNTY
17039,Tagyon,Veszprém,ORSZEM-VESZPREM,KSH_COUNTY
17048,Pusztafalu,Borsod-Abaúj-Zemplén,ORSZEM-BORSOD-ABAUJ-ZEMPLEN,KSH_COUNTY
17057,Zalavég,Zala,ORSZEM-ZALA,KSH_COUNTY
17066,Keresztéte,Borsod-Abaúj-Zemplén,ORSZEM-BORSOD-ABAUJ-ZEMPLEN,KSH_COUNTY
17075,Jánd,Szabolcs-Szatmár-Bereg,ORSZEM-SZABOLCS-SZATMAR-BEREG,KSH_COUNTY
17084,Penészlek,Szabolcs-Szatmár-Bereg,ORSZEM-SZABOLCS-SZATMAR-BEREG,KSH_COUNTY
17093,Orfalu,Vas,ORSZEM-VAS,KSH_COUNTY
17109,Füzér,Borsod-Abaúj-Zemplén,ORSZEM-BORSOD-ABAUJ-ZEMPLEN,KSH_COUNTY
17118,Resznek,Zala,ORSZEM-ZALA,KSH_COUNTY
17127,Beleg,Somogy,ORSZEM-SOMOGY,KSH_COUNTY
17136,Hernádszentandrás,Borsod-Abaúj-Zemplén,ORSZEM-BORSOD-ABAUJ-ZEMPLEN,KSH_COUNTY
17145,Kenderes,Jász-Nagykun-Szolnok,ORSZEM-JASZ-NAGYKUN-SZOLNOK,KSH_COUNTY
17154,Balatonszepezd,Veszprém,ORSZEM-VESZPREM,KSH_COUNTY
17163,Tarnazsadány,Heves,ORSZEM-HEVES,KSH_COUNTY
17172,Dabronc,Veszprém,ORSZEM-VESZPREM,KSH_COUNTY
17181,Ecséd,Heves,ORSZEM-HEVES,KSH_COUNTY
17190,Helesfa,Baranya,ORSZEM-BARANYA,KSH_COUNTY
17206,Nyíregyháza,Szabolcs-Szatmár-Bereg,ORSZEM-SZABOLCS-SZATMAR-BEREG,KSH_COUNTY
17215,Porcsalma,Szabolcs-Szatmár-Bereg,ORSZEM-SZABOLCS-SZATMAR-BEREG,KSH_COUNTY
17224,Petneháza,Szabolcs-Szatmár-Bereg,ORSZEM-SZABOLCS-SZATMAR-BEREG,KSH_COUNTY
17233,Nagymágocs,Csongrád-Csanád,ORSZEM-CSONGRAD-CSANAD,KSH_COUNTY
17242,Pogány,Baranya,ORSZEM-BARANYA,KSH_COUNTY
17251,Várgesztes,Komárom-Esztergom,ORSZEM-KOMAROM-ESZTERGOM,KSH_COUNTY
17260,Ráckeve,Pest,ORSZEM-PEST,KSH_COUNTY
17279,Juta,Somogy,ORSZEM-SOMOGY,KSH_COUNTY
17288,Magyarszecsőd,Vas,ORSZEM-VAS,KSH_COUNTY
17297,Rábaszentmiklós,Győr-Moson-Sopron,ORSZEM-GYOR-MOSON-SOPRON,KSH_COUNTY
17303,Tápiógyörgye,Pest,ORSZEM-PEST,KSH_COUNTY
17312,Százhalombatta,Pest,ORSZEM-PEST,KSH_COUNTY
17321,Taliándörögd,Veszprém,ORSZEM-VESZPREM,KSH_COUNTY
17330,Kisbér,Komárom-Esztergom,ORSZEM-KOMAROM-ESZTERGOM,KSH_COUNTY
17349,Kiscsécs,Borsod-Abaúj-Zemplén,ORSZEM-BORSOD-ABAUJ-ZEMPLEN,KSH_COUNTY
17358,Buzsák,Somogy,ORSZEM-SOMOGY,KSH_COUNTY
17367,Nárai,Vas,ORSZEM-VAS,KSH_COUNTY
17376,Aba,Fejér,ORSZEM-FEJER,KSH_COUNTY
17385,Alsómocsolád,Baranya,ORSZEM-BARANYA,KSH_COUNTY
17394,Geszt,Békés,ORSZEM-BEKES,KSH_COUNTY
17400,Zalaapáti,Zala,ORSZEM-ZALA,KSH_COUNTY
17419,Drávafok,Baranya,ORSZEM-BARANYA,KSH_COUNTY
17428,Rozsály,Szabolcs-Szatmár-Bereg,ORSZEM-SZABOLCS-SZATMAR-BEREG,KSH_COUNTY
17437,Jásd,Veszprém,ORSZEM-VESZPREM,KSH_COUNTY
17446,Kelevíz,Somogy,ORSZEM-SOMOGY,KSH_COUNTY
17455,Kokad,Hajdú-Bihar,ORSZEM-HAJDU-BIHAR,KSH_COUNTY
17464,Kásád,Baranya,ORSZEM-BARANYA,KSH_COUNTY
17473,Hajdúszovát,Hajdú-Bihar,ORSZEM-HAJDU-BIHAR,KSH_COUNTY
17482,Újbarok,Fejér,ORSZEM-FEJER,KSH_COUNTY
17491,Zselicszentpál,Somogy,ORSZEM-SOMOGY,KSH_COUNTY
17507,Románd,Győr-Moson-Sopron,ORSZEM-GYOR-MOSON-SOPRON,KSH_COUNTY
17516,Gáborjánháza,Zala,ORSZEM-ZALA,KSH_COUNTY
17525,Polgárdi,Fejér,ORSZEM-FEJER,KSH_COUNTY
17534,Gyöngyöshalász,Heves,ORSZEM-HEVES,KSH_COUNTY
17543,Bocfölde,Zala,ORSZEM-ZALA,KSH_COUNTY
17552,Mezőfalva,Fejér,ORSZEM-FEJER,KSH_COUNTY
17561,Nemesvid,Somogy,ORSZEM-SOMOGY,KSH_COUNTY
17570,Lesencefalu,Veszprém,ORSZEM-VESZPREM,KSH_COUNTY
17589,Jármi,Szabolcs-Szatmár-Bereg,ORSZEM-SZABOLCS-SZATMAR-BEREG,KSH_COUNTY
17598,Valkó,Pest,ORSZEM-PEST,KSH_COUNTY
17604,Liget,Baranya,ORSZEM-BARANYA,KSH_COUNTY
17613,Gombosszeg,Zala,ORSZEM-ZALA,KSH_COUNTY
17622,Úrhida,Fejér,ORSZEM-FEJER,KSH_COUNTY
17631,Siófok,Somogy,ORSZEM-SOMOGY,KSH_COUNTY
17640,Keszőhidegkút,Tolna,ORSZEM-TOLNA,KSH_COUNTY
17659,Egyházasdengeleg,Nógrád,ORSZEM-NOGRAD,KSH_COUNTY
17668,Vácrátót,Pest,ORSZEM-PEST,KSH_COUNTY
17677,Lajosmizse,Bács-Kiskun,ORSZEM-BACS-KISKUN,KSH_COUNTY
17686,Ágasegyháza,Bács-Kiskun,ORSZEM-BACS-KISKUN,KSH_COUNTY
17695,Tiszasüly,Jász-Nagykun-Szolnok,ORSZEM-JASZ-NAGYKUN-SZOLNOK,KSH_COUNTY
17710,Kisdorog,Tolna,ORSZEM-TOLNA,KSH_COUNTY
17729,Szarvaskend,Vas,ORSZEM-VAS,KSH_COUNTY
17738,Igar,Fejér,ORSZEM-FEJER,KSH_COUNTY
17747,Zádor,Baranya,ORSZEM-BARANYA,KSH_COUNTY
17756,Demecser,Szabolcs-Szatmár-Bereg,ORSZEM-SZABOLCS-SZATMAR-BEREG,KSH_COUNTY
17765,Zsombó,Csongrád-Csanád,ORSZEM-CSONGRAD-CSANAD,KSH_COUNTY
17774,Pusztavám,Fejér,ORSZEM-FEJER,KSH_COUNTY
17783,Mogyoród,Pest,ORSZEM-PEST,KSH_COUNTY
17792,Patapoklosi,Baranya,ORSZEM-BARANYA,KSH_COUNTY
17808,Újszilvás,Pest,ORSZEM-PEST,KSH_COUNTY
17817,Tiszabecs,Szabolcs-Szatmár-Bereg,ORSZEM-SZABOLCS-SZATMAR-BEREG,KSH_COUNTY
17826,Mándok,Szabolcs-Szatmár-Bereg,ORSZEM-SZABOLCS-SZATMAR-BEREG,KSH_COUNTY
17835,Fazekasboda,Baranya,ORSZEM-BARANYA,KSH_COUNTY
17844,Tikos,Somogy,ORSZEM-SOMOGY,KSH_COUNTY
17853,Szilvágy,Zala,ORSZEM-ZALA,KSH_COUNTY
17862,Pusztaberki,Nógrád,ORSZEM-NOGRAD,KSH_COUNTY
17871,Lesencetomaj,Veszprém,ORSZEM-VESZPREM,KSH_COUNTY
17880,Vásárosfalu,Győr-Moson-Sopron,ORSZEM-GYOR-MOSON-SOPRON,KSH_COUNTY
17899,Kölked,Baranya,ORSZEM-BARANYA,KSH_COUNTY
17905,Hegyeshalom,Győr-Moson-Sopron,ORSZEM-GYOR-MOSON-SOPRON,KSH_COUNTY
17914,Felsőnyék,Tolna,ORSZEM-TOLNA,KSH_COUNTY
17923,Jakabszállás,Bács-Kiskun,ORSZEM-BACS-KISKUN,KSH_COUNTY
17932,Fony,Borsod-Abaúj-Zemplén,ORSZEM-BORSOD-ABAUJ-ZEMPLEN,KSH_COUNTY
17941,Nagyatád,Somogy,ORSZEM-SOMOGY,KSH_COUNTY
17950,Fürged,Tolna,ORSZEM-TOLNA,KSH_COUNTY
17969,Gyalóka,Győr-Moson-Sopron,ORSZEM-GYOR-MOSON-SOPRON,KSH_COUNTY
17978,Jászdózsa,Jász-Nagykun-Szolnok,ORSZEM-JASZ-NAGYKUN-SZOLNOK,KSH_COUNTY
17987,Andornaktálya,Heves,ORSZEM-HEVES,KSH_COUNTY
17996,Rábatöttös,Vas,ORSZEM-VAS,KSH_COUNTY
18005,Szamosangyalos,Szabolcs-Szatmár-Bereg,ORSZEM-SZABOLCS-SZATMAR-BEREG,KSH_COUNTY
18023,Nemesrádó,Zala,ORSZEM-ZALA,KSH_COUNTY
18032,Hegyhátszentjakab,Vas,ORSZEM-VAS,KSH_COUNTY
18041,Karmacs,Zala,ORSZEM-ZALA,KSH_COUNTY
18050,Sámod,Baranya,ORSZEM-BARANYA,KSH_COUNTY
18069,Budapest 03. ker.,főváros,ORSZEM-BUDAPEST,KSH_COUNTY
18078,Somogyfajsz,Somogy,ORSZEM-SOMOGY,KSH_COUNTY
18096,Zalaszentjakab,Zala,ORSZEM-ZALA,KSH_COUNTY
18102,Battonya,Békés,ORSZEM-BEKES,KSH_COUNTY
18111,Nagycsány,Baranya,ORSZEM-BARANYA,KSH_COUNTY
18120,Bolhó,Somogy,ORSZEM-SOMOGY,KSH_COUNTY
18139,Ácsteszér,Komárom-Esztergom,ORSZEM-KOMAROM-ESZTERGOM,KSH_COUNTY
18148,Kötcse,Somogy,ORSZEM-SOMOGY,KSH_COUNTY
18157,Tatabánya,Komárom-Esztergom,ORSZEM-KOMAROM-ESZTERGOM,KSH_COUNTY
18166,Kéleshalom,Bács-Kiskun,ORSZEM-BACS-KISKUN,KSH_COUNTY
18175,Gáborján,Hajdú-Bihar,ORSZEM-HAJDU-BIHAR,KSH_COUNTY
18184,Baktakék,Borsod-Abaúj-Zemplén,ORSZEM-BORSOD-ABAUJ-ZEMPLEN,KSH_COUNTY
18193,Gógánfa,Veszprém,ORSZEM-VESZPREM,KSH_COUNTY
18209,Jászberény,Jász-Nagykun-Szolnok,ORSZEM-JASZ-NAGYKUN-SZOLNOK,KSH_COUNTY
18218,Soltszentimre,Bács-Kiskun,ORSZEM-BACS-KISKUN,KSH_COUNTY
18227,Kaposmérő,Somogy,ORSZEM-SOMOGY,KSH_COUNTY
18236,Nemeske,Baranya,ORSZEM-BARANYA,KSH_COUNTY
18245,Taktaharkány,Borsod-Abaúj-Zemplén,ORSZEM-BORSOD-ABAUJ-ZEMPLEN,KSH_COUNTY
18254,Bodajk,Fejér,ORSZEM-FEJER,KSH_COUNTY
18263,Szárazd,Tolna,ORSZEM-TOLNA,KSH_COUNTY
18272,Csép,Komárom-Esztergom,ORSZEM-KOMAROM-ESZTERGOM,KSH_COUNTY
18281,Kisköre,Heves,ORSZEM-HEVES,KSH_COUNTY
18290,Nyírkarász,Szabolcs-Szatmár-Bereg,ORSZEM-SZABOLCS-SZATMAR-BEREG,KSH_COUNTY
18306,Tokaj,Borsod-Abaúj-Zemplén,ORSZEM-BORSOD-ABAUJ-ZEMPLEN,KSH_COUNTY
18315,Gyód,Baranya,ORSZEM-BARANYA,KSH_COUNTY
18324,Vásárosnamény,Szabolcs-Szatmár-Bereg,ORSZEM-SZABOLCS-SZATMAR-BEREG,KSH_COUNTY
18333,Gilvánfa,Baranya,ORSZEM-BARANYA,KSH_COUNTY
18342,Veresegyház,Pest,ORSZEM-PEST,KSH_COUNTY
18351,Uppony,Borsod-Abaúj-Zemplén,ORSZEM-BORSOD-ABAUJ-ZEMPLEN,KSH_COUNTY
18360,Becsvölgye,Zala,ORSZEM-ZALA,KSH_COUNTY
18379,Mezőnagymihály,Borsod-Abaúj-Zemplén,ORSZEM-BORSOD-ABAUJ-ZEMPLEN,KSH_COUNTY
18388,Nagydorog,Tolna,ORSZEM-TOLNA,KSH_COUNTY
18397,Dány,Pest,ORSZEM-PEST,KSH_COUNTY
18403,Hegykő,Győr-Moson-Sopron,ORSZEM-GYOR-MOSON-SOPRON,KSH_COUNTY
18412,Várbalog,Győr-Moson-Sopron,ORSZEM-GYOR-MOSON-SOPRON,KSH_COUNTY
18421,Keszthely,Zala,ORSZEM-ZALA,KSH_COUNTY
18430,Velemér,Vas,ORSZEM-VAS,KSH_COUNTY
18449,Zalaszentmihály,Zala,ORSZEM-ZALA,KSH_COUNTY
18458,Harta,Bács-Kiskun,ORSZEM-BACS-KISKUN,KSH_COUNTY
18467,Berekböszörmény,Hajdú-Bihar,ORSZEM-HAJDU-BIHAR,KSH_COUNTY
18476,Csévharaszt,Pest,ORSZEM-PEST,KSH_COUNTY
18485,Mór,Fejér,ORSZEM-FEJER,KSH_COUNTY
18494,Garáb,Nógrád,ORSZEM-NOGRAD,KSH_COUNTY
18500,Marcali,Somogy,ORSZEM-SOMOGY,KSH_COUNTY
18519,Vejti,Baranya,ORSZEM-BARANYA,KSH_COUNTY
18528,Eperjeske,Szabolcs-Szatmár-Bereg,ORSZEM-SZABOLCS-SZATMAR-BEREG,KSH_COUNTY
18537,Sajópálfala,Borsod-Abaúj-Zemplén,ORSZEM-BORSOD-ABAUJ-ZEMPLEN,KSH_COUNTY
18546,Somogyszob,Somogy,ORSZEM-SOMOGY,KSH_COUNTY
18555,Olasz,Baranya,ORSZEM-BARANYA,KSH_COUNTY
18564,Zalaszentbalázs,Zala,ORSZEM-ZALA,KSH_COUNTY
18573,Acsa,Pest,ORSZEM-PEST,KSH_COUNTY
18582,Túrony,Baranya,ORSZEM-BARANYA,KSH_COUNTY
18591,Vaja,Szabolcs-Szatmár-Bereg,ORSZEM-SZABOLCS-SZATMAR-BEREG,KSH_COUNTY
18607,Szegerdő,Somogy,ORSZEM-SOMOGY,KSH_COUNTY
18616,Dunakeszi,Pest,ORSZEM-PEST,KSH_COUNTY
18625,Karancsalja,Nógrád,ORSZEM-NOGRAD,KSH_COUNTY
18634,Hács,Somogy,ORSZEM-SOMOGY,KSH_COUNTY
18643,Göncruszka,Borsod-Abaúj-Zemplén,ORSZEM-BORSOD-ABAUJ-ZEMPLEN,KSH_COUNTY
18652,Szentgyörgyvölgy,Zala,ORSZEM-ZALA,KSH_COUNTY
18661,Ózdfalu,Baranya,ORSZEM-BARANYA,KSH_COUNTY
18670,Páhi,Bács-Kiskun,ORSZEM-BACS-KISKUN,KSH_COUNTY
18689,Penc,Pest,ORSZEM-PEST,KSH_COUNTY
18698,Bázakerettye,Zala,ORSZEM-ZALA,KSH_COUNTY
18704,Erdősmecske,Baranya,ORSZEM-BARANYA,KSH_COUNTY
18722,Kupa,Borsod-Abaúj-Zemplén,ORSZEM-BORSOD-ABAUJ-ZEMPLEN,KSH_COUNTY
18731,Pilisszentkereszt,Pest,ORSZEM-PEST,KSH_COUNTY
18740,Szabadhídvég,Fejér,ORSZEM-FEJER,KSH_COUNTY
18759,Hajós,Bács-Kiskun,ORSZEM-BACS-KISKUN,KSH_COUNTY
18768,Zalaköveskút,Zala,ORSZEM-ZALA,KSH_COUNTY
18777,Bernecebaráti,Pest,ORSZEM-PEST,KSH_COUNTY
18786,Szügy,Nógrád,ORSZEM-NOGRAD,KSH_COUNTY
18795,Darnó,Szabolcs-Szatmár-Bereg,ORSZEM-SZABOLCS-SZATMAR-BEREG,KSH_COUNTY
18801,Tornanádaska,Borsod-Abaúj-Zemplén,ORSZEM-BORSOD-ABAUJ-ZEMPLEN,KSH_COUNTY
18810,Noszvaj,Heves,ORSZEM-HEVES,KSH_COUNTY
18829,Alsórajk,Zala,ORSZEM-ZALA,KSH_COUNTY
18838,Kisdombegyház,Békés,ORSZEM-BEKES,KSH_COUNTY
18847,Mezősas,Hajdú-Bihar,ORSZEM-HAJDU-BIHAR,KSH_COUNTY
18856,Lókút,Veszprém,ORSZEM-VESZPREM,KSH_COUNTY
18865,Lúzsok,Baranya,ORSZEM-BARANYA,KSH_COUNTY
18874,Mátészalka,Szabolcs-Szatmár-Bereg,ORSZEM-SZABOLCS-SZATMAR-BEREG,KSH_COUNTY
18883,Salköveskút,Vas,ORSZEM-VAS,KSH_COUNTY
18892,Szomolya,Borsod-Abaúj-Zemplén,ORSZEM-BORSOD-ABAUJ-ZEMPLEN,KSH_COUNTY
18908,Kisasszonyfa,Baranya,ORSZEM-BARANYA,KSH_COUNTY
18917,Murga,Tolna,ORSZEM-TOLNA,KSH_COUNTY
18926,Csolnok,Komárom-Esztergom,ORSZEM-KOMAROM-ESZTERGOM,KSH_COUNTY
18935,Tarján,Komárom-Esztergom,ORSZEM-KOMAROM-ESZTERGOM,KSH_COUNTY
18944,Boldogkőújfalu,Borsod-Abaúj-Zemplén,ORSZEM-BORSOD-ABAUJ-ZEMPLEN,KSH_COUNTY
18953,Ozmánbük,Zala,ORSZEM-ZALA,KSH_COUNTY
18962,Kaposszekcső,Tolna,ORSZEM-TOLNA,KSH_COUNTY
18971,Fehérgyarmat,Szabolcs-Szatmár-Bereg,ORSZEM-SZABOLCS-SZATMAR-BEREG,KSH_COUNTY
18980,Fadd,Tolna,ORSZEM-TOLNA,KSH_COUNTY
18999,Ferencszállás,Csongrád-Csanád,ORSZEM-CSONGRAD-CSANAD,KSH_COUNTY
19008,Belvárdgyula,Baranya,ORSZEM-BARANYA,KSH_COUNTY
19017,Visnye,Somogy,ORSZEM-SOMOGY,KSH_COUNTY
19026,Pusztakovácsi,Somogy,ORSZEM-SOMOGY,KSH_COUNTY
19035,Tét,Győr-Moson-Sopron,ORSZEM-GYOR-MOSON-SOPRON,KSH_COUNTY
19044,Szurdokpüspöki,Nógrád,ORSZEM-NOGRAD,KSH_COUNTY
19053,Kisasszond,Somogy,ORSZEM-SOMOGY,KSH_COUNTY
19062,Árpádhalom,Csongrád-Csanád,ORSZEM-CSONGRAD-CSANAD,KSH_COUNTY
19080,Söjtör,Zala,ORSZEM-ZALA,KSH_COUNTY
19099,Szentpéterszeg,Hajdú-Bihar,ORSZEM-HAJDU-BIHAR,KSH_COUNTY
19105,Zubogy,Borsod-Abaúj-Zemplén,ORSZEM-BORSOD-ABAUJ-ZEMPLEN,KSH_COUNTY
19114,Lovasberény,Fejér,ORSZEM-FEJER,KSH_COUNTY
19123,Gyöngyössolymos,Heves,ORSZEM-HEVES,KSH_COUNTY
19132,Kátoly,Baranya,ORSZEM-BARANYA,KSH_COUNTY
19141,Kamond,Veszprém,ORSZEM-VESZPREM,KSH_COUNTY
19150,Homokszentgyörgy,Somogy,ORSZEM-SOMOGY,KSH_COUNTY
19169,Szabolcs,Szabolcs-Szatmár-Bereg,ORSZEM-SZABOLCS-SZATMAR-BEREG,KSH_COUNTY
19178,Petrikeresztúr,Zala,ORSZEM-ZALA,KSH_COUNTY
19187,Fityeház,Zala,ORSZEM-ZALA,KSH_COUNTY
19196,Nagyvázsony,Veszprém,ORSZEM-VESZPREM,KSH_COUNTY
19202,Dúzs,Tolna,ORSZEM-TOLNA,KSH_COUNTY
19211,Nábrád,Szabolcs-Szatmár-Bereg,ORSZEM-SZABOLCS-SZATMAR-BEREG,KSH_COUNTY
19220,Ricse,Borsod-Abaúj-Zemplén,ORSZEM-BORSOD-ABAUJ-ZEMPLEN,KSH_COUNTY
19239,Levél,Győr-Moson-Sopron,ORSZEM-GYOR-MOSON-SOPRON,KSH_COUNTY
19248,Tésa,Pest,ORSZEM-PEST,KSH_COUNTY
19257,Okány,Békés,ORSZEM-BEKES,KSH_COUNTY
19266,Szil,Győr-Moson-Sopron,ORSZEM-GYOR-MOSON-SOPRON,KSH_COUNTY
19275,Ziliz,Borsod-Abaúj-Zemplén,ORSZEM-BORSOD-ABAUJ-ZEMPLEN,KSH_COUNTY
19284,Cikó,Tolna,ORSZEM-TOLNA,KSH_COUNTY
19293,Galvács,Borsod-Abaúj-Zemplén,ORSZEM-BORSOD-ABAUJ-ZEMPLEN,KSH_COUNTY
19309,Győrsövényház,Győr-Moson-Sopron,ORSZEM-GYOR-MOSON-SOPRON,KSH_COUNTY
19318,Ősagárd,Nógrád,ORSZEM-NOGRAD,KSH_COUNTY
19327,Borota,Bács-Kiskun,ORSZEM-BACS-KISKUN,KSH_COUNTY
19336,Veszprémgalsa,Veszprém,ORSZEM-VESZPREM,KSH_COUNTY
19345,Kétvölgy,Vas,ORSZEM-VAS,KSH_COUNTY
19354,Perkáta,Fejér,ORSZEM-FEJER,KSH_COUNTY
19363,Bábolna,Komárom-Esztergom,ORSZEM-KOMAROM-ESZTERGOM,KSH_COUNTY
19372,Mátranovák,Nógrád,ORSZEM-NOGRAD,KSH_COUNTY
19381,Tiszaladány,Borsod-Abaúj-Zemplén,ORSZEM-BORSOD-ABAUJ-ZEMPLEN,KSH_COUNTY
19390,Bélmegyer,Békés,ORSZEM-BEKES,KSH_COUNTY
19406,Bükkmogyorósd,Borsod-Abaúj-Zemplén,ORSZEM-BORSOD-ABAUJ-ZEMPLEN,KSH_COUNTY
19415,Pécs,Baranya,ORSZEM-BARANYA,KSH_COUNTY
19424,Kisar,Szabolcs-Szatmár-Bereg,ORSZEM-SZABOLCS-SZATMAR-BEREG,KSH_COUNTY
19433,Mezőkövesd,Borsod-Abaúj-Zemplén,ORSZEM-BORSOD-ABAUJ-ZEMPLEN,KSH_COUNTY
19442,Somogyvár,Somogy,ORSZEM-SOMOGY,KSH_COUNTY
19451,Kutasó,Nógrád,ORSZEM-NOGRAD,KSH_COUNTY
19460,Balatonendréd,Somogy,ORSZEM-SOMOGY,KSH_COUNTY
19479,Kustánszeg,Zala,ORSZEM-ZALA,KSH_COUNTY
19488,Csehi,Vas,ORSZEM-VAS,KSH_COUNTY
19497,Nógrádsipek,Nógrád,ORSZEM-NOGRAD,KSH_COUNTY
19503,Galgahévíz,Pest,ORSZEM-PEST,KSH_COUNTY
19512,Alsónemesapáti,Zala,ORSZEM-ZALA,KSH_COUNTY
19521,Szőce,Vas,ORSZEM-VAS,KSH_COUNTY
19530,Szakmár,Bács-Kiskun,ORSZEM-BACS-KISKUN,KSH_COUNTY
19549,Szár,Fejér,ORSZEM-FEJER,KSH_COUNTY
19558,Gyügye,Szabolcs-Szatmár-Bereg,ORSZEM-SZABOLCS-SZATMAR-BEREG,KSH_COUNTY
19567,Pély,Heves,ORSZEM-HEVES,KSH_COUNTY
19576,Krasznokvajda,Borsod-Abaúj-Zemplén,ORSZEM-BORSOD-ABAUJ-ZEMPLEN,KSH_COUNTY
19585,Pincehely,Tolna,ORSZEM-TOLNA,KSH_COUNTY
19594,Pusztaottlaka,Békés,ORSZEM-BEKES,KSH_COUNTY
19600,Makkoshotyka,Borsod-Abaúj-Zemplén,ORSZEM-BORSOD-ABAUJ-ZEMPLEN,KSH_COUNTY
19619,Iharos,Somogy,ORSZEM-SOMOGY,KSH_COUNTY
19628,Mezőberény,Békés,ORSZEM-BEKES,KSH_COUNTY
19637,Páli,Győr-Moson-Sopron,ORSZEM-GYOR-MOSON-SOPRON,KSH_COUNTY
19646,Ófalu,Baranya,ORSZEM-BARANYA,KSH_COUNTY
19655,Máriapócs,Szabolcs-Szatmár-Bereg,ORSZEM-SZABOLCS-SZATMAR-BEREG,KSH_COUNTY
19664,Alsódobsza,Borsod-Abaúj-Zemplén,ORSZEM-BORSOD-ABAUJ-ZEMPLEN,KSH_COUNTY
19673,Újkér,Győr-Moson-Sopron,ORSZEM-GYOR-MOSON-SOPRON,KSH_COUNTY
19682,Újlengyel,Pest,ORSZEM-PEST,KSH_COUNTY
19691,Tetétlen,Hajdú-Bihar,ORSZEM-HAJDU-BIHAR,KSH_COUNTY
19707,Buj,Szabolcs-Szatmár-Bereg,ORSZEM-SZABOLCS-SZATMAR-BEREG,KSH_COUNTY
19716,Nagykőrös,Pest,ORSZEM-PEST,KSH_COUNTY
19725,Versend,Baranya,ORSZEM-BARANYA,KSH_COUNTY
19734,Kemeneshőgyész,Veszprém,ORSZEM-VESZPREM,KSH_COUNTY
19743,Olaszfa,Vas,ORSZEM-VAS,KSH_COUNTY
19752,Nyalka,Győr-Moson-Sopron,ORSZEM-GYOR-MOSON-SOPRON,KSH_COUNTY
19761,Kerkáskápolna,Vas,ORSZEM-VAS,KSH_COUNTY
19770,Osztopán,Somogy,ORSZEM-SOMOGY,KSH_COUNTY
19789,Kecel,Bács-Kiskun,ORSZEM-BACS-KISKUN,KSH_COUNTY
19798,Szalmatercs,Nógrád,ORSZEM-NOGRAD,KSH_COUNTY
19813,Kétpó,Jász-Nagykun-Szolnok,ORSZEM-JASZ-NAGYKUN-SZOLNOK,KSH_COUNTY
19831,Szilágy,Baranya,ORSZEM-BARANYA,KSH_COUNTY
19840,Hernádvécse,Borsod-Abaúj-Zemplén,ORSZEM-BORSOD-ABAUJ-ZEMPLEN,KSH_COUNTY
19859,Nemespátró,Zala,ORSZEM-ZALA,KSH_COUNTY
19868,Pápadereske,Veszprém,ORSZEM-VESZPREM,KSH_COUNTY
19877,Nagypall,Baranya,ORSZEM-BARANYA,KSH_COUNTY
19886,Váchartyán,Pest,ORSZEM-PEST,KSH_COUNTY
19895,Hernyék,Zala,ORSZEM-ZALA,KSH_COUNTY
19901,Csányoszró,Baranya,ORSZEM-BARANYA,KSH_COUNTY
19910,Kiskassa,Baranya,ORSZEM-BARANYA,KSH_COUNTY
19929,Bókaháza,Zala,ORSZEM-ZALA,KSH_COUNTY
19938,Pusztahencse,Tolna,ORSZEM-TOLNA,KSH_COUNTY
19947,Szalkszentmárton,Bács-Kiskun,ORSZEM-BACS-KISKUN,KSH_COUNTY
19956,Biharkeresztes,Hajdú-Bihar,ORSZEM-HAJDU-BIHAR,KSH_COUNTY
19965,Mátraballa,Heves,ORSZEM-HEVES,KSH_COUNTY
19974,Fábiánsebestyén,Csongrád-Csanád,ORSZEM-CSONGRAD-CSANAD,KSH_COUNTY
19983,Soltvadkert,Bács-Kiskun,ORSZEM-BACS-KISKUN,KSH_COUNTY
19992,Kemecse,Szabolcs-Szatmár-Bereg,ORSZEM-SZABOLCS-SZATMAR-BEREG,KSH_COUNTY
20002,Csákvár,Fejér,ORSZEM-FEJER,KSH_COUNTY
20011,Bagamér,Hajdú-Bihar,ORSZEM-HAJDU-BIHAR,KSH_COUNTY
20039,Gétye,Zala,ORSZEM-ZALA,KSH_COUNTY
20048,Bárna,Nógrád,ORSZEM-NOGRAD,KSH_COUNTY
20057,Somogyegres,Somogy,ORSZEM-SOMOGY,KSH_COUNTY
20066,Nyársapát,Pest,ORSZEM-PEST,KSH_COUNTY
20075,Mátramindszent,Nógrád,ORSZEM-NOGRAD,KSH_COUNTY
20084,Kemenesszentmárton,Vas,ORSZEM-VAS,KSH_COUNTY
20093,Törökkoppány,Somogy,ORSZEM-SOMOGY,KSH_COUNTY
20109,Kőszegszerdahely,Vas,ORSZEM-VAS,KSH_COUNTY
20118,Erk,Heves,ORSZEM-HEVES,KSH_COUNTY
20127,Tata,Komárom-Esztergom,ORSZEM-KOMAROM-ESZTERGOM,KSH_COUNTY
20136,Rábasebes,Győr-Moson-Sopron,ORSZEM-GYOR-MOSON-SOPRON,KSH_COUNTY
20145,Csesztve,Nógrád,ORSZEM-NOGRAD,KSH_COUNTY
20154,Dáka,Veszprém,ORSZEM-VESZPREM,KSH_COUNTY
20163,Naszály,Komárom-Esztergom,ORSZEM-KOMAROM-ESZTERGOM,KSH_COUNTY
20172,Tiszabezdéd,Szabolcs-Szatmár-Bereg,ORSZEM-SZABOLCS-SZATMAR-BEREG,KSH_COUNTY
20181,Tiszaroff,Jász-Nagykun-Szolnok,ORSZEM-JASZ-NAGYKUN-SZOLNOK,KSH_COUNTY
20190,Lucfalva,Nógrád,ORSZEM-NOGRAD,KSH_COUNTY
20206,Seregélyes,Fejér,ORSZEM-FEJER,KSH_COUNTY
20215,Parádsasvár,Heves,ORSZEM-HEVES,KSH_COUNTY
20233,Jákfalva,Borsod-Abaúj-Zemplén,ORSZEM-BORSOD-ABAUJ-ZEMPLEN,KSH_COUNTY
20242,Heréd,Heves,ORSZEM-HEVES,KSH_COUNTY
20251,Csehbánya,Veszprém,ORSZEM-VESZPREM,KSH_COUNTY
20260,Tivadar,Szabolcs-Szatmár-Bereg,ORSZEM-SZABOLCS-SZATMAR-BEREG,KSH_COUNTY
20279,Véménd,Baranya,ORSZEM-BARANYA,KSH_COUNTY
20288,Egyed,Győr-Moson-Sopron,ORSZEM-GYOR-MOSON-SOPRON,KSH_COUNTY
20297,Kiskunfélegyháza,Bács-Kiskun,ORSZEM-BACS-KISKUN,KSH_COUNTY
20303,Apagy,Szabolcs-Szatmár-Bereg,ORSZEM-SZABOLCS-SZATMAR-BEREG,KSH_COUNTY
20312,Kiskutas,Zala,ORSZEM-ZALA,KSH_COUNTY
20321,Rinyaújnép,Somogy,ORSZEM-SOMOGY,KSH_COUNTY
20330,Somogygeszti,Somogy,ORSZEM-SOMOGY,KSH_COUNTY
20349,Vashosszúfalu,Vas,ORSZEM-VAS,KSH_COUNTY
20358,Előszállás,Fejér,ORSZEM-FEJER,KSH_COUNTY
20367,Pornóapáti,Vas,ORSZEM-VAS,KSH_COUNTY
20376,Almáskeresztúr,Baranya,ORSZEM-BARANYA,KSH_COUNTY
20385,Mérges,Győr-Moson-Sopron,ORSZEM-GYOR-MOSON-SOPRON,KSH_COUNTY
20394,Vasasszonyfa,Vas,ORSZEM-VAS,KSH_COUNTY
20400,Gyömöre,Győr-Moson-Sopron,ORSZEM-GYOR-MOSON-SOPRON,KSH_COUNTY
20419,Újléta,Hajdú-Bihar,ORSZEM-HAJDU-BIHAR,KSH_COUNTY
20428,Szelevény,Jász-Nagykun-Szolnok,ORSZEM-JASZ-NAGYKUN-SZOLNOK,KSH_COUNTY
20437,Magyarpolány,Veszprém,ORSZEM-VESZPREM,KSH_COUNTY
20446,Tiszainoka,Jász-Nagykun-Szolnok,ORSZEM-JASZ-NAGYKUN-SZOLNOK,KSH_COUNTY
20455,Csanádapáca,Békés,ORSZEM-BEKES,KSH_COUNTY
20464,Baranyahídvég,Baranya,ORSZEM-BARANYA,KSH_COUNTY
20473,Kaposvár,Somogy,ORSZEM-SOMOGY,KSH_COUNTY
20482,Alsóberecki,Borsod-Abaúj-Zemplén,ORSZEM-BORSOD-ABAUJ-ZEMPLEN,KSH_COUNTY
20491,Eger,Heves,ORSZEM-HEVES,KSH_COUNTY
20507,Kurd,Tolna,ORSZEM-TOLNA,KSH_COUNTY
20516,Sárazsadány,Borsod-Abaúj-Zemplén,ORSZEM-BORSOD-ABAUJ-ZEMPLEN,KSH_COUNTY
20525,Tass,Bács-Kiskun,ORSZEM-BACS-KISKUN,KSH_COUNTY
20534,Dunavarsány,Pest,ORSZEM-PEST,KSH_COUNTY
20543,Szalapa,Zala,ORSZEM-ZALA,KSH_COUNTY
20552,Királyegyháza,Baranya,ORSZEM-BARANYA,KSH_COUNTY
20561,Újireg,Tolna,ORSZEM-TOLNA,KSH_COUNTY
20570,Tés,Veszprém,ORSZEM-VESZPREM,KSH_COUNTY
20589,Nagykapornak,Zala,ORSZEM-ZALA,KSH_COUNTY
20598,Nagycsepely,Somogy,ORSZEM-SOMOGY,KSH_COUNTY
20604,Ikrény,Győr-Moson-Sopron,ORSZEM-GYOR-MOSON-SOPRON,KSH_COUNTY
20613,Búcsúszentlászló,Zala,ORSZEM-ZALA,KSH_COUNTY
20622,Rinyaújlak,Somogy,ORSZEM-SOMOGY,KSH_COUNTY
20640,Ceglédbercel,Pest,ORSZEM-PEST,KSH_COUNTY
20659,Márok,Baranya,ORSZEM-BARANYA,KSH_COUNTY
20668,Mátyus,Szabolcs-Szatmár-Bereg,ORSZEM-SZABOLCS-SZATMAR-BEREG,KSH_COUNTY
20677,Beregsurány,Szabolcs-Szatmár-Bereg,ORSZEM-SZABOLCS-SZATMAR-BEREG,KSH_COUNTY
20686,Okorág,Baranya,ORSZEM-BARANYA,KSH_COUNTY
20695,Döbörhegy,Vas,ORSZEM-VAS,KSH_COUNTY
20701,Mórágy,Tolna,ORSZEM-TOLNA,KSH_COUNTY
20710,Bedegkér,Somogy,ORSZEM-SOMOGY,KSH_COUNTY
20729,Balatonfenyves,Somogy,ORSZEM-SOMOGY,KSH_COUNTY
20738,Sajóvámos,Borsod-Abaúj-Zemplén,ORSZEM-BORSOD-ABAUJ-ZEMPLEN,KSH_COUNTY
20747,Feldebrő,Heves,ORSZEM-HEVES,KSH_COUNTY
20756,Hidegkút,Veszprém,ORSZEM-VESZPREM,KSH_COUNTY
20765,Medgyesbodzás,Békés,ORSZEM-BEKES,KSH_COUNTY
20774,Csobaj,Borsod-Abaúj-Zemplén,ORSZEM-BORSOD-ABAUJ-ZEMPLEN,KSH_COUNTY
20783,Simontornya,Tolna,ORSZEM-TOLNA,KSH_COUNTY
20792,Und,Győr-Moson-Sopron,ORSZEM-GYOR-MOSON-SOPRON,KSH_COUNTY
20817,Sárszentlőrinc,Tolna,ORSZEM-TOLNA,KSH_COUNTY
20826,Zánka,Veszprém,ORSZEM-VESZPREM,KSH_COUNTY
20835,Orbányosfa,Zala,ORSZEM-ZALA,KSH_COUNTY
20844,Lácacséke,Borsod-Abaúj-Zemplén,ORSZEM-BORSOD-ABAUJ-ZEMPLEN,KSH_COUNTY
20853,Úrkút,Veszprém,ORSZEM-VESZPREM,KSH_COUNTY
20862,Sárok,Baranya,ORSZEM-BARANYA,KSH_COUNTY
20871,Szin,Borsod-Abaúj-Zemplén,ORSZEM-BORSOD-ABAUJ-ZEMPLEN,KSH_COUNTY
20880,Hosszúpereszteg,Vas,ORSZEM-VAS,KSH_COUNTY
20899,Boda,Baranya,ORSZEM-BARANYA,KSH_COUNTY
20905,Mike,Somogy,ORSZEM-SOMOGY,KSH_COUNTY
20914,Nagyér,Csongrád-Csanád,ORSZEM-CSONGRAD-CSANAD,KSH_COUNTY
20923,Kisigmánd,Komárom-Esztergom,ORSZEM-KOMAROM-ESZTERGOM,KSH_COUNTY
20932,Szakonyfalu,Vas,ORSZEM-VAS,KSH_COUNTY
20941,Kistolmács,Zala,ORSZEM-ZALA,KSH_COUNTY
20950,Belsősárd,Zala,ORSZEM-ZALA,KSH_COUNTY
20969,Gibárt,Borsod-Abaúj-Zemplén,ORSZEM-BORSOD-ABAUJ-ZEMPLEN,KSH_COUNTY
20978,Téseny,Baranya,ORSZEM-BARANYA,KSH_COUNTY
20987,Tárkány,Komárom-Esztergom,ORSZEM-KOMAROM-ESZTERGOM,KSH_COUNTY
20996,Kemenespálfa,Vas,ORSZEM-VAS,KSH_COUNTY
21005,Tordas,Fejér,ORSZEM-FEJER,KSH_COUNTY
21014,Molnári,Zala,ORSZEM-ZALA,KSH_COUNTY
21023,Hegyszentmárton,Baranya,ORSZEM-BARANYA,KSH_COUNTY
21032,Alsózsolca,Borsod-Abaúj-Zemplén,ORSZEM-BORSOD-ABAUJ-ZEMPLEN,KSH_COUNTY
21041,Karancslapujtő,Nógrád,ORSZEM-NOGRAD,KSH_COUNTY
21050,Pókaszepetk,Zala,ORSZEM-ZALA,KSH_COUNTY
21069,Dunaegyháza,Bács-Kiskun,ORSZEM-BACS-KISKUN,KSH_COUNTY
21078,Dunaszeg,Győr-Moson-Sopron,ORSZEM-GYOR-MOSON-SOPRON,KSH_COUNTY
21087,Vizsoly,Borsod-Abaúj-Zemplén,ORSZEM-BORSOD-ABAUJ-ZEMPLEN,KSH_COUNTY
21096,Pécsudvard,Baranya,ORSZEM-BARANYA,KSH_COUNTY
21102,Nagylóc,Nógrád,ORSZEM-NOGRAD,KSH_COUNTY
21111,Jászladány,Jász-Nagykun-Szolnok,ORSZEM-JASZ-NAGYKUN-SZOLNOK,KSH_COUNTY
21120,Szentkirály,Bács-Kiskun,ORSZEM-BACS-KISKUN,KSH_COUNTY
21139,Börzönce,Zala,ORSZEM-ZALA,KSH_COUNTY
21148,Apostag,Bács-Kiskun,ORSZEM-BACS-KISKUN,KSH_COUNTY
21157,Vezseny,Jász-Nagykun-Szolnok,ORSZEM-JASZ-NAGYKUN-SZOLNOK,KSH_COUNTY
21175,Balatonfüred,Veszprém,ORSZEM-VESZPREM,KSH_COUNTY
21184,Koppányszántó,Tolna,ORSZEM-TOLNA,KSH_COUNTY
21193,Radostyán,Borsod-Abaúj-Zemplén,ORSZEM-BORSOD-ABAUJ-ZEMPLEN,KSH_COUNTY
21209,Lőkösháza,Békés,ORSZEM-BEKES,KSH_COUNTY
21218,Karcsa,Borsod-Abaúj-Zemplén,ORSZEM-BORSOD-ABAUJ-ZEMPLEN,KSH_COUNTY
21227,Beszterec,Szabolcs-Szatmár-Bereg,ORSZEM-SZABOLCS-SZATMAR-BEREG,KSH_COUNTY
21236,Homrogd,Borsod-Abaúj-Zemplén,ORSZEM-BORSOD-ABAUJ-ZEMPLEN,KSH_COUNTY
21245,Sükösd,Bács-Kiskun,ORSZEM-BACS-KISKUN,KSH_COUNTY
21254,Szentpéterfa,Vas,ORSZEM-VAS,KSH_COUNTY
21263,Babosdöbréte,Zala,ORSZEM-ZALA,KSH_COUNTY
21272,Prügy,Borsod-Abaúj-Zemplén,ORSZEM-BORSOD-ABAUJ-ZEMPLEN,KSH_COUNTY
21281,Somogyviszló,Baranya,ORSZEM-BARANYA,KSH_COUNTY
21290,Laskod,Szabolcs-Szatmár-Bereg,ORSZEM-SZABOLCS-SZATMAR-BEREG,KSH_COUNTY
21306,Sárvár,Vas,ORSZEM-VAS,KSH_COUNTY
21315,Csurgó,Somogy,ORSZEM-SOMOGY,KSH_COUNTY
21324,Balatonszentgyörgy,Somogy,ORSZEM-SOMOGY,KSH_COUNTY
21333,Istvándi,Somogy,ORSZEM-SOMOGY,KSH_COUNTY
21342,Kajászó,Fejér,ORSZEM-FEJER,KSH_COUNTY
21351,Szikszó,Borsod-Abaúj-Zemplén,ORSZEM-BORSOD-ABAUJ-ZEMPLEN,KSH_COUNTY
21360,Udvari,Tolna,ORSZEM-TOLNA,KSH_COUNTY
21379,Kisbucsa,Zala,ORSZEM-ZALA,KSH_COUNTY
21388,Püspökhatvan,Pest,ORSZEM-PEST,KSH_COUNTY
21397,Sümegcsehi,Zala,ORSZEM-ZALA,KSH_COUNTY
21403,Nagypirit,Veszprém,ORSZEM-VESZPREM,KSH_COUNTY
21412,Üllés,Csongrád-Csanád,ORSZEM-CSONGRAD-CSANAD,KSH_COUNTY
21421,Szomor,Komárom-Esztergom,ORSZEM-KOMAROM-ESZTERGOM,KSH_COUNTY
21430,Veszprémfajsz,Veszprém,ORSZEM-VESZPREM,KSH_COUNTY
21449,Nagyberki,Somogy,ORSZEM-SOMOGY,KSH_COUNTY
21458,Szada,Pest,ORSZEM-PEST,KSH_COUNTY
21467,Tóalmás,Pest,ORSZEM-PEST,KSH_COUNTY
21476,Felsőrajk,Zala,ORSZEM-ZALA,KSH_COUNTY
21485,Nagydobos,Szabolcs-Szatmár-Bereg,ORSZEM-SZABOLCS-SZATMAR-BEREG,KSH_COUNTY
21494,Tiszasas,Jász-Nagykun-Szolnok,ORSZEM-JASZ-NAGYKUN-SZOLNOK,KSH_COUNTY
21500,Kálócfa,Zala,ORSZEM-ZALA,KSH_COUNTY
21519,Pécsbagota,Baranya,ORSZEM-BARANYA,KSH_COUNTY
21528,Harkány,Baranya,ORSZEM-BARANYA,KSH_COUNTY
21537,Uraiújfalu,Vas,ORSZEM-VAS,KSH_COUNTY
21546,Múcsony,Borsod-Abaúj-Zemplén,ORSZEM-BORSOD-ABAUJ-ZEMPLEN,KSH_COUNTY
21555,Mindszent,Csongrád-Csanád,ORSZEM-CSONGRAD-CSANAD,KSH_COUNTY
21564,Girincs,Borsod-Abaúj-Zemplén,ORSZEM-BORSOD-ABAUJ-ZEMPLEN,KSH_COUNTY
21573,Rétközberencs,Szabolcs-Szatmár-Bereg,ORSZEM-SZABOLCS-SZATMAR-BEREG,KSH_COUNTY
21582,Érsekvadkert,Nógrád,ORSZEM-NOGRAD,KSH_COUNTY
21591,Csebény,Baranya,ORSZEM-BARANYA,KSH_COUNTY
21607,Pápasalamon,Veszprém,ORSZEM-VESZPREM,KSH_COUNTY
21616,Kislippó,Baranya,ORSZEM-BARANYA,KSH_COUNTY
21625,Zomba,Tolna,ORSZEM-TOLNA,KSH_COUNTY
21634,Szirák,Nógrád,ORSZEM-NOGRAD,KSH_COUNTY
21643,Zsédeny,Vas,ORSZEM-VAS,KSH_COUNTY
21652,Nagybajom,Somogy,ORSZEM-SOMOGY,KSH_COUNTY
21661,Zabar,Nógrád,ORSZEM-NOGRAD,KSH_COUNTY
21670,Sajókápolna,Borsod-Abaúj-Zemplén,ORSZEM-BORSOD-ABAUJ-ZEMPLEN,KSH_COUNTY
21689,Nagyiván,Jász-Nagykun-Szolnok,ORSZEM-JASZ-NAGYKUN-SZOLNOK,KSH_COUNTY
21698,Drávasztára,Baranya,ORSZEM-BARANYA,KSH_COUNTY
21704,Old,Baranya,ORSZEM-BARANYA,KSH_COUNTY
21713,Sülysáp,Pest,ORSZEM-PEST,KSH_COUNTY
21722,Zagyvaszántó,Heves,ORSZEM-HEVES,KSH_COUNTY
21731,Kéty,Tolna,ORSZEM-TOLNA,KSH_COUNTY
21740,Tarcal,Borsod-Abaúj-Zemplén,ORSZEM-BORSOD-ABAUJ-ZEMPLEN,KSH_COUNTY
21759,Nemesszalók,Veszprém,ORSZEM-VESZPREM,KSH_COUNTY
21768,Megyaszó,Borsod-Abaúj-Zemplén,ORSZEM-BORSOD-ABAUJ-ZEMPLEN,KSH_COUNTY
21777,Vanyola,Veszprém,ORSZEM-VESZPREM,KSH_COUNTY
21786,Pázmánd,Fejér,ORSZEM-FEJER,KSH_COUNTY
21795,Erdőtarcsa,Nógrád,ORSZEM-NOGRAD,KSH_COUNTY
21801,Ravazd,Győr-Moson-Sopron,ORSZEM-GYOR-MOSON-SOPRON,KSH_COUNTY
21810,Varbó,Borsod-Abaúj-Zemplén,ORSZEM-BORSOD-ABAUJ-ZEMPLEN,KSH_COUNTY
21829,Hernádkércs,Borsod-Abaúj-Zemplén,ORSZEM-BORSOD-ABAUJ-ZEMPLEN,KSH_COUNTY
21838,Hegyhátszentmárton,Vas,ORSZEM-VAS,KSH_COUNTY
21847,Péteri,Pest,ORSZEM-PEST,KSH_COUNTY
21856,Somogyvámos,Somogy,ORSZEM-SOMOGY,KSH_COUNTY
21865,Darnózseli,Győr-Moson-Sopron,ORSZEM-GYOR-MOSON-SOPRON,KSH_COUNTY
21874,Piliscsév,Komárom-Esztergom,ORSZEM-KOMAROM-ESZTERGOM,KSH_COUNTY
21883,Szeghalom,Békés,ORSZEM-BEKES,KSH_COUNTY
21892,Bogádmindszent,Baranya,ORSZEM-BARANYA,KSH_COUNTY
21908,Csókakő,Fejér,ORSZEM-FEJER,KSH_COUNTY
21917,Dör,Győr-Moson-Sopron,ORSZEM-GYOR-MOSON-SOPRON,KSH_COUNTY
21926,Kápolnásnyék,Fejér,ORSZEM-FEJER,KSH_COUNTY
21935,Cserháthaláp,Nógrád,ORSZEM-NOGRAD,KSH_COUNTY
21944,Akasztó,Bács-Kiskun,ORSZEM-BACS-KISKUN,KSH_COUNTY
21953,Bánréve,Borsod-Abaúj-Zemplén,ORSZEM-BORSOD-ABAUJ-ZEMPLEN,KSH_COUNTY
21962,Lesenceistvánd,Veszprém,ORSZEM-VESZPREM,KSH_COUNTY
21971,Tápszentmiklós,Győr-Moson-Sopron,ORSZEM-GYOR-MOSON-SOPRON,KSH_COUNTY
21980,Mihályi,Győr-Moson-Sopron,ORSZEM-GYOR-MOSON-SOPRON,KSH_COUNTY
21999,Izsák,Bács-Kiskun,ORSZEM-BACS-KISKUN,KSH_COUNTY
22008,Törtel,Pest,ORSZEM-PEST,KSH_COUNTY
22017,Szamosbecs,Szabolcs-Szatmár-Bereg,ORSZEM-SZABOLCS-SZATMAR-BEREG,KSH_COUNTY
22026,Fonó,Somogy,ORSZEM-SOMOGY,KSH_COUNTY
22035,Zsámbok,Pest,ORSZEM-PEST,KSH_COUNTY
22044,Ólmod,Vas,ORSZEM-VAS,KSH_COUNTY
22053,Szabolcsbáka,Szabolcs-Szatmár-Bereg,ORSZEM-SZABOLCS-SZATMAR-BEREG,KSH_COUNTY
22062,Bakonypéterd,Győr-Moson-Sopron,ORSZEM-GYOR-MOSON-SOPRON,KSH_COUNTY
22071,Velény,Baranya,ORSZEM-BARANYA,KSH_COUNTY
22080,Kerkakutas,Zala,ORSZEM-ZALA,KSH_COUNTY
22099,Bükkszentmárton,Heves,ORSZEM-HEVES,KSH_COUNTY
22105,Jászárokszállás,Jász-Nagykun-Szolnok,ORSZEM-JASZ-NAGYKUN-SZOLNOK,KSH_COUNTY
22114,Szigetújfalu,Pest,ORSZEM-PEST,KSH_COUNTY
22123,Fulókércs,Borsod-Abaúj-Zemplén,ORSZEM-BORSOD-ABAUJ-ZEMPLEN,KSH_COUNTY
22132,Dombiratos,Békés,ORSZEM-BEKES,KSH_COUNTY
22141,Mikekarácsonyfa,Zala,ORSZEM-ZALA,KSH_COUNTY
22150,Fülöp,Hajdú-Bihar,ORSZEM-HAJDU-BIHAR,KSH_COUNTY
22169,Szentistván,Borsod-Abaúj-Zemplén,ORSZEM-BORSOD-ABAUJ-ZEMPLEN,KSH_COUNTY
22178,Nagykutas,Zala,ORSZEM-ZALA,KSH_COUNTY
22187,Hejce,Borsod-Abaúj-Zemplén,ORSZEM-BORSOD-ABAUJ-ZEMPLEN,KSH_COUNTY
22196,Poroszló,Heves,ORSZEM-HEVES,KSH_COUNTY
22202,Jászapáti,Jász-Nagykun-Szolnok,ORSZEM-JASZ-NAGYKUN-SZOLNOK,KSH_COUNTY
22211,Szőke,Baranya,ORSZEM-BARANYA,KSH_COUNTY
22220,Marcaltő,Veszprém,ORSZEM-VESZPREM,KSH_COUNTY
22239,Botpalád,Szabolcs-Szatmár-Bereg,ORSZEM-SZABOLCS-SZATMAR-BEREG,KSH_COUNTY
22248,Pánd,Pest,ORSZEM-PEST,KSH_COUNTY
22257,Szalánta,Baranya,ORSZEM-BARANYA,KSH_COUNTY
22266,Pócsa,Baranya,ORSZEM-BARANYA,KSH_COUNTY
22275,Bakóca,Baranya,ORSZEM-BARANYA,KSH_COUNTY
22284,Ófehértó,Szabolcs-Szatmár-Bereg,ORSZEM-SZABOLCS-SZATMAR-BEREG,KSH_COUNTY
22293,Csanytelek,Csongrád-Csanád,ORSZEM-CSONGRAD-CSANAD,KSH_COUNTY
22309,Hatvan,Heves,ORSZEM-HEVES,KSH_COUNTY
22318,Nyőgér,Vas,ORSZEM-VAS,KSH_COUNTY
22327,Badacsonytomaj,Veszprém,ORSZEM-VESZPREM,KSH_COUNTY
22336,Komlódtótfalu,Szabolcs-Szatmár-Bereg,ORSZEM-SZABOLCS-SZATMAR-BEREG,KSH_COUNTY
22345,Kemence,Pest,ORSZEM-PEST,KSH_COUNTY
22354,Boconád,Heves,ORSZEM-HEVES,KSH_COUNTY
22372,Nagyigmánd,Komárom-Esztergom,ORSZEM-KOMAROM-ESZTERGOM,KSH_COUNTY
22381,Bakonyszombathely,Komárom-Esztergom,ORSZEM-KOMAROM-ESZTERGOM,KSH_COUNTY
22390,Csönge,Vas,ORSZEM-VAS,KSH_COUNTY
22406,Hajdúnánás,Hajdú-Bihar,ORSZEM-HAJDU-BIHAR,KSH_COUNTY
22415,Fényeslitke,Szabolcs-Szatmár-Bereg,ORSZEM-SZABOLCS-SZATMAR-BEREG,KSH_COUNTY
22424,Tormás,Baranya,ORSZEM-BARANYA,KSH_COUNTY
22433,Kocsola,Tolna,ORSZEM-TOLNA,KSH_COUNTY
22442,Edve,Győr-Moson-Sopron,ORSZEM-GYOR-MOSON-SOPRON,KSH_COUNTY
22451,Pécsely,Veszprém,ORSZEM-VESZPREM,KSH_COUNTY
22460,Kisfüzes,Heves,ORSZEM-HEVES,KSH_COUNTY
22479,Sajólászlófalva,Borsod-Abaúj-Zemplén,ORSZEM-BORSOD-ABAUJ-ZEMPLEN,KSH_COUNTY
22488,Verseg,Pest,ORSZEM-PEST,KSH_COUNTY
22497,Ormándlak,Zala,ORSZEM-ZALA,KSH_COUNTY
22503,Erdőhorváti,Borsod-Abaúj-Zemplén,ORSZEM-BORSOD-ABAUJ-ZEMPLEN,KSH_COUNTY
22512,Monoszló,Veszprém,ORSZEM-VESZPREM,KSH_COUNTY
22521,Balajt,Borsod-Abaúj-Zemplén,ORSZEM-BORSOD-ABAUJ-ZEMPLEN,KSH_COUNTY
22530,Kerekegyháza,Bács-Kiskun,ORSZEM-BACS-KISKUN,KSH_COUNTY
22549,Alsószölnök,Vas,ORSZEM-VAS,KSH_COUNTY
22558,Onga,Borsod-Abaúj-Zemplén,ORSZEM-BORSOD-ABAUJ-ZEMPLEN,KSH_COUNTY
22567,Kunhegyes,Jász-Nagykun-Szolnok,ORSZEM-JASZ-NAGYKUN-SZOLNOK,KSH_COUNTY
22576,Csonkamindszent,Baranya,ORSZEM-BARANYA,KSH_COUNTY
22585,Vasad,Pest,ORSZEM-PEST,KSH_COUNTY
22594,Cserhátsurány,Nógrád,ORSZEM-NOGRAD,KSH_COUNTY
22600,Magyarszék,Baranya,ORSZEM-BARANYA,KSH_COUNTY
22619,Szomód,Komárom-Esztergom,ORSZEM-KOMAROM-ESZTERGOM,KSH_COUNTY
22628,Ónod,Borsod-Abaúj-Zemplén,ORSZEM-BORSOD-ABAUJ-ZEMPLEN,KSH_COUNTY
22637,Máriahalom,Komárom-Esztergom,ORSZEM-KOMAROM-ESZTERGOM,KSH_COUNTY
22646,Felgyő,Csongrád-Csanád,ORSZEM-CSONGRAD-CSANAD,KSH_COUNTY
22655,Erdőkürt,Nógrád,ORSZEM-NOGRAD,KSH_COUNTY
22664,Gyöngyösmellék,Baranya,ORSZEM-BARANYA,KSH_COUNTY
22673,Bonnya,Somogy,ORSZEM-SOMOGY,KSH_COUNTY
22682,Letkés,Pest,ORSZEM-PEST,KSH_COUNTY
22691,Veszprémvarsány,Győr-Moson-Sopron,ORSZEM-GYOR-MOSON-SOPRON,KSH_COUNTY
22707,Főnyed,Somogy,ORSZEM-SOMOGY,KSH_COUNTY
22716,Kemestaródfa,Vas,ORSZEM-VAS,KSH_COUNTY
22725,Alsóújlak,Vas,ORSZEM-VAS,KSH_COUNTY
22734,Drávapalkonya,Baranya,ORSZEM-BARANYA,KSH_COUNTY
22743,Nagycserkesz,Szabolcs-Szatmár-Bereg,ORSZEM-SZABOLCS-SZATMAR-BEREG,KSH_COUNTY
22752,Kaszaper,Békés,ORSZEM-BEKES,KSH_COUNTY
22761,Szekszárd,Tolna,ORSZEM-TOLNA,KSH_COUNTY
22770,Tiszabura,Jász-Nagykun-Szolnok,ORSZEM-JASZ-NAGYKUN-SZOLNOK,KSH_COUNTY
22789,Tiszaszentimre,Jász-Nagykun-Szolnok,ORSZEM-JASZ-NAGYKUN-SZOLNOK,KSH_COUNTY
22798,Jászkisér,Jász-Nagykun-Szolnok,ORSZEM-JASZ-NAGYKUN-SZOLNOK,KSH_COUNTY
22804,Csömör,Pest,ORSZEM-PEST,KSH_COUNTY
22813,Bakonyszentkirály,Veszprém,ORSZEM-VESZPREM,KSH_COUNTY
22822,Balatonszemes,Somogy,ORSZEM-SOMOGY,KSH_COUNTY
22831,Petőháza,Győr-Moson-Sopron,ORSZEM-GYOR-MOSON-SOPRON,KSH_COUNTY
22840,Kisgyőr,Borsod-Abaúj-Zemplén,ORSZEM-BORSOD-ABAUJ-ZEMPLEN,KSH_COUNTY
22859,Jánoshida,Jász-Nagykun-Szolnok,ORSZEM-JASZ-NAGYKUN-SZOLNOK,KSH_COUNTY
22868,Kisbudmér,Baranya,ORSZEM-BARANYA,KSH_COUNTY
22877,Böde,Zala,ORSZEM-ZALA,KSH_COUNTY
22886,Kisbajcs,Győr-Moson-Sopron,ORSZEM-GYOR-MOSON-SOPRON,KSH_COUNTY
22901,Béb,Veszprém,ORSZEM-VESZPREM,KSH_COUNTY
22910,Dág,Komárom-Esztergom,ORSZEM-KOMAROM-ESZTERGOM,KSH_COUNTY
22929,Jászágó,Jász-Nagykun-Szolnok,ORSZEM-JASZ-NAGYKUN-SZOLNOK,KSH_COUNTY
22938,Cibakháza,Jász-Nagykun-Szolnok,ORSZEM-JASZ-NAGYKUN-SZOLNOK,KSH_COUNTY
22947,Zalaszabar,Zala,ORSZEM-ZALA,KSH_COUNTY
22956,Korlát,Borsod-Abaúj-Zemplén,ORSZEM-BORSOD-ABAUJ-ZEMPLEN,KSH_COUNTY
22965,Kacorlak,Zala,ORSZEM-ZALA,KSH_COUNTY
22974,Lippó,Baranya,ORSZEM-BARANYA,KSH_COUNTY
22983,Sótony,Vas,ORSZEM-VAS,KSH_COUNTY
22992,Eperjes,Csongrád-Csanád,ORSZEM-CSONGRAD-CSANAD,KSH_COUNTY
23001,Kisszőlős,Veszprém,ORSZEM-VESZPREM,KSH_COUNTY
23010,Ukk,Veszprém,ORSZEM-VESZPREM,KSH_COUNTY
23029,Rudabánya,Borsod-Abaúj-Zemplén,ORSZEM-BORSOD-ABAUJ-ZEMPLEN,KSH_COUNTY
23038,Nyáregyháza,Pest,ORSZEM-PEST,KSH_COUNTY
23047,Szécsénke,Nógrád,ORSZEM-NOGRAD,KSH_COUNTY
23056,Nyárlőrinc,Bács-Kiskun,ORSZEM-BACS-KISKUN,KSH_COUNTY
23065,Orosháza,Békés,ORSZEM-BEKES,KSH_COUNTY
23074,Horváthertelend,Baranya,ORSZEM-BARANYA,KSH_COUNTY
23083,Pusztavacs,Pest,ORSZEM-PEST,KSH_COUNTY
23092,Siójut,Somogy,ORSZEM-SOMOGY,KSH_COUNTY
23108,Pankasz,Vas,ORSZEM-VAS,KSH_COUNTY
23117,Polgár,Hajdú-Bihar,ORSZEM-HAJDU-BIHAR,KSH_COUNTY
23126,Szentgyörgyvár,Zala,ORSZEM-ZALA,KSH_COUNTY
23135,Jásztelek,Jász-Nagykun-Szolnok,ORSZEM-JASZ-NAGYKUN-SZOLNOK,KSH_COUNTY
23144,Becsehely,Zala,ORSZEM-ZALA,KSH_COUNTY
23153,Bakonykúti,Fejér,ORSZEM-FEJER,KSH_COUNTY
23162,Bükkösd,Baranya,ORSZEM-BARANYA,KSH_COUNTY
23171,Kunmadaras,Jász-Nagykun-Szolnok,ORSZEM-JASZ-NAGYKUN-SZOLNOK,KSH_COUNTY
23180,Nagyesztergár,Veszprém,ORSZEM-VESZPREM,KSH_COUNTY
23199,Alsónémedi,Pest,ORSZEM-PEST,KSH_COUNTY
23205,Siklósbodony,Baranya,ORSZEM-BARANYA,KSH_COUNTY
23214,Téglás,Hajdú-Bihar,ORSZEM-HAJDU-BIHAR,KSH_COUNTY
23223,Alsóregmec,Borsod-Abaúj-Zemplén,ORSZEM-BORSOD-ABAUJ-ZEMPLEN,KSH_COUNTY
23241,Adács,Heves,ORSZEM-HEVES,KSH_COUNTY
23250,Fábiánháza,Szabolcs-Szatmár-Bereg,ORSZEM-SZABOLCS-SZATMAR-BEREG,KSH_COUNTY
23269,Nyírmeggyes,Szabolcs-Szatmár-Bereg,ORSZEM-SZABOLCS-SZATMAR-BEREG,KSH_COUNTY
23278,Budaörs,Pest,ORSZEM-PEST,KSH_COUNTY
23287,Felsőszölnök,Vas,ORSZEM-VAS,KSH_COUNTY
23296,Kapospula,Tolna,ORSZEM-TOLNA,KSH_COUNTY
23302,Gyenesdiás,Zala,ORSZEM-ZALA,KSH_COUNTY
23311,Pusztaszemes,Somogy,ORSZEM-SOMOGY,KSH_COUNTY
23320,Nemescsó,Vas,ORSZEM-VAS,KSH_COUNTY
23339,Jászfényszaru,Jász-Nagykun-Szolnok,ORSZEM-JASZ-NAGYKUN-SZOLNOK,KSH_COUNTY
23348,Tarnaméra,Heves,ORSZEM-HEVES,KSH_COUNTY
23357,Madaras,Bács-Kiskun,ORSZEM-BACS-KISKUN,KSH_COUNTY
23375,Hidegség,Győr-Moson-Sopron,ORSZEM-GYOR-MOSON-SOPRON,KSH_COUNTY
23384,Almásháza,Zala,ORSZEM-ZALA,KSH_COUNTY
23393,Újiráz,Hajdú-Bihar,ORSZEM-HAJDU-BIHAR,KSH_COUNTY
23409,Nagytarcsa,Pest,ORSZEM-PEST,KSH_COUNTY
23418,Sima,Borsod-Abaúj-Zemplén,ORSZEM-BORSOD-ABAUJ-ZEMPLEN,KSH_COUNTY
23427,Hantos,Fejér,ORSZEM-FEJER,KSH_COUNTY
23436,Csatár,Zala,ORSZEM-ZALA,KSH_COUNTY
23445,Zaránk,Heves,ORSZEM-HEVES,KSH_COUNTY
23454,Kővágóörs,Veszprém,ORSZEM-VESZPREM,KSH_COUNTY
23463,Budakalász,Pest,ORSZEM-PEST,KSH_COUNTY
23472,Somberek,Baranya,ORSZEM-BARANYA,KSH_COUNTY
23481,Pásztori,Győr-Moson-Sopron,ORSZEM-GYOR-MOSON-SOPRON,KSH_COUNTY
23490,Mány,Fejér,ORSZEM-FEJER,KSH_COUNTY
23506,Piskó,Baranya,ORSZEM-BARANYA,KSH_COUNTY
23515,Porva,Veszprém,ORSZEM-VESZPREM,KSH_COUNTY
23524,Tiszalök,Szabolcs-Szatmár-Bereg,ORSZEM-SZABOLCS-SZATMAR-BEREG,KSH_COUNTY
23533,Felsővadász,Borsod-Abaúj-Zemplén,ORSZEM-BORSOD-ABAUJ-ZEMPLEN,KSH_COUNTY
23542,Magyarlukafa,Baranya,ORSZEM-BARANYA,KSH_COUNTY
23551,Nagyacsád,Veszprém,ORSZEM-VESZPREM,KSH_COUNTY
23560,Mezőlak,Veszprém,ORSZEM-VESZPREM,KSH_COUNTY
23579,Jászfelsőszentgyörgy,Jász-Nagykun-Szolnok,ORSZEM-JASZ-NAGYKUN-SZOLNOK,KSH_COUNTY
23588,Nagyveleg,Fejér,ORSZEM-FEJER,KSH_COUNTY
23597,Zalaszegvár,Veszprém,ORSZEM-VESZPREM,KSH_COUNTY
23603,Ercsi,Fejér,ORSZEM-FEJER,KSH_COUNTY
23612,Kömörő,Szabolcs-Szatmár-Bereg,ORSZEM-SZABOLCS-SZATMAR-BEREG,KSH_COUNTY
23630,Mernye,Somogy,ORSZEM-SOMOGY,KSH_COUNTY
23649,Göd,Pest,ORSZEM-PEST,KSH_COUNTY
23658,Herend,Veszprém,ORSZEM-VESZPREM,KSH_COUNTY
23676,Balástya,Csongrád-Csanád,ORSZEM-CSONGRAD-CSANAD,KSH_COUNTY
23685,Pátyod,Szabolcs-Szatmár-Bereg,ORSZEM-SZABOLCS-SZATMAR-BEREG,KSH_COUNTY
23694,Sárbogárd,Fejér,ORSZEM-FEJER,KSH_COUNTY
23700,Kiscsősz,Veszprém,ORSZEM-VESZPREM,KSH_COUNTY
23719,Gelej,Borsod-Abaúj-Zemplén,ORSZEM-BORSOD-ABAUJ-ZEMPLEN,KSH_COUNTY
23728,Kótaj,Szabolcs-Szatmár-Bereg,ORSZEM-SZABOLCS-SZATMAR-BEREG,KSH_COUNTY
23737,Bodroghalom,Borsod-Abaúj-Zemplén,ORSZEM-BORSOD-ABAUJ-ZEMPLEN,KSH_COUNTY
23746,Bakonybél,Veszprém,ORSZEM-VESZPREM,KSH_COUNTY
23755,Semjén,Borsod-Abaúj-Zemplén,ORSZEM-BORSOD-ABAUJ-ZEMPLEN,KSH_COUNTY
23764,Palé,Baranya,ORSZEM-BARANYA,KSH_COUNTY
23773,Pereszteg,Győr-Moson-Sopron,ORSZEM-GYOR-MOSON-SOPRON,KSH_COUNTY
23782,Sajópüspöki,Borsod-Abaúj-Zemplén,ORSZEM-BORSOD-ABAUJ-ZEMPLEN,KSH_COUNTY
23791,Kalaznó,Tolna,ORSZEM-TOLNA,KSH_COUNTY
23807,Somogyapáti,Baranya,ORSZEM-BARANYA,KSH_COUNTY
23816,Csempeszkopács,Vas,ORSZEM-VAS,KSH_COUNTY
23825,Rétság,Nógrád,ORSZEM-NOGRAD,KSH_COUNTY
23834,Zalaháshágy,Zala,ORSZEM-ZALA,KSH_COUNTY
23843,Gyóró,Győr-Moson-Sopron,ORSZEM-GYOR-MOSON-SOPRON,KSH_COUNTY
23852,Ászár,Komárom-Esztergom,ORSZEM-KOMAROM-ESZTERGOM,KSH_COUNTY
23861,Rátót,Vas,ORSZEM-VAS,KSH_COUNTY
23870,Szarvas,Békés,ORSZEM-BEKES,KSH_COUNTY
23889,Sonkád,Szabolcs-Szatmár-Bereg,ORSZEM-SZABOLCS-SZATMAR-BEREG,KSH_COUNTY
23898,Rezi,Zala,ORSZEM-ZALA,KSH_COUNTY
23904,Gyugy,Somogy,ORSZEM-SOMOGY,KSH_COUNTY
23913,Óbudavár,Veszprém,ORSZEM-VESZPREM,KSH_COUNTY
23922,Bakonyszentiván,Veszprém,ORSZEM-VESZPREM,KSH_COUNTY
23931,Méhkerék,Békés,ORSZEM-BEKES,KSH_COUNTY
23940,Sárrétudvari,Hajdú-Bihar,ORSZEM-HAJDU-BIHAR,KSH_COUNTY
23959,Mohács,Baranya,ORSZEM-BARANYA,KSH_COUNTY
23968,Teleki,Somogy,ORSZEM-SOMOGY,KSH_COUNTY
23977,Büttös,Borsod-Abaúj-Zemplén,ORSZEM-BORSOD-ABAUJ-ZEMPLEN,KSH_COUNTY
23986,Nagyoroszi,Nógrád,ORSZEM-NOGRAD,KSH_COUNTY
23995,Kompolt,Heves,ORSZEM-HEVES,KSH_COUNTY
24004,Nyirád,Veszprém,ORSZEM-VESZPREM,KSH_COUNTY
24013,Diósd,Pest,ORSZEM-PEST,KSH_COUNTY
24022,Bátor,Heves,ORSZEM-HEVES,KSH_COUNTY
24031,Dombegyház,Békés,ORSZEM-BEKES,KSH_COUNTY
24040,Monostorapáti,Veszprém,ORSZEM-VESZPREM,KSH_COUNTY
24059,Nemeskolta,Vas,ORSZEM-VAS,KSH_COUNTY
24068,Ősi,Veszprém,ORSZEM-VESZPREM,KSH_COUNTY
24077,Deszk,Csongrád-Csanád,ORSZEM-CSONGRAD-CSANAD,KSH_COUNTY
24086,Jászivány,Jász-Nagykun-Szolnok,ORSZEM-JASZ-NAGYKUN-SZOLNOK,KSH_COUNTY
24095,Csengersima,Szabolcs-Szatmár-Bereg,ORSZEM-SZABOLCS-SZATMAR-BEREG,KSH_COUNTY
24101,Dunaszentmiklós,Komárom-Esztergom,ORSZEM-KOMAROM-ESZTERGOM,KSH_COUNTY
24110,Zselickislak,Somogy,ORSZEM-SOMOGY,KSH_COUNTY
24129,Bakonytamási,Veszprém,ORSZEM-VESZPREM,KSH_COUNTY
24138,Rigyác,Zala,ORSZEM-ZALA,KSH_COUNTY
24147,Verpelét,Heves,ORSZEM-HEVES,KSH_COUNTY
24156,Négyes,Borsod-Abaúj-Zemplén,ORSZEM-BORSOD-ABAUJ-ZEMPLEN,KSH_COUNTY
24165,Hernádkak,Borsod-Abaúj-Zemplén,ORSZEM-BORSOD-ABAUJ-ZEMPLEN,KSH_COUNTY
24174,Tereske,Nógrád,ORSZEM-NOGRAD,KSH_COUNTY
24183,Gencsapáti,Vas,ORSZEM-VAS,KSH_COUNTY
24192,Fácánkert,Tolna,ORSZEM-TOLNA,KSH_COUNTY
24208,Sobor,Győr-Moson-Sopron,ORSZEM-GYOR-MOSON-SOPRON,KSH_COUNTY
24217,Mikepércs,Hajdú-Bihar,ORSZEM-HAJDU-BIHAR,KSH_COUNTY
24226,Kovácshida,Baranya,ORSZEM-BARANYA,KSH_COUNTY
24235,Erdőtelek,Heves,ORSZEM-HEVES,KSH_COUNTY
24244,Bakonybánk,Komárom-Esztergom,ORSZEM-KOMAROM-ESZTERGOM,KSH_COUNTY
24253,Mikóháza,Borsod-Abaúj-Zemplén,ORSZEM-BORSOD-ABAUJ-ZEMPLEN,KSH_COUNTY
24262,Egeraracsa,Zala,ORSZEM-ZALA,KSH_COUNTY
24271,Pakod,Zala,ORSZEM-ZALA,KSH_COUNTY
24280,Zalabér,Zala,ORSZEM-ZALA,KSH_COUNTY
24299,Budapest 13. ker.,főváros,ORSZEM-BUDAPEST,KSH_COUNTY
24305,Pannonhalma,Győr-Moson-Sopron,ORSZEM-GYOR-MOSON-SOPRON,KSH_COUNTY
24314,Csököly,Somogy,ORSZEM-SOMOGY,KSH_COUNTY
24323,Felsőpetény,Nógrád,ORSZEM-NOGRAD,KSH_COUNTY
24332,Mátraszele,Nógrád,ORSZEM-NOGRAD,KSH_COUNTY
24341,Bánk,Nógrád,ORSZEM-NOGRAD,KSH_COUNTY
24350,Újszalonta,Békés,ORSZEM-BEKES,KSH_COUNTY
24369,Felsőörs,Veszprém,ORSZEM-VESZPREM,KSH_COUNTY
24378,Bár,Baranya,ORSZEM-BARANYA,KSH_COUNTY
24387,Kisbajom,Somogy,ORSZEM-SOMOGY,KSH_COUNTY
24396,Kiskunmajsa,Bács-Kiskun,ORSZEM-BACS-KISKUN,KSH_COUNTY
24402,Vékény,Baranya,ORSZEM-BARANYA,KSH_COUNTY
24411,Lengyel,Tolna,ORSZEM-TOLNA,KSH_COUNTY
24420,Pere,Borsod-Abaúj-Zemplén,ORSZEM-BORSOD-ABAUJ-ZEMPLEN,KSH_COUNTY
24439,Dorogháza,Nógrád,ORSZEM-NOGRAD,KSH_COUNTY
24448,Tiszacsécse,Szabolcs-Szatmár-Bereg,ORSZEM-SZABOLCS-SZATMAR-BEREG,KSH_COUNTY
24457,Bálványos,Somogy,ORSZEM-SOMOGY,KSH_COUNTY
24466,Mikebuda,Pest,ORSZEM-PEST,KSH_COUNTY
24475,Timár,Szabolcs-Szatmár-Bereg,ORSZEM-SZABOLCS-SZATMAR-BEREG,KSH_COUNTY
24484,Kemenessömjén,Vas,ORSZEM-VAS,KSH_COUNTY
24493,Kisbárapáti,Somogy,ORSZEM-SOMOGY,KSH_COUNTY
24509,Nemesbőd,Vas,ORSZEM-VAS,KSH_COUNTY
24518,Ecser,Pest,ORSZEM-PEST,KSH_COUNTY
24527,Tök,Pest,ORSZEM-PEST,KSH_COUNTY
24536,Orci,Somogy,ORSZEM-SOMOGY,KSH_COUNTY
24545,Tiszaalpár,Bács-Kiskun,ORSZEM-BACS-KISKUN,KSH_COUNTY
24554,Abasár,Heves,ORSZEM-HEVES,KSH_COUNTY
24563,Tamási,Tolna,ORSZEM-TOLNA,KSH_COUNTY
24572,Sámsonháza,Nógrád,ORSZEM-NOGRAD,KSH_COUNTY
24581,Rohod,Szabolcs-Szatmár-Bereg,ORSZEM-SZABOLCS-SZATMAR-BEREG,KSH_COUNTY
24590,Zajk,Zala,ORSZEM-ZALA,KSH_COUNTY
24606,Szuhogy,Borsod-Abaúj-Zemplén,ORSZEM-BORSOD-ABAUJ-ZEMPLEN,KSH_COUNTY
24615,Tapsony,Somogy,ORSZEM-SOMOGY,KSH_COUNTY
24624,Lovászhetény,Baranya,ORSZEM-BARANYA,KSH_COUNTY
24633,Koroncó,Győr-Moson-Sopron,ORSZEM-GYOR-MOSON-SOPRON,KSH_COUNTY
24642,Csesznek,Veszprém,ORSZEM-VESZPREM,KSH_COUNTY
24651,Vinár,Veszprém,ORSZEM-VESZPREM,KSH_COUNTY
24660,Pötréte,Zala,ORSZEM-ZALA,KSH_COUNTY
24679,Kóspallag,Pest,ORSZEM-PEST,KSH_COUNTY
24697,Budapest 12. ker.,főváros,ORSZEM-BUDAPEST,KSH_COUNTY
24703,Tekenye,Zala,ORSZEM-ZALA,KSH_COUNTY
24712,Szilvás,Baranya,ORSZEM-BARANYA,KSH_COUNTY
24721,Rábapordány,Győr-Moson-Sopron,ORSZEM-GYOR-MOSON-SOPRON,KSH_COUNTY
24730,Pányok,Borsod-Abaúj-Zemplén,ORSZEM-BORSOD-ABAUJ-ZEMPLEN,KSH_COUNTY
24749,Baranyajenő,Baranya,ORSZEM-BARANYA,KSH_COUNTY
24758,Egerszalók,Heves,ORSZEM-HEVES,KSH_COUNTY
24767,Ugod,Veszprém,ORSZEM-VESZPREM,KSH_COUNTY
24776,Padár,Zala,ORSZEM-ZALA,KSH_COUNTY
24785,Nagykálló,Szabolcs-Szatmár-Bereg,ORSZEM-SZABOLCS-SZATMAR-BEREG,KSH_COUNTY
24794,Kardos,Békés,ORSZEM-BEKES,KSH_COUNTY
24800,Söpte,Vas,ORSZEM-VAS,KSH_COUNTY
24819,Dévaványa,Békés,ORSZEM-BEKES,KSH_COUNTY
24828,Biharnagybajom,Hajdú-Bihar,ORSZEM-HAJDU-BIHAR,KSH_COUNTY
24837,Nagytilaj,Vas,ORSZEM-VAS,KSH_COUNTY
24846,Heresznye,Somogy,ORSZEM-SOMOGY,KSH_COUNTY
24855,Romonya,Baranya,ORSZEM-BARANYA,KSH_COUNTY
24864,Batyk,Zala,ORSZEM-ZALA,KSH_COUNTY
24873,Homokkomárom,Zala,ORSZEM-ZALA,KSH_COUNTY
24882,Hernádpetri,Borsod-Abaúj-Zemplén,ORSZEM-BORSOD-ABAUJ-ZEMPLEN,KSH_COUNTY
24891,Szigliget,Veszprém,ORSZEM-VESZPREM,KSH_COUNTY
24907,Balatonszárszó,Somogy,ORSZEM-SOMOGY,KSH_COUNTY
24916,Szob,Pest,ORSZEM-PEST,KSH_COUNTY
24925,Bisse,Baranya,ORSZEM-BARANYA,KSH_COUNTY
24934,Vác,Pest,ORSZEM-PEST,KSH_COUNTY
24943,Nagykökényes,Heves,ORSZEM-HEVES,KSH_COUNTY
24952,Vásárosbéc,Baranya,ORSZEM-BARANYA,KSH_COUNTY
24970,Hernádszurdok,Borsod-Abaúj-Zemplén,ORSZEM-BORSOD-ABAUJ-ZEMPLEN,KSH_COUNTY
24989,Decs,Tolna,ORSZEM-TOLNA,KSH_COUNTY
24998,Tázlár,Bács-Kiskun,ORSZEM-BACS-KISKUN,KSH_COUNTY
25007,Sáránd,Hajdú-Bihar,ORSZEM-HAJDU-BIHAR,KSH_COUNTY
25016,Velence,Fejér,ORSZEM-FEJER,KSH_COUNTY
25025,Liszó,Zala,ORSZEM-ZALA,KSH_COUNTY
25034,Zsámbék,Pest,ORSZEM-PEST,KSH_COUNTY
25043,Somogybükkösd,Somogy,ORSZEM-SOMOGY,KSH_COUNTY
25052,Orosztony,Zala,ORSZEM-ZALA,KSH_COUNTY
25061,Szabadszállás,Bács-Kiskun,ORSZEM-BACS-KISKUN,KSH_COUNTY
25070,Somogyhatvan,Baranya,ORSZEM-BARANYA,KSH_COUNTY
25089,Mezőszemere,Heves,ORSZEM-HEVES,KSH_COUNTY
25098,Bénye,Pest,ORSZEM-PEST,KSH_COUNTY
25104,Hangony,Borsod-Abaúj-Zemplén,ORSZEM-BORSOD-ABAUJ-ZEMPLEN,KSH_COUNTY
25113,Tótszerdahely,Zala,ORSZEM-ZALA,KSH_COUNTY
25122,Zaláta,Baranya,ORSZEM-BARANYA,KSH_COUNTY
25131,Esztergom,Komárom-Esztergom,ORSZEM-KOMAROM-ESZTERGOM,KSH_COUNTY
25140,Sárosd,Fejér,ORSZEM-FEJER,KSH_COUNTY
25159,Bánhorváti,Borsod-Abaúj-Zemplén,ORSZEM-BORSOD-ABAUJ-ZEMPLEN,KSH_COUNTY
25168,Sarkadkeresztúr,Békés,ORSZEM-BEKES,KSH_COUNTY
25177,Magyarbóly,Baranya,ORSZEM-BARANYA,KSH_COUNTY
25186,Jászjákóhalma,Jász-Nagykun-Szolnok,ORSZEM-JASZ-NAGYKUN-SZOLNOK,KSH_COUNTY
25195,Bogács,Borsod-Abaúj-Zemplén,ORSZEM-BORSOD-ABAUJ-ZEMPLEN,KSH_COUNTY
25201,Nagytevel,Veszprém,ORSZEM-VESZPREM,KSH_COUNTY
25210,Murakeresztúr,Zala,ORSZEM-ZALA,KSH_COUNTY
25229,Bakonysárkány,Komárom-Esztergom,ORSZEM-KOMAROM-ESZTERGOM,KSH_COUNTY
25238,Filkeháza,Borsod-Abaúj-Zemplén,ORSZEM-BORSOD-ABAUJ-ZEMPLEN,KSH_COUNTY
25247,Köblény,Baranya,ORSZEM-BARANYA,KSH_COUNTY
25256,Bihardancsháza,Hajdú-Bihar,ORSZEM-HAJDU-BIHAR,KSH_COUNTY
25265,Alattyán,Jász-Nagykun-Szolnok,ORSZEM-JASZ-NAGYKUN-SZOLNOK,KSH_COUNTY
25274,Tolna,Tolna,ORSZEM-TOLNA,KSH_COUNTY
25283,Alsószentiván,Fejér,ORSZEM-FEJER,KSH_COUNTY
25292,Regenye,Baranya,ORSZEM-BARANYA,KSH_COUNTY
25308,Balatonakali,Veszprém,ORSZEM-VESZPREM,KSH_COUNTY
25326,Erdőbénye,Borsod-Abaúj-Zemplén,ORSZEM-BORSOD-ABAUJ-ZEMPLEN,KSH_COUNTY
25335,Rábapatona,Győr-Moson-Sopron,ORSZEM-GYOR-MOSON-SOPRON,KSH_COUNTY
25344,Sárkeresztúr,Fejér,ORSZEM-FEJER,KSH_COUNTY
25353,Kemendollár,Zala,ORSZEM-ZALA,KSH_COUNTY
25362,Dunabogdány,Pest,ORSZEM-PEST,KSH_COUNTY
25371,Magyaregres,Somogy,ORSZEM-SOMOGY,KSH_COUNTY
25380,Selyeb,Borsod-Abaúj-Zemplén,ORSZEM-BORSOD-ABAUJ-ZEMPLEN,KSH_COUNTY
25399,Igrici,Borsod-Abaúj-Zemplén,ORSZEM-BORSOD-ABAUJ-ZEMPLEN,KSH_COUNTY
25405,Budapest 08. ker.,főváros,ORSZEM-BUDAPEST,KSH_COUNTY
25414,Németfalu,Zala,ORSZEM-ZALA,KSH_COUNTY
25423,Magyarszombatfa,Vas,ORSZEM-VAS,KSH_COUNTY
25432,Tabdi,Bács-Kiskun,ORSZEM-BACS-KISKUN,KSH_COUNTY
25441,Benk,Szabolcs-Szatmár-Bereg,ORSZEM-SZABOLCS-SZATMAR-BEREG,KSH_COUNTY
25450,Öskü,Veszprém,ORSZEM-VESZPREM,KSH_COUNTY
25469,Esztár,Hajdú-Bihar,ORSZEM-HAJDU-BIHAR,KSH_COUNTY
25478,Oltárc,Zala,ORSZEM-ZALA,KSH_COUNTY
25487,Leányvár,Komárom-Esztergom,ORSZEM-KOMAROM-ESZTERGOM,KSH_COUNTY
25496,Endrefalva,Nógrád,ORSZEM-NOGRAD,KSH_COUNTY
25502,Csárdaszállás,Békés,ORSZEM-BEKES,KSH_COUNTY
25511,Nemeskisfalud,Somogy,ORSZEM-SOMOGY,KSH_COUNTY
25520,Nagyszakácsi,Somogy,ORSZEM-SOMOGY,KSH_COUNTY
25539,Györe,Tolna,ORSZEM-TOLNA,KSH_COUNTY
25548,Karancsberény,Nógrád,ORSZEM-NOGRAD,KSH_COUNTY
25566,Hárskút,Veszprém,ORSZEM-VESZPREM,KSH_COUNTY
25575,Cserépváralja,Borsod-Abaúj-Zemplén,ORSZEM-BORSOD-ABAUJ-ZEMPLEN,KSH_COUNTY
25584,Győr,Győr-Moson-Sopron,ORSZEM-GYOR-MOSON-SOPRON,KSH_COUNTY
25593,Sümeg,Veszprém,ORSZEM-VESZPREM,KSH_COUNTY
25609,Nemessándorháza,Zala,ORSZEM-ZALA,KSH_COUNTY
25618,Méra,Borsod-Abaúj-Zemplén,ORSZEM-BORSOD-ABAUJ-ZEMPLEN,KSH_COUNTY
25627,Gyál,Pest,ORSZEM-PEST,KSH_COUNTY
25636,Ibrány,Szabolcs-Szatmár-Bereg,ORSZEM-SZABOLCS-SZATMAR-BEREG,KSH_COUNTY
25645,Sióagárd,Tolna,ORSZEM-TOLNA,KSH_COUNTY
25654,Kerta,Veszprém,ORSZEM-VESZPREM,KSH_COUNTY
25663,Galgaguta,Nógrád,ORSZEM-NOGRAD,KSH_COUNTY
25672,Hidvégardó,Borsod-Abaúj-Zemplén,ORSZEM-BORSOD-ABAUJ-ZEMPLEN,KSH_COUNTY
25681,Cserénfa,Somogy,ORSZEM-SOMOGY,KSH_COUNTY
25690,Domaháza,Borsod-Abaúj-Zemplén,ORSZEM-BORSOD-ABAUJ-ZEMPLEN,KSH_COUNTY
25706,Szentbalázs,Somogy,ORSZEM-SOMOGY,KSH_COUNTY
25715,Moha,Fejér,ORSZEM-FEJER,KSH_COUNTY
25724,Sopronkövesd,Győr-Moson-Sopron,ORSZEM-GYOR-MOSON-SOPRON,KSH_COUNTY
25733,Mártély,Csongrád-Csanád,ORSZEM-CSONGRAD-CSANAD,KSH_COUNTY
25742,Kány,Borsod-Abaúj-Zemplén,ORSZEM-BORSOD-ABAUJ-ZEMPLEN,KSH_COUNTY
25751,Pákozd,Fejér,ORSZEM-FEJER,KSH_COUNTY
25760,Meggyeskovácsi,Vas,ORSZEM-VAS,KSH_COUNTY
25779,Somlószőlős,Veszprém,ORSZEM-VESZPREM,KSH_COUNTY
25788,Salgótarján,Nógrád,ORSZEM-NOGRAD,KSH_COUNTY
25797,Vitnyéd,Győr-Moson-Sopron,ORSZEM-GYOR-MOSON-SOPRON,KSH_COUNTY
25803,Hegymagas,Veszprém,ORSZEM-VESZPREM,KSH_COUNTY
25812,Ág,Baranya,ORSZEM-BARANYA,KSH_COUNTY
25821,Erdősmárok,Baranya,ORSZEM-BARANYA,KSH_COUNTY
25830,Hajmás,Somogy,ORSZEM-SOMOGY,KSH_COUNTY
25849,Rigács,Veszprém,ORSZEM-VESZPREM,KSH_COUNTY
25858,Köveskál,Veszprém,ORSZEM-VESZPREM,KSH_COUNTY
25867,Kaposhomok,Somogy,ORSZEM-SOMOGY,KSH_COUNTY
25876,Told,Hajdú-Bihar,ORSZEM-HAJDU-BIHAR,KSH_COUNTY
25885,Dobri,Zala,ORSZEM-ZALA,KSH_COUNTY
25894,Monostorpályi,Hajdú-Bihar,ORSZEM-HAJDU-BIHAR,KSH_COUNTY
25900,Tömörkény,Csongrád-Csanád,ORSZEM-CSONGRAD-CSANAD,KSH_COUNTY
25919,Kisújszállás,Jász-Nagykun-Szolnok,ORSZEM-JASZ-NAGYKUN-SZOLNOK,KSH_COUNTY
25928,Nyírkércs,Szabolcs-Szatmár-Bereg,ORSZEM-SZABOLCS-SZATMAR-BEREG,KSH_COUNTY
25937,Balotaszállás,Bács-Kiskun,ORSZEM-BACS-KISKUN,KSH_COUNTY
25946,Egyházasrádóc,Vas,ORSZEM-VAS,KSH_COUNTY
25955,Nagybaracska,Bács-Kiskun,ORSZEM-BACS-KISKUN,KSH_COUNTY
25964,Konyár,Hajdú-Bihar,ORSZEM-HAJDU-BIHAR,KSH_COUNTY
25973,Nyírcsászári,Szabolcs-Szatmár-Bereg,ORSZEM-SZABOLCS-SZATMAR-BEREG,KSH_COUNTY
25982,Vassurány,Vas,ORSZEM-VAS,KSH_COUNTY
25991,Bakonynána,Veszprém,ORSZEM-VESZPREM,KSH_COUNTY
26000,Velem,Vas,ORSZEM-VAS,KSH_COUNTY
26019,Egerbocs,Heves,ORSZEM-HEVES,KSH_COUNTY
26028,Nagybánhegyes,Békés,ORSZEM-BEKES,KSH_COUNTY
26037,Kékkút,Veszprém,ORSZEM-VESZPREM,KSH_COUNTY
26046,Kőszegpaty,Vas,ORSZEM-VAS,KSH_COUNTY
26055,Hőgyész,Tolna,ORSZEM-TOLNA,KSH_COUNTY
26064,Csipkerek,Vas,ORSZEM-VAS,KSH_COUNTY
26073,Rábapaty,Vas,ORSZEM-VAS,KSH_COUNTY
26082,Cserdi,Baranya,ORSZEM-BARANYA,KSH_COUNTY
26091,Lónya,Szabolcs-Szatmár-Bereg,ORSZEM-SZABOLCS-SZATMAR-BEREG,KSH_COUNTY
26107,Csegöld,Szabolcs-Szatmár-Bereg,ORSZEM-SZABOLCS-SZATMAR-BEREG,KSH_COUNTY
26116,Sáp,Hajdú-Bihar,ORSZEM-HAJDU-BIHAR,KSH_COUNTY
26125,Aparhant,Tolna,ORSZEM-TOLNA,KSH_COUNTY
26134,Nagyvenyim,Fejér,ORSZEM-FEJER,KSH_COUNTY
26143,Nagysimonyi,Vas,ORSZEM-VAS,KSH_COUNTY
26152,Gérce,Vas,ORSZEM-VAS,KSH_COUNTY
26161,Szijártóháza,Zala,ORSZEM-ZALA,KSH_COUNTY
26170,Hajdúbagos,Hajdú-Bihar,ORSZEM-HAJDU-BIHAR,KSH_COUNTY
26189,Békéssámson,Békés,ORSZEM-BEKES,KSH_COUNTY
26198,Arka,Borsod-Abaúj-Zemplén,ORSZEM-BORSOD-ABAUJ-ZEMPLEN,KSH_COUNTY
26204,Várkesző,Veszprém,ORSZEM-VESZPREM,KSH_COUNTY
26213,Szigetmonostor,Pest,ORSZEM-PEST,KSH_COUNTY
26222,Gadány,Somogy,ORSZEM-SOMOGY,KSH_COUNTY
26231,Ládbesenyő,Borsod-Abaúj-Zemplén,ORSZEM-BORSOD-ABAUJ-ZEMPLEN,KSH_COUNTY
26240,Nemesládony,Vas,ORSZEM-VAS,KSH_COUNTY
26259,Szigetbecse,Pest,ORSZEM-PEST,KSH_COUNTY
26268,Valkonya,Zala,ORSZEM-ZALA,KSH_COUNTY
26277,Bőszénfa,Somogy,ORSZEM-SOMOGY,KSH_COUNTY
26286,Mezőhék,Jász-Nagykun-Szolnok,ORSZEM-JASZ-NAGYKUN-SZOLNOK,KSH_COUNTY
26295,Kisbárkány,Nógrád,ORSZEM-NOGRAD,KSH_COUNTY
26301,Inke,Somogy,ORSZEM-SOMOGY,KSH_COUNTY
26310,Rém,Bács-Kiskun,ORSZEM-BACS-KISKUN,KSH_COUNTY
26329,Nyugotszenterzsébet,Baranya,ORSZEM-BARANYA,KSH_COUNTY
26338,Abaújszolnok,Borsod-Abaúj-Zemplén,ORSZEM-BORSOD-ABAUJ-ZEMPLEN,KSH_COUNTY
26347,Ebergőc,Győr-Moson-Sopron,ORSZEM-GYOR-MOSON-SOPRON,KSH_COUNTY
26356,Berzék,Borsod-Abaúj-Zemplén,ORSZEM-BORSOD-ABAUJ-ZEMPLEN,KSH_COUNTY
26365,Nyírmihálydi,Szabolcs-Szatmár-Bereg,ORSZEM-SZABOLCS-SZATMAR-BEREG,KSH_COUNTY
26374,Magyargencs,Veszprém,ORSZEM-VESZPREM,KSH_COUNTY
26383,Gátér,Bács-Kiskun,ORSZEM-BACS-KISKUN,KSH_COUNTY
26392,Pamuk,Somogy,ORSZEM-SOMOGY,KSH_COUNTY
26408,Komló,Baranya,ORSZEM-BARANYA,KSH_COUNTY
26417,Bakonyszücs,Veszprém,ORSZEM-VESZPREM,KSH_COUNTY
26426,Vép,Vas,ORSZEM-VAS,KSH_COUNTY
26435,Nyíri,Borsod-Abaúj-Zemplén,ORSZEM-BORSOD-ABAUJ-ZEMPLEN,KSH_COUNTY
26444,Maglóca,Győr-Moson-Sopron,ORSZEM-GYOR-MOSON-SOPRON,KSH_COUNTY
26453,Kadarkút,Somogy,ORSZEM-SOMOGY,KSH_COUNTY
26462,Balatonmagyaród,Zala,ORSZEM-ZALA,KSH_COUNTY
26471,Csátalja,Bács-Kiskun,ORSZEM-BACS-KISKUN,KSH_COUNTY
26480,Barabás,Szabolcs-Szatmár-Bereg,ORSZEM-SZABOLCS-SZATMAR-BEREG,KSH_COUNTY
26499,Zirc,Veszprém,ORSZEM-VESZPREM,KSH_COUNTY
26505,Nagykinizs,Borsod-Abaúj-Zemplén,ORSZEM-BORSOD-ABAUJ-ZEMPLEN,KSH_COUNTY
26514,Olaszfalu,Veszprém,ORSZEM-VESZPREM,KSH_COUNTY
26523,Nóráp,Veszprém,ORSZEM-VESZPREM,KSH_COUNTY
26532,Böhönye,Somogy,ORSZEM-SOMOGY,KSH_COUNTY
26541,Kup,Veszprém,ORSZEM-VESZPREM,KSH_COUNTY
26550,Ömböly,Szabolcs-Szatmár-Bereg,ORSZEM-SZABOLCS-SZATMAR-BEREG,KSH_COUNTY
26569,Somlóvásárhely,Veszprém,ORSZEM-VESZPREM,KSH_COUNTY
26578,Szigetvár,Baranya,ORSZEM-BARANYA,KSH_COUNTY
26587,Rajka,Győr-Moson-Sopron,ORSZEM-GYOR-MOSON-SOPRON,KSH_COUNTY
26596,Kercaszomor,Vas,ORSZEM-VAS,KSH_COUNTY
26602,Köröm,Borsod-Abaúj-Zemplén,ORSZEM-BORSOD-ABAUJ-ZEMPLEN,KSH_COUNTY
26611,Újfehértó,Szabolcs-Szatmár-Bereg,ORSZEM-SZABOLCS-SZATMAR-BEREG,KSH_COUNTY
26620,Katafa,Vas,ORSZEM-VAS,KSH_COUNTY
26639,Pusztaszentlászló,Zala,ORSZEM-ZALA,KSH_COUNTY
26648,Vaszar,Veszprém,ORSZEM-VESZPREM,KSH_COUNTY
26657,Járdánháza,Borsod-Abaúj-Zemplén,ORSZEM-BORSOD-ABAUJ-ZEMPLEN,KSH_COUNTY
26666,Kiszombor,Csongrád-Csanád,ORSZEM-CSONGRAD-CSANAD,KSH_COUNTY
26675,Lengyeltóti,Somogy,ORSZEM-SOMOGY,KSH_COUNTY
26684,Kecskemét,Bács-Kiskun,ORSZEM-BACS-KISKUN,KSH_COUNTY
26693,Báránd,Hajdú-Bihar,ORSZEM-HAJDU-BIHAR,KSH_COUNTY
26709,Csorvás,Békés,ORSZEM-BEKES,KSH_COUNTY
26718,Abaújkér,Borsod-Abaúj-Zemplén,ORSZEM-BORSOD-ABAUJ-ZEMPLEN,KSH_COUNTY
26727,Grábóc,Tolna,ORSZEM-TOLNA,KSH_COUNTY
26736,Rábagyarmat,Vas,ORSZEM-VAS,KSH_COUNTY
26745,Parasznya,Borsod-Abaúj-Zemplén,ORSZEM-BORSOD-ABAUJ-ZEMPLEN,KSH_COUNTY
26754,Rinyaszentkirály,Somogy,ORSZEM-SOMOGY,KSH_COUNTY
26763,Simaság,Vas,ORSZEM-VAS,KSH_COUNTY
26772,Csánig,Vas,ORSZEM-VAS,KSH_COUNTY
26781,Várda,Somogy,ORSZEM-SOMOGY,KSH_COUNTY
26790,Halászi,Győr-Moson-Sopron,ORSZEM-GYOR-MOSON-SOPRON,KSH_COUNTY
26806,Rönök,Vas,ORSZEM-VAS,KSH_COUNTY
26815,Vecsés,Pest,ORSZEM-PEST,KSH_COUNTY
26824,Alap,Fejér,ORSZEM-FEJER,KSH_COUNTY
26833,Iliny,Nógrád,ORSZEM-NOGRAD,KSH_COUNTY
26842,Zselickisfalud,Somogy,ORSZEM-SOMOGY,KSH_COUNTY
26851,Csengerújfalu,Szabolcs-Szatmár-Bereg,ORSZEM-SZABOLCS-SZATMAR-BEREG,KSH_COUNTY
26860,Gyarmat,Győr-Moson-Sopron,ORSZEM-GYOR-MOSON-SOPRON,KSH_COUNTY
26879,Nagyfüged,Heves,ORSZEM-HEVES,KSH_COUNTY
26888,Kazsok,Somogy,ORSZEM-SOMOGY,KSH_COUNTY
26897,Karancsság,Nógrád,ORSZEM-NOGRAD,KSH_COUNTY
26903,Sárisáp,Komárom-Esztergom,ORSZEM-KOMAROM-ESZTERGOM,KSH_COUNTY
26921,Ásványráró,Győr-Moson-Sopron,ORSZEM-GYOR-MOSON-SOPRON,KSH_COUNTY
26930,Mocsa,Komárom-Esztergom,ORSZEM-KOMAROM-ESZTERGOM,KSH_COUNTY
26949,Sajókeresztúr,Borsod-Abaúj-Zemplén,ORSZEM-BORSOD-ABAUJ-ZEMPLEN,KSH_COUNTY
26958,Balkány,Szabolcs-Szatmár-Bereg,ORSZEM-SZABOLCS-SZATMAR-BEREG,KSH_COUNTY
26967,Magyargéc,Nógrád,ORSZEM-NOGRAD,KSH_COUNTY
26976,Nagyhódos,Szabolcs-Szatmár-Bereg,ORSZEM-SZABOLCS-SZATMAR-BEREG,KSH_COUNTY
26985,Csővár,Pest,ORSZEM-PEST,KSH_COUNTY
26994,Tótszentgyörgy,Baranya,ORSZEM-BARANYA,KSH_COUNTY
27012,Váraszó,Heves,ORSZEM-HEVES,KSH_COUNTY
27021,Kisharsány,Baranya,ORSZEM-BARANYA,KSH_COUNTY
27030,Gyanógeregye,Vas,ORSZEM-VAS,KSH_COUNTY
27049,Becskeháza,Borsod-Abaúj-Zemplén,ORSZEM-BORSOD-ABAUJ-ZEMPLEN,KSH_COUNTY
27058,Békás,Veszprém,ORSZEM-VESZPREM,KSH_COUNTY
27067,Magyarsarlós,Baranya,ORSZEM-BARANYA,KSH_COUNTY
27076,Nagysáp,Komárom-Esztergom,ORSZEM-KOMAROM-ESZTERGOM,KSH_COUNTY
27085,Cakóháza,Győr-Moson-Sopron,ORSZEM-GYOR-MOSON-SOPRON,KSH_COUNTY
27094,Celldömölk,Vas,ORSZEM-VAS,KSH_COUNTY
27100,Vasmegyer,Szabolcs-Szatmár-Bereg,ORSZEM-SZABOLCS-SZATMAR-BEREG,KSH_COUNTY
27119,Nemesborzova,Szabolcs-Szatmár-Bereg,ORSZEM-SZABOLCS-SZATMAR-BEREG,KSH_COUNTY
27128,Galgamácsa,Pest,ORSZEM-PEST,KSH_COUNTY
27137,Mencshely,Veszprém,ORSZEM-VESZPREM,KSH_COUNTY
27146,Komoró,Szabolcs-Szatmár-Bereg,ORSZEM-SZABOLCS-SZATMAR-BEREG,KSH_COUNTY
27155,Nagyhalász,Szabolcs-Szatmár-Bereg,ORSZEM-SZABOLCS-SZATMAR-BEREG,KSH_COUNTY
27164,Nagypeterd,Baranya,ORSZEM-BARANYA,KSH_COUNTY
27173,Sajólád,Borsod-Abaúj-Zemplén,ORSZEM-BORSOD-ABAUJ-ZEMPLEN,KSH_COUNTY
27182,Nagykónyi,Tolna,ORSZEM-TOLNA,KSH_COUNTY
27191,Novajidrány,Borsod-Abaúj-Zemplén,ORSZEM-BORSOD-ABAUJ-ZEMPLEN,KSH_COUNTY
27207,Zalagyömörő,Veszprém,ORSZEM-VESZPREM,KSH_COUNTY
27216,Ostoros,Heves,ORSZEM-HEVES,KSH_COUNTY
27225,Kálmánháza,Szabolcs-Szatmár-Bereg,ORSZEM-SZABOLCS-SZATMAR-BEREG,KSH_COUNTY
27234,Bácsborsód,Bács-Kiskun,ORSZEM-BACS-KISKUN,KSH_COUNTY
27243,Kisbágyon,Nógrád,ORSZEM-NOGRAD,KSH_COUNTY
27252,Tiszanagyfalu,Szabolcs-Szatmár-Bereg,ORSZEM-SZABOLCS-SZATMAR-BEREG,KSH_COUNTY
27261,Tisztaberek,Szabolcs-Szatmár-Bereg,ORSZEM-SZABOLCS-SZATMAR-BEREG,KSH_COUNTY
27270,Csömend,Somogy,ORSZEM-SOMOGY,KSH_COUNTY
27289,Magyarnádalja,Vas,ORSZEM-VAS,KSH_COUNTY
27298,Apátvarasd,Baranya,ORSZEM-BARANYA,KSH_COUNTY
27304,Potyond,Győr-Moson-Sopron,ORSZEM-GYOR-MOSON-SOPRON,KSH_COUNTY
27313,Törökszentmiklós,Jász-Nagykun-Szolnok,ORSZEM-JASZ-NAGYKUN-SZOLNOK,KSH_COUNTY
27322,Vámosatya,Szabolcs-Szatmár-Bereg,ORSZEM-SZABOLCS-SZATMAR-BEREG,KSH_COUNTY
27331,Sajóecseg,Borsod-Abaúj-Zemplén,ORSZEM-BORSOD-ABAUJ-ZEMPLEN,KSH_COUNTY
27340,Nógrádszakál,Nógrád,ORSZEM-NOGRAD,KSH_COUNTY
27359,Mecsér,Győr-Moson-Sopron,ORSZEM-GYOR-MOSON-SOPRON,KSH_COUNTY
27368,Segesd,Somogy,ORSZEM-SOMOGY,KSH_COUNTY
27377,Balatonberény,Somogy,ORSZEM-SOMOGY,KSH_COUNTY
27386,Tatárszentgyörgy,Pest,ORSZEM-PEST,KSH_COUNTY
27395,Mályi,Borsod-Abaúj-Zemplén,ORSZEM-BORSOD-ABAUJ-ZEMPLEN,KSH_COUNTY
27401,Egyházaskozár,Baranya,ORSZEM-BARANYA,KSH_COUNTY
27410,Putnok,Borsod-Abaúj-Zemplén,ORSZEM-BORSOD-ABAUJ-ZEMPLEN,KSH_COUNTY
27429,Bódvalenke,Borsod-Abaúj-Zemplén,ORSZEM-BORSOD-ABAUJ-ZEMPLEN,KSH_COUNTY
27438,Örménykút,Békés,ORSZEM-BEKES,KSH_COUNTY
27447,Barlahida,Zala,ORSZEM-ZALA,KSH_COUNTY
27456,Szendrőlád,Borsod-Abaúj-Zemplén,ORSZEM-BORSOD-ABAUJ-ZEMPLEN,KSH_COUNTY
27465,Pusztaederics,Zala,ORSZEM-ZALA,KSH_COUNTY
27474,Sárospatak,Borsod-Abaúj-Zemplén,ORSZEM-BORSOD-ABAUJ-ZEMPLEN,KSH_COUNTY
27483,Lendvadedes,Zala,ORSZEM-ZALA,KSH_COUNTY
27492,Csöde,Zala,ORSZEM-ZALA,KSH_COUNTY
27508,Szágy,Baranya,ORSZEM-BARANYA,KSH_COUNTY
27517,Besenyőtelek,Heves,ORSZEM-HEVES,KSH_COUNTY
27526,Miháld,Zala,ORSZEM-ZALA,KSH_COUNTY
27535,Somogysimonyi,Somogy,ORSZEM-SOMOGY,KSH_COUNTY
27544,Tiszaszentmárton,Szabolcs-Szatmár-Bereg,ORSZEM-SZABOLCS-SZATMAR-BEREG,KSH_COUNTY
27553,Pogányszentpéter,Somogy,ORSZEM-SOMOGY,KSH_COUNTY
27562,Zalaszombatfa,Zala,ORSZEM-ZALA,KSH_COUNTY
27571,Kelebia,Bács-Kiskun,ORSZEM-BACS-KISKUN,KSH_COUNTY
27580,Nemti,Nógrád,ORSZEM-NOGRAD,KSH_COUNTY
27599,Nadap,Fejér,ORSZEM-FEJER,KSH_COUNTY
27605,Nagytálya,Heves,ORSZEM-HEVES,KSH_COUNTY
27614,Zimány,Somogy,ORSZEM-SOMOGY,KSH_COUNTY
27623,Újlőrincfalva,Heves,ORSZEM-HEVES,KSH_COUNTY
27632,Úny,Komárom-Esztergom,ORSZEM-KOMAROM-ESZTERGOM,KSH_COUNTY
27641,Álmosd,Hajdú-Bihar,ORSZEM-HAJDU-BIHAR,KSH_COUNTY
27650,Rózsaszentmárton,Heves,ORSZEM-HEVES,KSH_COUNTY
27669,Dubicsány,Borsod-Abaúj-Zemplén,ORSZEM-BORSOD-ABAUJ-ZEMPLEN,KSH_COUNTY
27678,Magyaralmás,Fejér,ORSZEM-FEJER,KSH_COUNTY
27687,Kosd,Pest,ORSZEM-PEST,KSH_COUNTY
27696,Maklár,Heves,ORSZEM-HEVES,KSH_COUNTY
27702,Tékes,Baranya,ORSZEM-BARANYA,KSH_COUNTY
27711,Izmény,Tolna,ORSZEM-TOLNA,KSH_COUNTY
27720,Salomvár,Zala,ORSZEM-ZALA,KSH_COUNTY
27739,Dunakiliti,Győr-Moson-Sopron,ORSZEM-GYOR-MOSON-SOPRON,KSH_COUNTY
27748,Pap,Szabolcs-Szatmár-Bereg,ORSZEM-SZABOLCS-SZATMAR-BEREG,KSH_COUNTY
27757,Sajóvelezd,Borsod-Abaúj-Zemplén,ORSZEM-BORSOD-ABAUJ-ZEMPLEN,KSH_COUNTY
27766,Kisszékely,Tolna,ORSZEM-TOLNA,KSH_COUNTY
27775,Óhíd,Zala,ORSZEM-ZALA,KSH_COUNTY
27784,Iharosberény,Somogy,ORSZEM-SOMOGY,KSH_COUNTY
27793,Szergény,Vas,ORSZEM-VAS,KSH_COUNTY
27809,Mátételke,Bács-Kiskun,ORSZEM-BACS-KISKUN,KSH_COUNTY
27818,Homokbödöge,Veszprém,ORSZEM-VESZPREM,KSH_COUNTY
27827,Káva,Pest,ORSZEM-PEST,KSH_COUNTY
27836,Tornaszentandrás,Borsod-Abaúj-Zemplén,ORSZEM-BORSOD-ABAUJ-ZEMPLEN,KSH_COUNTY
27845,Homokmégy,Bács-Kiskun,ORSZEM-BACS-KISKUN,KSH_COUNTY
27854,Szolnok,Jász-Nagykun-Szolnok,ORSZEM-JASZ-NAGYKUN-SZOLNOK,KSH_COUNTY
27863,Majs,Baranya,ORSZEM-BARANYA,KSH_COUNTY
27872,Abony,Pest,ORSZEM-PEST,KSH_COUNTY
27881,Hásságy,Baranya,ORSZEM-BARANYA,KSH_COUNTY
27890,Bükkaranyos,Borsod-Abaúj-Zemplén,ORSZEM-BORSOD-ABAUJ-ZEMPLEN,KSH_COUNTY
27906,Magyarbánhegyes,Békés,ORSZEM-BEKES,KSH_COUNTY
27915,Mohora,Nógrád,ORSZEM-NOGRAD,KSH_COUNTY
27924,Ópályi,Szabolcs-Szatmár-Bereg,ORSZEM-SZABOLCS-SZATMAR-BEREG,KSH_COUNTY
27933,Himesháza,Baranya,ORSZEM-BARANYA,KSH_COUNTY
27942,Halmaj,Borsod-Abaúj-Zemplén,ORSZEM-BORSOD-ABAUJ-ZEMPLEN,KSH_COUNTY
27951,Tilaj,Zala,ORSZEM-ZALA,KSH_COUNTY
27960,Sorkikápolna,Vas,ORSZEM-VAS,KSH_COUNTY
27979,Nagyalásony,Veszprém,ORSZEM-VESZPREM,KSH_COUNTY
27988,Nagyszekeres,Szabolcs-Szatmár-Bereg,ORSZEM-SZABOLCS-SZATMAR-BEREG,KSH_COUNTY
27997,Szemenye,Vas,ORSZEM-VAS,KSH_COUNTY
28006,Öcsöd,Jász-Nagykun-Szolnok,ORSZEM-JASZ-NAGYKUN-SZOLNOK,KSH_COUNTY
28015,Iszkáz,Veszprém,ORSZEM-VESZPREM,KSH_COUNTY
28024,Villány,Baranya,ORSZEM-BARANYA,KSH_COUNTY
28033,Nekézseny,Borsod-Abaúj-Zemplén,ORSZEM-BORSOD-ABAUJ-ZEMPLEN,KSH_COUNTY
28051,Tolcsva,Borsod-Abaúj-Zemplén,ORSZEM-BORSOD-ABAUJ-ZEMPLEN,KSH_COUNTY
28060,Nyírtass,Szabolcs-Szatmár-Bereg,ORSZEM-SZABOLCS-SZATMAR-BEREG,KSH_COUNTY
28079,Kerecsend,Heves,ORSZEM-HEVES,KSH_COUNTY
28088,Gyöngyöstarján,Heves,ORSZEM-HEVES,KSH_COUNTY
28097,Ipolydamásd,Pest,ORSZEM-PEST,KSH_COUNTY
28103,Nádudvar,Hajdú-Bihar,ORSZEM-HAJDU-BIHAR,KSH_COUNTY
28112,Öcs,Veszprém,ORSZEM-VESZPREM,KSH_COUNTY
28121,Drávacsepely,Baranya,ORSZEM-BARANYA,KSH_COUNTY
28130,Kunszentmiklós,Bács-Kiskun,ORSZEM-BACS-KISKUN,KSH_COUNTY
28149,Mosonszolnok,Győr-Moson-Sopron,ORSZEM-GYOR-MOSON-SOPRON,KSH_COUNTY
28158,Kisszállás,Bács-Kiskun,ORSZEM-BACS-KISKUN,KSH_COUNTY
28167,Lovászi,Zala,ORSZEM-ZALA,KSH_COUNTY
28185,Perbál,Pest,ORSZEM-PEST,KSH_COUNTY
28194,Szuha,Nógrád,ORSZEM-NOGRAD,KSH_COUNTY
28200,Ligetfalva,Zala,ORSZEM-ZALA,KSH_COUNTY
28219,Litka,Borsod-Abaúj-Zemplén,ORSZEM-BORSOD-ABAUJ-ZEMPLEN,KSH_COUNTY
28228,Túrkeve,Jász-Nagykun-Szolnok,ORSZEM-JASZ-NAGYKUN-SZOLNOK,KSH_COUNTY
28237,Dabrony,Veszprém,ORSZEM-VESZPREM,KSH_COUNTY
28246,Beregdaróc,Szabolcs-Szatmár-Bereg,ORSZEM-SZABOLCS-SZATMAR-BEREG,KSH_COUNTY
28255,Mogyorósbánya,Komárom-Esztergom,ORSZEM-KOMAROM-ESZTERGOM,KSH_COUNTY
28264,Gadács,Somogy,ORSZEM-SOMOGY,KSH_COUNTY
28273,Endrőc,Baranya,ORSZEM-BARANYA,KSH_COUNTY
28282,Nagyvisnyó,Heves,ORSZEM-HEVES,KSH_COUNTY
28291,Lábod,Somogy,ORSZEM-SOMOGY,KSH_COUNTY
28307,Gagybátor,Borsod-Abaúj-Zemplén,ORSZEM-BORSOD-ABAUJ-ZEMPLEN,KSH_COUNTY
28316,Bábonymegyer,Somogy,ORSZEM-SOMOGY,KSH_COUNTY
28325,Hottó,Zala,ORSZEM-ZALA,KSH_COUNTY
28334,Kapuvár,Győr-Moson-Sopron,ORSZEM-GYOR-MOSON-SOPRON,KSH_COUNTY
28343,Vaskút,Bács-Kiskun,ORSZEM-BACS-KISKUN,KSH_COUNTY
28352,Tiszaújváros,Borsod-Abaúj-Zemplén,ORSZEM-BORSOD-ABAUJ-ZEMPLEN,KSH_COUNTY
28361,Potony,Somogy,ORSZEM-SOMOGY,KSH_COUNTY
28370,Apácatorna,Veszprém,ORSZEM-VESZPREM,KSH_COUNTY
28389,Kazár,Nógrád,ORSZEM-NOGRAD,KSH_COUNTY
28398,Tiszalúc,Borsod-Abaúj-Zemplén,ORSZEM-BORSOD-ABAUJ-ZEMPLEN,KSH_COUNTY
28404,Gyöngyfa,Baranya,ORSZEM-BARANYA,KSH_COUNTY
28413,Visegrád,Pest,ORSZEM-PEST,KSH_COUNTY
28422,Nemesvita,Veszprém,ORSZEM-VESZPREM,KSH_COUNTY
28431,Kék,Szabolcs-Szatmár-Bereg,ORSZEM-SZABOLCS-SZATMAR-BEREG,KSH_COUNTY
28440,Nyírgelse,Szabolcs-Szatmár-Bereg,ORSZEM-SZABOLCS-SZATMAR-BEREG,KSH_COUNTY
28459,Csernely,Borsod-Abaúj-Zemplén,ORSZEM-BORSOD-ABAUJ-ZEMPLEN,KSH_COUNTY
28468,Nagypáli,Zala,ORSZEM-ZALA,KSH_COUNTY
28477,Kisléta,Szabolcs-Szatmár-Bereg,ORSZEM-SZABOLCS-SZATMAR-BEREG,KSH_COUNTY
28486,Tompa,Bács-Kiskun,ORSZEM-BACS-KISKUN,KSH_COUNTY
28495,Zalaboldogfa,Zala,ORSZEM-ZALA,KSH_COUNTY
28501,Balatonszőlős,Veszprém,ORSZEM-VESZPREM,KSH_COUNTY
28510,Porrogszentpál,Somogy,ORSZEM-SOMOGY,KSH_COUNTY
28529,Varga,Baranya,ORSZEM-BARANYA,KSH_COUNTY
28538,Vajszló,Baranya,ORSZEM-BARANYA,KSH_COUNTY
28547,Kovácsvágás,Borsod-Abaúj-Zemplén,ORSZEM-BORSOD-ABAUJ-ZEMPLEN,KSH_COUNTY
28556,Erdőkövesd,Heves,ORSZEM-HEVES,KSH_COUNTY
28565,Sarkad,Békés,ORSZEM-BEKES,KSH_COUNTY
28574,Szabás,Somogy,ORSZEM-SOMOGY,KSH_COUNTY
28583,Áta,Baranya,ORSZEM-BARANYA,KSH_COUNTY
28592,Pusztaszer,Csongrád-Csanád,ORSZEM-CSONGRAD-CSANAD,KSH_COUNTY
28608,Drávaszabolcs,Baranya,ORSZEM-BARANYA,KSH_COUNTY
28617,Drávacsehi,Baranya,ORSZEM-BARANYA,KSH_COUNTY
28626,Répceszentgyörgy,Vas,ORSZEM-VAS,KSH_COUNTY
28635,Teresztenye,Borsod-Abaúj-Zemplén,ORSZEM-BORSOD-ABAUJ-ZEMPLEN,KSH_COUNTY
28644,Úri,Pest,ORSZEM-PEST,KSH_COUNTY
28653,Szentmártonkáta,Pest,ORSZEM-PEST,KSH_COUNTY
28662,Belecska,Tolna,ORSZEM-TOLNA,KSH_COUNTY
28671,Gyepükaján,Veszprém,ORSZEM-VESZPREM,KSH_COUNTY
28699,Tiszaigar,Jász-Nagykun-Szolnok,ORSZEM-JASZ-NAGYKUN-SZOLNOK,KSH_COUNTY
28705,Szabadbattyán,Fejér,ORSZEM-FEJER,KSH_COUNTY
28714,Andocs,Somogy,ORSZEM-SOMOGY,KSH_COUNTY
28723,Somogysárd,Somogy,ORSZEM-SOMOGY,KSH_COUNTY
28732,Gagyapáti,Borsod-Abaúj-Zemplén,ORSZEM-BORSOD-ABAUJ-ZEMPLEN,KSH_COUNTY
28741,Sellye,Baranya,ORSZEM-BARANYA,KSH_COUNTY
28750,Zsarolyán,Szabolcs-Szatmár-Bereg,ORSZEM-SZABOLCS-SZATMAR-BEREG,KSH_COUNTY
28769,Bágyogszovát,Győr-Moson-Sopron,ORSZEM-GYOR-MOSON-SOPRON,KSH_COUNTY
28778,Dióskál,Zala,ORSZEM-ZALA,KSH_COUNTY
28787,Taktakenéz,Borsod-Abaúj-Zemplén,ORSZEM-BORSOD-ABAUJ-ZEMPLEN,KSH_COUNTY
28796,Egervölgy,Vas,ORSZEM-VAS,KSH_COUNTY
28802,Nyírbogdány,Szabolcs-Szatmár-Bereg,ORSZEM-SZABOLCS-SZATMAR-BEREG,KSH_COUNTY
28811,Kaposgyarmat,Somogy,ORSZEM-SOMOGY,KSH_COUNTY
28820,Szeremle,Bács-Kiskun,ORSZEM-BACS-KISKUN,KSH_COUNTY
28839,Alsószuha,Borsod-Abaúj-Zemplén,ORSZEM-BORSOD-ABAUJ-ZEMPLEN,KSH_COUNTY
28848,Pátka,Fejér,ORSZEM-FEJER,KSH_COUNTY
28857,Kutas,Somogy,ORSZEM-SOMOGY,KSH_COUNTY
28866,Sződliget,Pest,ORSZEM-PEST,KSH_COUNTY
28875,Kishuta,Borsod-Abaúj-Zemplén,ORSZEM-BORSOD-ABAUJ-ZEMPLEN,KSH_COUNTY
28884,Rimóc,Nógrád,ORSZEM-NOGRAD,KSH_COUNTY
28893,Geszteréd,Szabolcs-Szatmár-Bereg,ORSZEM-SZABOLCS-SZATMAR-BEREG,KSH_COUNTY
28909,Bátaapáti,Tolna,ORSZEM-TOLNA,KSH_COUNTY
28918,Egerág,Baranya,ORSZEM-BARANYA,KSH_COUNTY
28927,Nagytótfalu,Baranya,ORSZEM-BARANYA,KSH_COUNTY
28936,Bakonygyirót,Győr-Moson-Sopron,ORSZEM-GYOR-MOSON-SOPRON,KSH_COUNTY
28945,Győröcske,Szabolcs-Szatmár-Bereg,ORSZEM-SZABOLCS-SZATMAR-BEREG,KSH_COUNTY
28954,Szigetszentmiklós,Pest,ORSZEM-PEST,KSH_COUNTY
28963,Somogyjád,Somogy,ORSZEM-SOMOGY,KSH_COUNTY
28972,Pusztamiske,Veszprém,ORSZEM-VESZPREM,KSH_COUNTY
28981,Ura,Szabolcs-Szatmár-Bereg,ORSZEM-SZABOLCS-SZATMAR-BEREG,KSH_COUNTY
28990,Kisláng,Fejér,ORSZEM-FEJER,KSH_COUNTY
29009,Nyárád,Veszprém,ORSZEM-VESZPREM,KSH_COUNTY
29018,Pusztaszabolcs,Fejér,ORSZEM-FEJER,KSH_COUNTY
29027,Kunfehértó,Bács-Kiskun,ORSZEM-BACS-KISKUN,KSH_COUNTY
29036,Mezőszilas,Fejér,ORSZEM-FEJER,KSH_COUNTY
29045,Mátraszentimre,Heves,ORSZEM-HEVES,KSH_COUNTY
29054,Tornyosnémeti,Borsod-Abaúj-Zemplén,ORSZEM-BORSOD-ABAUJ-ZEMPLEN,KSH_COUNTY
29063,Nagyberény,Somogy,ORSZEM-SOMOGY,KSH_COUNTY
29072,Kisberzseny,Veszprém,ORSZEM-VESZPREM,KSH_COUNTY
29081,Lócs,Vas,ORSZEM-VAS,KSH_COUNTY
29090,Sopronhorpács,Győr-Moson-Sopron,ORSZEM-GYOR-MOSON-SOPRON,KSH_COUNTY
29106,Baks,Csongrád-Csanád,ORSZEM-CSONGRAD-CSANAD,KSH_COUNTY
29115,Solt,Bács-Kiskun,ORSZEM-BACS-KISKUN,KSH_COUNTY
29124,Várong,Tolna,ORSZEM-TOLNA,KSH_COUNTY
29133,Tiszacsermely,Borsod-Abaúj-Zemplén,ORSZEM-BORSOD-ABAUJ-ZEMPLEN,KSH_COUNTY
29142,Somogyhárságy,Baranya,ORSZEM-BARANYA,KSH_COUNTY
29151,Vágáshuta,Borsod-Abaúj-Zemplén,ORSZEM-BORSOD-ABAUJ-ZEMPLEN,KSH_COUNTY
29160,Páka,Zala,ORSZEM-ZALA,KSH_COUNTY
29179,Nagytőke,Csongrád-Csanád,ORSZEM-CSONGRAD-CSANAD,KSH_COUNTY
29188,Nagybarca,Borsod-Abaúj-Zemplén,ORSZEM-BORSOD-ABAUJ-ZEMPLEN,KSH_COUNTY
29197,Péterhida,Somogy,ORSZEM-SOMOGY,KSH_COUNTY
29203,Boba,Vas,ORSZEM-VAS,KSH_COUNTY
29212,Baj,Komárom-Esztergom,ORSZEM-KOMAROM-ESZTERGOM,KSH_COUNTY
29221,Jánossomorja,Győr-Moson-Sopron,ORSZEM-GYOR-MOSON-SOPRON,KSH_COUNTY
29230,Dalmand,Tolna,ORSZEM-TOLNA,KSH_COUNTY
29249,Kesznyéten,Borsod-Abaúj-Zemplén,ORSZEM-BORSOD-ABAUJ-ZEMPLEN,KSH_COUNTY
29267,Tác,Fejér,ORSZEM-FEJER,KSH_COUNTY
29276,Novaj,Heves,ORSZEM-HEVES,KSH_COUNTY
29285,Budapest 18. ker.,főváros,ORSZEM-BUDAPEST,KSH_COUNTY
29294,Marcalgergelyi,Veszprém,ORSZEM-VESZPREM,KSH_COUNTY
29300,Kispalád,Szabolcs-Szatmár-Bereg,ORSZEM-SZABOLCS-SZATMAR-BEREG,KSH_COUNTY
29319,Ipolyvece,Nógrád,ORSZEM-NOGRAD,KSH_COUNTY
29328,Nemeskér,Győr-Moson-Sopron,ORSZEM-GYOR-MOSON-SOPRON,KSH_COUNTY
29337,Madocsa,Tolna,ORSZEM-TOLNA,KSH_COUNTY
29346,Tiszajenő,Jász-Nagykun-Szolnok,ORSZEM-JASZ-NAGYKUN-SZOLNOK,KSH_COUNTY
29355,Bajót,Komárom-Esztergom,ORSZEM-KOMAROM-ESZTERGOM,KSH_COUNTY
29364,Csömödér,Zala,ORSZEM-ZALA,KSH_COUNTY
29373,Vasszécseny,Vas,ORSZEM-VAS,KSH_COUNTY
29382,Örményes,Jász-Nagykun-Szolnok,ORSZEM-JASZ-NAGYKUN-SZOLNOK,KSH_COUNTY
29391,Hencida,Hajdú-Bihar,ORSZEM-HAJDU-BIHAR,KSH_COUNTY
29407,Agyagosszergény,Győr-Moson-Sopron,ORSZEM-GYOR-MOSON-SOPRON,KSH_COUNTY
29416,Csaroda,Szabolcs-Szatmár-Bereg,ORSZEM-SZABOLCS-SZATMAR-BEREG,KSH_COUNTY
29425,Nőtincs,Nógrád,ORSZEM-NOGRAD,KSH_COUNTY
29434,Tapolca,Veszprém,ORSZEM-VESZPREM,KSH_COUNTY
29443,Gulács,Szabolcs-Szatmár-Bereg,ORSZEM-SZABOLCS-SZATMAR-BEREG,KSH_COUNTY
29452,Halastó,Vas,ORSZEM-VAS,KSH_COUNTY
29461,Balatonfőkajár,Veszprém,ORSZEM-VESZPREM,KSH_COUNTY
29470,Döbrönte,Veszprém,ORSZEM-VESZPREM,KSH_COUNTY
29489,Kerkabarabás,Zala,ORSZEM-ZALA,KSH_COUNTY
29498,Varsány,Nógrád,ORSZEM-NOGRAD,KSH_COUNTY
29504,Iklanberény,Vas,ORSZEM-VAS,KSH_COUNTY
29513,Bakonyjákó,Veszprém,ORSZEM-VESZPREM,KSH_COUNTY
29522,Molvány,Baranya,ORSZEM-BARANYA,KSH_COUNTY
29531,Vésztő,Békés,ORSZEM-BEKES,KSH_COUNTY
29540,Mozsgó,Baranya,ORSZEM-BARANYA,KSH_COUNTY
29559,Panyola,Szabolcs-Szatmár-Bereg,ORSZEM-SZABOLCS-SZATMAR-BEREG,KSH_COUNTY
29568,Telekes,Vas,ORSZEM-VAS,KSH_COUNTY
29577,Kesztölc,Komárom-Esztergom,ORSZEM-KOMAROM-ESZTERGOM,KSH_COUNTY
29586,Budapest 09. ker.,főváros,ORSZEM-BUDAPEST,KSH_COUNTY
29595,Almáskamarás,Békés,ORSZEM-BEKES,KSH_COUNTY
29601,Pilisborosjenő,Pest,ORSZEM-PEST,KSH_COUNTY
29610,Biharugra,Békés,ORSZEM-BEKES,KSH_COUNTY
29629,Vértestolna,Komárom-Esztergom,ORSZEM-KOMAROM-ESZTERGOM,KSH_COUNTY
29638,Epöl,Komárom-Esztergom,ORSZEM-KOMAROM-ESZTERGOM,KSH_COUNTY
29647,Dömsöd,Pest,ORSZEM-PEST,KSH_COUNTY
29656,Pat,Zala,ORSZEM-ZALA,KSH_COUNTY
29665,Alsónána,Tolna,ORSZEM-TOLNA,KSH_COUNTY
29674,Beret,Borsod-Abaúj-Zemplén,ORSZEM-BORSOD-ABAUJ-ZEMPLEN,KSH_COUNTY
29683,Zalatárnok,Zala,ORSZEM-ZALA,KSH_COUNTY
29692,Sorokpolány,Vas,ORSZEM-VAS,KSH_COUNTY
29708,Felsőgagy,Borsod-Abaúj-Zemplén,ORSZEM-BORSOD-ABAUJ-ZEMPLEN,KSH_COUNTY
29717,Rakaca,Borsod-Abaúj-Zemplén,ORSZEM-BORSOD-ABAUJ-ZEMPLEN,KSH_COUNTY
29726,Tiszafüred,Jász-Nagykun-Szolnok,ORSZEM-JASZ-NAGYKUN-SZOLNOK,KSH_COUNTY
29735,Gyömrő,Pest,ORSZEM-PEST,KSH_COUNTY
29744,Budapest 07. ker.,főváros,ORSZEM-BUDAPEST,KSH_COUNTY
29753,Magyaregregy,Baranya,ORSZEM-BARANYA,KSH_COUNTY
29762,Pettend,Baranya,ORSZEM-BARANYA,KSH_COUNTY
29771,Gősfa,Zala,ORSZEM-ZALA,KSH_COUNTY
29780,Vízvár,Somogy,ORSZEM-SOMOGY,KSH_COUNTY
29799,Méhtelek,Szabolcs-Szatmár-Bereg,ORSZEM-SZABOLCS-SZATMAR-BEREG,KSH_COUNTY
29805,Bezenye,Győr-Moson-Sopron,ORSZEM-GYOR-MOSON-SOPRON,KSH_COUNTY
29814,Alsóvadász,Borsod-Abaúj-Zemplén,ORSZEM-BORSOD-ABAUJ-ZEMPLEN,KSH_COUNTY
29823,Tököl,Pest,ORSZEM-PEST,KSH_COUNTY
29832,Nógrádmarcal,Nógrád,ORSZEM-NOGRAD,KSH_COUNTY
29841,Felsőmarác,Vas,ORSZEM-VAS,KSH_COUNTY
29850,Kisoroszi,Pest,ORSZEM-PEST,KSH_COUNTY
29869,Nagyrákos,Vas,ORSZEM-VAS,KSH_COUNTY
29878,Torony,Vas,ORSZEM-VAS,KSH_COUNTY
29887,Bihartorda,Hajdú-Bihar,ORSZEM-HAJDU-BIHAR,KSH_COUNTY
29896,Porpác,Vas,ORSZEM-VAS,KSH_COUNTY
29902,Bakonyság,Veszprém,ORSZEM-VESZPREM,KSH_COUNTY
29911,Tákos,Szabolcs-Szatmár-Bereg,ORSZEM-SZABOLCS-SZATMAR-BEREG,KSH_COUNTY
29920,Maráza,Baranya,ORSZEM-BARANYA,KSH_COUNTY
29939,Felcsút,Fejér,ORSZEM-FEJER,KSH_COUNTY
29948,Ipacsfa,Baranya,ORSZEM-BARANYA,KSH_COUNTY
29957,Káld,Vas,ORSZEM-VAS,KSH_COUNTY
29966,Homorúd,Baranya,ORSZEM-BARANYA,KSH_COUNTY
29975,Anarcs,Szabolcs-Szatmár-Bereg,ORSZEM-SZABOLCS-SZATMAR-BEREG,KSH_COUNTY
29984,Magosliget,Szabolcs-Szatmár-Bereg,ORSZEM-SZABOLCS-SZATMAR-BEREG,KSH_COUNTY
29993,Zalaerdőd,Veszprém,ORSZEM-VESZPREM,KSH_COUNTY
30003,Vajdácska,Borsod-Abaúj-Zemplén,ORSZEM-BORSOD-ABAUJ-ZEMPLEN,KSH_COUNTY
30012,Réde,Komárom-Esztergom,ORSZEM-KOMAROM-ESZTERGOM,KSH_COUNTY
30021,Sarród,Győr-Moson-Sopron,ORSZEM-GYOR-MOSON-SOPRON,KSH_COUNTY
30030,Drávaszerdahely,Baranya,ORSZEM-BARANYA,KSH_COUNTY
30049,Besence,Baranya,ORSZEM-BARANYA,KSH_COUNTY
30067,Szentpéterfölde,Zala,ORSZEM-ZALA,KSH_COUNTY
30076,Vatta,Borsod-Abaúj-Zemplén,ORSZEM-BORSOD-ABAUJ-ZEMPLEN,KSH_COUNTY
30085,Szamostatárfalva,Szabolcs-Szatmár-Bereg,ORSZEM-SZABOLCS-SZATMAR-BEREG,KSH_COUNTY
30094,Csikóstőttős,Tolna,ORSZEM-TOLNA,KSH_COUNTY
30100,Mátraverebély,Nógrád,ORSZEM-NOGRAD,KSH_COUNTY
30119,Berzence,Somogy,ORSZEM-SOMOGY,KSH_COUNTY
30128,Medgyesegyháza,Békés,ORSZEM-BEKES,KSH_COUNTY
30137,Hercegkút,Borsod-Abaúj-Zemplén,ORSZEM-BORSOD-ABAUJ-ZEMPLEN,KSH_COUNTY
30146,Szenyér,Somogy,ORSZEM-SOMOGY,KSH_COUNTY
30155,Bácsszőlős,Bács-Kiskun,ORSZEM-BACS-KISKUN,KSH_COUNTY
30164,Körösújfalu,Békés,ORSZEM-BEKES,KSH_COUNTY
30173,Kislőd,Veszprém,ORSZEM-VESZPREM,KSH_COUNTY
30182,Kolontár,Veszprém,ORSZEM-VESZPREM,KSH_COUNTY
30191,Csér,Győr-Moson-Sopron,ORSZEM-GYOR-MOSON-SOPRON,KSH_COUNTY
30207,Borsodszentgyörgy,Borsod-Abaúj-Zemplén,ORSZEM-BORSOD-ABAUJ-ZEMPLEN,KSH_COUNTY
30216,Hegyhátsál,Vas,ORSZEM-VAS,KSH_COUNTY
30225,Tardos,Komárom-Esztergom,ORSZEM-KOMAROM-ESZTERGOM,KSH_COUNTY
30234,Mesterszállás,Jász-Nagykun-Szolnok,ORSZEM-JASZ-NAGYKUN-SZOLNOK,KSH_COUNTY
30243,Zámoly,Fejér,ORSZEM-FEJER,KSH_COUNTY
30252,Borzavár,Veszprém,ORSZEM-VESZPREM,KSH_COUNTY
30261,Dormánd,Heves,ORSZEM-HEVES,KSH_COUNTY
30270,Csécse,Nógrád,ORSZEM-NOGRAD,KSH_COUNTY
30289,Gyönk,Tolna,ORSZEM-TOLNA,KSH_COUNTY
30298,Tiszatardos,Borsod-Abaúj-Zemplén,ORSZEM-BORSOD-ABAUJ-ZEMPLEN,KSH_COUNTY
30304,Tiszagyenda,Jász-Nagykun-Szolnok,ORSZEM-JASZ-NAGYKUN-SZOLNOK,KSH_COUNTY
30313,Zalalövő,Zala,ORSZEM-ZALA,KSH_COUNTY
30322,Mezőkovácsháza,Békés,ORSZEM-BEKES,KSH_COUNTY
30331,Vácegres,Pest,ORSZEM-PEST,KSH_COUNTY
30340,Sajószöged,Borsod-Abaúj-Zemplén,ORSZEM-BORSOD-ABAUJ-ZEMPLEN,KSH_COUNTY
30359,Gyulaj,Tolna,ORSZEM-TOLNA,KSH_COUNTY
30368,Bagod,Zala,ORSZEM-ZALA,KSH_COUNTY
30377,Tiszatarján,Borsod-Abaúj-Zemplén,ORSZEM-BORSOD-ABAUJ-ZEMPLEN,KSH_COUNTY
30386,Tiszakürt,Jász-Nagykun-Szolnok,ORSZEM-JASZ-NAGYKUN-SZOLNOK,KSH_COUNTY
30395,Legénd,Nógrád,ORSZEM-NOGRAD,KSH_COUNTY
30401,Lőrinci,Heves,ORSZEM-HEVES,KSH_COUNTY
30410,Bakonyoszlop,Veszprém,ORSZEM-VESZPREM,KSH_COUNTY
30429,Egyházashollós,Vas,ORSZEM-VAS,KSH_COUNTY
30438,Görcsöny,Baranya,ORSZEM-BARANYA,KSH_COUNTY
30447,Tibolddaróc,Borsod-Abaúj-Zemplén,ORSZEM-BORSOD-ABAUJ-ZEMPLEN,KSH_COUNTY
30456,Miskolc,Borsod-Abaúj-Zemplén,ORSZEM-BORSOD-ABAUJ-ZEMPLEN,KSH_COUNTY
30465,Tihany,Veszprém,ORSZEM-VESZPREM,KSH_COUNTY
30474,Babócsa,Somogy,ORSZEM-SOMOGY,KSH_COUNTY
30483,Forró,Borsod-Abaúj-Zemplén,ORSZEM-BORSOD-ABAUJ-ZEMPLEN,KSH_COUNTY
30492,Mekényes,Baranya,ORSZEM-BARANYA,KSH_COUNTY
30508,Karos,Borsod-Abaúj-Zemplén,ORSZEM-BORSOD-ABAUJ-ZEMPLEN,KSH_COUNTY
30517,Tornaszentjakab,Borsod-Abaúj-Zemplén,ORSZEM-BORSOD-ABAUJ-ZEMPLEN,KSH_COUNTY
30526,Alsóörs,Veszprém,ORSZEM-VESZPREM,KSH_COUNTY
30535,Dóc,Csongrád-Csanád,ORSZEM-CSONGRAD-CSANAD,KSH_COUNTY
30544,Csabdi,Fejér,ORSZEM-FEJER,KSH_COUNTY
30553,Környe,Komárom-Esztergom,ORSZEM-KOMAROM-ESZTERGOM,KSH_COUNTY
30562,Medina,Tolna,ORSZEM-TOLNA,KSH_COUNTY
30571,Gölle,Somogy,ORSZEM-SOMOGY,KSH_COUNTY
30580,Somogyacsa,Somogy,ORSZEM-SOMOGY,KSH_COUNTY
30599,Mikosszéplak,Vas,ORSZEM-VAS,KSH_COUNTY
30605,Kaskantyú,Bács-Kiskun,ORSZEM-BACS-KISKUN,KSH_COUNTY
30614,Csarnóta,Baranya,ORSZEM-BARANYA,KSH_COUNTY
30623,Tiszakécske,Bács-Kiskun,ORSZEM-BACS-KISKUN,KSH_COUNTY
30632,Miske,Bács-Kiskun,ORSZEM-BACS-KISKUN,KSH_COUNTY
30641,Csenger,Szabolcs-Szatmár-Bereg,ORSZEM-SZABOLCS-SZATMAR-BEREG,KSH_COUNTY
30650,Kőszárhegy,Fejér,ORSZEM-FEJER,KSH_COUNTY
30669,Borsodbóta,Borsod-Abaúj-Zemplén,ORSZEM-BORSOD-ABAUJ-ZEMPLEN,KSH_COUNTY
30678,Fenyőfő,Győr-Moson-Sopron,ORSZEM-GYOR-MOSON-SOPRON,KSH_COUNTY
30696,Kartal,Pest,ORSZEM-PEST,KSH_COUNTY
30702,Vaskeresztes,Vas,ORSZEM-VAS,KSH_COUNTY
30711,Jászalsószentgyörgy,Jász-Nagykun-Szolnok,ORSZEM-JASZ-NAGYKUN-SZOLNOK,KSH_COUNTY
30720,Taksony,Pest,ORSZEM-PEST,KSH_COUNTY
30739,Szerencs,Borsod-Abaúj-Zemplén,ORSZEM-BORSOD-ABAUJ-ZEMPLEN,KSH_COUNTY
30748,Sitke,Vas,ORSZEM-VAS,KSH_COUNTY
30757,Petrivente,Zala,ORSZEM-ZALA,KSH_COUNTY
30766,Oroszlány,Komárom-Esztergom,ORSZEM-KOMAROM-ESZTERGOM,KSH_COUNTY
30775,Hosszúvíz,Somogy,ORSZEM-SOMOGY,KSH_COUNTY
30784,Bodrogkeresztúr,Borsod-Abaúj-Zemplén,ORSZEM-BORSOD-ABAUJ-ZEMPLEN,KSH_COUNTY
30793,Salföld,Veszprém,ORSZEM-VESZPREM,KSH_COUNTY
30809,Leányfalu,Pest,ORSZEM-PEST,KSH_COUNTY
30827,Kisberény,Somogy,ORSZEM-SOMOGY,KSH_COUNTY
30836,Hosszúhetény,Baranya,ORSZEM-BARANYA,KSH_COUNTY
30845,Tiszagyulaháza,Hajdú-Bihar,ORSZEM-HAJDU-BIHAR,KSH_COUNTY
30854,Mezőcsokonya,Somogy,ORSZEM-SOMOGY,KSH_COUNTY
30863,Ráksi,Somogy,ORSZEM-SOMOGY,KSH_COUNTY
30872,Megyehíd,Vas,ORSZEM-VAS,KSH_COUNTY
30881,Répcelak,Vas,ORSZEM-VAS,KSH_COUNTY
30890,Felsőszenterzsébet,Zala,ORSZEM-ZALA,KSH_COUNTY
30906,Gasztony,Vas,ORSZEM-VAS,KSH_COUNTY
30915,Vanyarc,Nógrád,ORSZEM-NOGRAD,KSH_COUNTY
30924,Csabrendek,Veszprém,ORSZEM-VESZPREM,KSH_COUNTY
30933,Nagykanizsa,Zala,ORSZEM-ZALA,KSH_COUNTY
30942,Gersekarát,Vas,ORSZEM-VAS,KSH_COUNTY
30951,Hegyhátmaróc,Baranya,ORSZEM-BARANYA,KSH_COUNTY
30960,Gyékényes,Somogy,ORSZEM-SOMOGY,KSH_COUNTY
30979,Levelek,Szabolcs-Szatmár-Bereg,ORSZEM-SZABOLCS-SZATMAR-BEREG,KSH_COUNTY
30988,Érd,Pest,ORSZEM-PEST,KSH_COUNTY
30997,Semjénháza,Zala,ORSZEM-ZALA,KSH_COUNTY
31006,Bózsva,Borsod-Abaúj-Zemplén,ORSZEM-BORSOD-ABAUJ-ZEMPLEN,KSH_COUNTY
31015,Szalaszend,Borsod-Abaúj-Zemplén,ORSZEM-BORSOD-ABAUJ-ZEMPLEN,KSH_COUNTY
31024,Kistelek,Csongrád-Csanád,ORSZEM-CSONGRAD-CSANAD,KSH_COUNTY
31033,Mezőpeterd,Hajdú-Bihar,ORSZEM-HAJDU-BIHAR,KSH_COUNTY
31042,Tépe,Hajdú-Bihar,ORSZEM-HAJDU-BIHAR,KSH_COUNTY
31051,Vámoscsalád,Vas,ORSZEM-VAS,KSH_COUNTY
31060,Szava,Baranya,ORSZEM-BARANYA,KSH_COUNTY
31079,Öttömös,Csongrád-Csanád,ORSZEM-CSONGRAD-CSANAD,KSH_COUNTY
31088,Székely,Szabolcs-Szatmár-Bereg,ORSZEM-SZABOLCS-SZATMAR-BEREG,KSH_COUNTY
31097,Hajdúsámson,Hajdú-Bihar,ORSZEM-HAJDU-BIHAR,KSH_COUNTY
31103,Balinka,Fejér,ORSZEM-FEJER,KSH_COUNTY
31112,Pölöskefő,Zala,ORSZEM-ZALA,KSH_COUNTY
31121,Sántos,Somogy,ORSZEM-SOMOGY,KSH_COUNTY
31130,Körösszakál,Hajdú-Bihar,ORSZEM-HAJDU-BIHAR,KSH_COUNTY
31149,Csonkahegyhát,Zala,ORSZEM-ZALA,KSH_COUNTY
31158,Nyírbogát,Szabolcs-Szatmár-Bereg,ORSZEM-SZABOLCS-SZATMAR-BEREG,KSH_COUNTY
31167,Hollóháza,Borsod-Abaúj-Zemplén,ORSZEM-BORSOD-ABAUJ-ZEMPLEN,KSH_COUNTY
31185,Kisvejke,Tolna,ORSZEM-TOLNA,KSH_COUNTY
31194,Lövő,Győr-Moson-Sopron,ORSZEM-GYOR-MOSON-SOPRON,KSH_COUNTY
31200,Hernádnémeti,Borsod-Abaúj-Zemplén,ORSZEM-BORSOD-ABAUJ-ZEMPLEN,KSH_COUNTY
31219,Somogyaszaló,Somogy,ORSZEM-SOMOGY,KSH_COUNTY
31228,Végegyháza,Békés,ORSZEM-BEKES,KSH_COUNTY
31237,Szatmárcseke,Szabolcs-Szatmár-Bereg,ORSZEM-SZABOLCS-SZATMAR-BEREG,KSH_COUNTY
31246,Visonta,Heves,ORSZEM-HEVES,KSH_COUNTY
31255,Pápateszér,Veszprém,ORSZEM-VESZPREM,KSH_COUNTY
31264,Vértesszőlős,Komárom-Esztergom,ORSZEM-KOMAROM-ESZTERGOM,KSH_COUNTY
31273,Szamosújlak,Szabolcs-Szatmár-Bereg,ORSZEM-SZABOLCS-SZATMAR-BEREG,KSH_COUNTY
31282,Mikófalva,Heves,ORSZEM-HEVES,KSH_COUNTY
31291,Bocska,Zala,ORSZEM-ZALA,KSH_COUNTY
31307,Adorjánháza,Veszprém,ORSZEM-VESZPREM,KSH_COUNTY
31316,Győrság,Győr-Moson-Sopron,ORSZEM-GYOR-MOSON-SOPRON,KSH_COUNTY
31325,Szabadkígyós,Békés,ORSZEM-BEKES,KSH_COUNTY
31334,Csabacsűd,Békés,ORSZEM-BEKES,KSH_COUNTY
31343,Mosdós,Somogy,ORSZEM-SOMOGY,KSH_COUNTY
31352,Darány,Somogy,ORSZEM-SOMOGY,KSH_COUNTY
31361,Kóka,Pest,ORSZEM-PEST,KSH_COUNTY
31370,Pusztacsalád,Győr-Moson-Sopron,ORSZEM-GYOR-MOSON-SOPRON,KSH_COUNTY
31389,Lothárd,Baranya,ORSZEM-BARANYA,KSH_COUNTY
31398,Tyukod,Szabolcs-Szatmár-Bereg,ORSZEM-SZABOLCS-SZATMAR-BEREG,KSH_COUNTY
31404,Kállósemjén,Szabolcs-Szatmár-Bereg,ORSZEM-SZABOLCS-SZATMAR-BEREG,KSH_COUNTY
31413,Keszeg,Nógrád,ORSZEM-NOGRAD,KSH_COUNTY
31422,Bana,Komárom-Esztergom,ORSZEM-KOMAROM-ESZTERGOM,KSH_COUNTY
31431,Husztót,Baranya,ORSZEM-BARANYA,KSH_COUNTY
31440,Fertőszéplak,Győr-Moson-Sopron,ORSZEM-GYOR-MOSON-SOPRON,KSH_COUNTY
31459,Tevel,Tolna,ORSZEM-TOLNA,KSH_COUNTY
31468,Fülöpháza,Bács-Kiskun,ORSZEM-BACS-KISKUN,KSH_COUNTY
31477,Nyírjákó,Szabolcs-Szatmár-Bereg,ORSZEM-SZABOLCS-SZATMAR-BEREG,KSH_COUNTY
31486,Nagyréde,Heves,ORSZEM-HEVES,KSH_COUNTY
31501,Dunaföldvár,Tolna,ORSZEM-TOLNA,KSH_COUNTY
31510,Szegilong,Borsod-Abaúj-Zemplén,ORSZEM-BORSOD-ABAUJ-ZEMPLEN,KSH_COUNTY
31529,Kerecseny,Zala,ORSZEM-ZALA,KSH_COUNTY
31538,Sárszentágota,Fejér,ORSZEM-FEJER,KSH_COUNTY
31556,Nemesmedves,Vas,ORSZEM-VAS,KSH_COUNTY
31565,Mónosbél,Heves,ORSZEM-HEVES,KSH_COUNTY
31574,Kevermes,Békés,ORSZEM-BEKES,KSH_COUNTY
31583,Szentgotthárd,Vas,ORSZEM-VAS,KSH_COUNTY
31592,Rédics,Zala,ORSZEM-ZALA,KSH_COUNTY
31608,Zemplénagárd,Borsod-Abaúj-Zemplén,ORSZEM-BORSOD-ABAUJ-ZEMPLEN,KSH_COUNTY
31617,Zalamerenye,Zala,ORSZEM-ZALA,KSH_COUNTY
31626,Kunsziget,Győr-Moson-Sopron,ORSZEM-GYOR-MOSON-SOPRON,KSH_COUNTY
31635,Iván,Győr-Moson-Sopron,ORSZEM-GYOR-MOSON-SOPRON,KSH_COUNTY
31644,Fiad,Somogy,ORSZEM-SOMOGY,KSH_COUNTY
31653,Albertirsa,Pest,ORSZEM-PEST,KSH_COUNTY
31662,Mezőtárkány,Heves,ORSZEM-HEVES,KSH_COUNTY
31671,Felsőtelekes,Borsod-Abaúj-Zemplén,ORSZEM-BORSOD-ABAUJ-ZEMPLEN,KSH_COUNTY
31680,Ivánc,Vas,ORSZEM-VAS,KSH_COUNTY
31699,Csetény,Veszprém,ORSZEM-VESZPREM,KSH_COUNTY
31705,Sándorfalva,Csongrád-Csanád,ORSZEM-CSONGRAD-CSANAD,KSH_COUNTY
31714,Sósvertike,Baranya,ORSZEM-BARANYA,KSH_COUNTY
31723,Felsőkelecsény,Borsod-Abaúj-Zemplén,ORSZEM-BORSOD-ABAUJ-ZEMPLEN,KSH_COUNTY
31732,Nagymaros,Pest,ORSZEM-PEST,KSH_COUNTY
31741,Pacsa,Zala,ORSZEM-ZALA,KSH_COUNTY
31750,Milota,Szabolcs-Szatmár-Bereg,ORSZEM-SZABOLCS-SZATMAR-BEREG,KSH_COUNTY
31769,Ököritófülpös,Szabolcs-Szatmár-Bereg,ORSZEM-SZABOLCS-SZATMAR-BEREG,KSH_COUNTY
31778,Olaszliszka,Borsod-Abaúj-Zemplén,ORSZEM-BORSOD-ABAUJ-ZEMPLEN,KSH_COUNTY
31787,Győrújfalu,Győr-Moson-Sopron,ORSZEM-GYOR-MOSON-SOPRON,KSH_COUNTY
31796,Tápiószecső,Pest,ORSZEM-PEST,KSH_COUNTY
31802,Sárkeresztes,Fejér,ORSZEM-FEJER,KSH_COUNTY
31811,Dánszentmiklós,Pest,ORSZEM-PEST,KSH_COUNTY
31820,Uszka,Szabolcs-Szatmár-Bereg,ORSZEM-SZABOLCS-SZATMAR-BEREG,KSH_COUNTY
31839,Újrónafő,Győr-Moson-Sopron,ORSZEM-GYOR-MOSON-SOPRON,KSH_COUNTY
31848,Gara,Bács-Kiskun,ORSZEM-BACS-KISKUN,KSH_COUNTY
31857,Ramocsaháza,Szabolcs-Szatmár-Bereg,ORSZEM-SZABOLCS-SZATMAR-BEREG,KSH_COUNTY
31866,Tiszavárkony,Jász-Nagykun-Szolnok,ORSZEM-JASZ-NAGYKUN-SZOLNOK,KSH_COUNTY
31875,Mesterháza,Vas,ORSZEM-VAS,KSH_COUNTY
31884,Répáshuta,Borsod-Abaúj-Zemplén,ORSZEM-BORSOD-ABAUJ-ZEMPLEN,KSH_COUNTY
31893,Kunszállás,Bács-Kiskun,ORSZEM-BACS-KISKUN,KSH_COUNTY
31909,Rásonysápberencs,Borsod-Abaúj-Zemplén,ORSZEM-BORSOD-ABAUJ-ZEMPLEN,KSH_COUNTY
31918,Kunpeszér,Bács-Kiskun,ORSZEM-BACS-KISKUN,KSH_COUNTY
31927,Beremend,Baranya,ORSZEM-BARANYA,KSH_COUNTY
31936,Illocska,Baranya,ORSZEM-BARANYA,KSH_COUNTY
31945,Pápa,Veszprém,ORSZEM-VESZPREM,KSH_COUNTY
31954,Debréte,Borsod-Abaúj-Zemplén,ORSZEM-BORSOD-ABAUJ-ZEMPLEN,KSH_COUNTY
31963,Tahitótfalu,Pest,ORSZEM-PEST,KSH_COUNTY
31972,Paszab,Szabolcs-Szatmár-Bereg,ORSZEM-SZABOLCS-SZATMAR-BEREG,KSH_COUNTY
31981,Márokföld,Zala,ORSZEM-ZALA,KSH_COUNTY
31990,Súr,Komárom-Esztergom,ORSZEM-KOMAROM-ESZTERGOM,KSH_COUNTY
32009,Szentdénes,Baranya,ORSZEM-BARANYA,KSH_COUNTY
32018,Iszkaszentgyörgy,Fejér,ORSZEM-FEJER,KSH_COUNTY
32027,Bugyi,Pest,ORSZEM-PEST,KSH_COUNTY
32036,Keléd,Vas,ORSZEM-VAS,KSH_COUNTY
32045,Táplánszentkereszt,Vas,ORSZEM-VAS,KSH_COUNTY
32054,Zalaegerszeg,Zala,ORSZEM-ZALA,KSH_COUNTY
32063,Kávás,Zala,ORSZEM-ZALA,KSH_COUNTY
32072,Teklafalu,Baranya,ORSZEM-BARANYA,KSH_COUNTY
32081,Alsópáhok,Zala,ORSZEM-ZALA,KSH_COUNTY
32090,Királd,Borsod-Abaúj-Zemplén,ORSZEM-BORSOD-ABAUJ-ZEMPLEN,KSH_COUNTY
32106,Inárcs,Pest,ORSZEM-PEST,KSH_COUNTY
32115,Ötvöskónyi,Somogy,ORSZEM-SOMOGY,KSH_COUNTY
32124,Bérbaltavár,Vas,ORSZEM-VAS,KSH_COUNTY
32133,Sérsekszőlős,Somogy,ORSZEM-SOMOGY,KSH_COUNTY
32142,Vindornyafok,Zala,ORSZEM-ZALA,KSH_COUNTY
32151,Bogád,Baranya,ORSZEM-BARANYA,KSH_COUNTY
32160,Sásd,Baranya,ORSZEM-BARANYA,KSH_COUNTY
32179,Kál,Heves,ORSZEM-HEVES,KSH_COUNTY
32188,Hegyfalu,Vas,ORSZEM-VAS,KSH_COUNTY
32197,Újudvar,Zala,ORSZEM-ZALA,KSH_COUNTY
32203,Fehérvárcsurgó,Fejér,ORSZEM-FEJER,KSH_COUNTY
32212,Márkó,Veszprém,ORSZEM-VESZPREM,KSH_COUNTY
32221,Külsősárd,Zala,ORSZEM-ZALA,KSH_COUNTY
32230,Kakucs,Pest,ORSZEM-PEST,KSH_COUNTY
32249,Árpás,Győr-Moson-Sopron,ORSZEM-GYOR-MOSON-SOPRON,KSH_COUNTY
32258,Szakácsi,Borsod-Abaúj-Zemplén,ORSZEM-BORSOD-ABAUJ-ZEMPLEN,KSH_COUNTY
32267,Kilimán,Zala,ORSZEM-ZALA,KSH_COUNTY
32276,Devecser,Veszprém,ORSZEM-VESZPREM,KSH_COUNTY
32285,Csengele,Csongrád-Csanád,ORSZEM-CSONGRAD-CSANAD,KSH_COUNTY
32294,Nyírábrány,Hajdú-Bihar,ORSZEM-HAJDU-BIHAR,KSH_COUNTY
32300,Nógrádkövesd,Nógrád,ORSZEM-NOGRAD,KSH_COUNTY
32319,Cserhátszentiván,Nógrád,ORSZEM-NOGRAD,KSH_COUNTY
32328,Encsencs,Szabolcs-Szatmár-Bereg,ORSZEM-SZABOLCS-SZATMAR-BEREG,KSH_COUNTY
32337,Baté,Somogy,ORSZEM-SOMOGY,KSH_COUNTY
32346,Almásfüzitő,Komárom-Esztergom,ORSZEM-KOMAROM-ESZTERGOM,KSH_COUNTY
32355,Libickozma,Somogy,ORSZEM-SOMOGY,KSH_COUNTY
32364,Nagylók,Fejér,ORSZEM-FEJER,KSH_COUNTY
32373,Diósviszló,Baranya,ORSZEM-BARANYA,KSH_COUNTY
32382,Nyírmártonfalva,Hajdú-Bihar,ORSZEM-HAJDU-BIHAR,KSH_COUNTY
32391,Drávaiványi,Baranya,ORSZEM-BARANYA,KSH_COUNTY
32407,Magyarnándor,Nógrád,ORSZEM-NOGRAD,KSH_COUNTY
32416,Tengőd,Somogy,ORSZEM-SOMOGY,KSH_COUNTY
32425,Peterd,Baranya,ORSZEM-BARANYA,KSH_COUNTY
32434,Kiskunhalas,Bács-Kiskun,ORSZEM-BACS-KISKUN,KSH_COUNTY
32452,Nyírkáta,Szabolcs-Szatmár-Bereg,ORSZEM-SZABOLCS-SZATMAR-BEREG,KSH_COUNTY
32461,Szilvásszentmárton,Somogy,ORSZEM-SOMOGY,KSH_COUNTY
32470,Somogybabod,Somogy,ORSZEM-SOMOGY,KSH_COUNTY
32489,Szegvár,Csongrád-Csanád,ORSZEM-CSONGRAD-CSANAD,KSH_COUNTY
32498,Kondó,Borsod-Abaúj-Zemplén,ORSZEM-BORSOD-ABAUJ-ZEMPLEN,KSH_COUNTY
32504,Kunszentmárton,Jász-Nagykun-Szolnok,ORSZEM-JASZ-NAGYKUN-SZOLNOK,KSH_COUNTY
32513,Pördefölde,Zala,ORSZEM-ZALA,KSH_COUNTY
32522,Zalaszentgrót,Zala,ORSZEM-ZALA,KSH_COUNTY
32531,Serényfalva,Borsod-Abaúj-Zemplén,ORSZEM-BORSOD-ABAUJ-ZEMPLEN,KSH_COUNTY
32540,Nemesnádudvar,Bács-Kiskun,ORSZEM-BACS-KISKUN,KSH_COUNTY
32559,Gödöllő,Pest,ORSZEM-PEST,KSH_COUNTY
32568,Újszentmargita,Hajdú-Bihar,ORSZEM-HAJDU-BIHAR,KSH_COUNTY
32577,Papos,Szabolcs-Szatmár-Bereg,ORSZEM-SZABOLCS-SZATMAR-BEREG,KSH_COUNTY
32586,Vérteskethely,Komárom-Esztergom,ORSZEM-KOMAROM-ESZTERGOM,KSH_COUNTY
32595,Dénesfa,Győr-Moson-Sopron,ORSZEM-GYOR-MOSON-SOPRON,KSH_COUNTY
32601,Somogytúr,Somogy,ORSZEM-SOMOGY,KSH_COUNTY
32610,Fót,Pest,ORSZEM-PEST,KSH_COUNTY
32629,Ostffyasszonyfa,Vas,ORSZEM-VAS,KSH_COUNTY
32638,Tornyiszentmiklós,Zala,ORSZEM-ZALA,KSH_COUNTY
32647,Kerkateskánd,Zala,ORSZEM-ZALA,KSH_COUNTY
32656,Mezőladány,Szabolcs-Szatmár-Bereg,ORSZEM-SZABOLCS-SZATMAR-BEREG,KSH_COUNTY
32665,Nemesnép,Zala,ORSZEM-ZALA,KSH_COUNTY
32674,Rinyakovácsi,Somogy,ORSZEM-SOMOGY,KSH_COUNTY
32683,Perecse,Borsod-Abaúj-Zemplén,ORSZEM-BORSOD-ABAUJ-ZEMPLEN,KSH_COUNTY
32692,Penyige,Szabolcs-Szatmár-Bereg,ORSZEM-SZABOLCS-SZATMAR-BEREG,KSH_COUNTY
32708,Dobronhegy,Zala,ORSZEM-ZALA,KSH_COUNTY
32717,Feketeerdő,Győr-Moson-Sopron,ORSZEM-GYOR-MOSON-SOPRON,KSH_COUNTY
32726,Kisrécse,Zala,ORSZEM-ZALA,KSH_COUNTY
32735,Attala,Tolna,ORSZEM-TOLNA,KSH_COUNTY
32744,Tésenfa,Baranya,ORSZEM-BARANYA,KSH_COUNTY
32753,Dég,Fejér,ORSZEM-FEJER,KSH_COUNTY
32762,Felsőnyárád,Borsod-Abaúj-Zemplén,ORSZEM-BORSOD-ABAUJ-ZEMPLEN,KSH_COUNTY
32771,Kocsér,Pest,ORSZEM-PEST,KSH_COUNTY
32780,Simonfa,Somogy,ORSZEM-SOMOGY,KSH_COUNTY
32799,Barcs,Somogy,ORSZEM-SOMOGY,KSH_COUNTY
32805,Nagykorpád,Somogy,ORSZEM-SOMOGY,KSH_COUNTY
32814,Csögle,Veszprém,ORSZEM-VESZPREM,KSH_COUNTY
32823,Bugac,Bács-Kiskun,ORSZEM-BACS-KISKUN,KSH_COUNTY
32832,Meszlen,Vas,ORSZEM-VAS,KSH_COUNTY
32841,Szentborbás,Somogy,ORSZEM-SOMOGY,KSH_COUNTY
32850,Váralja,Tolna,ORSZEM-TOLNA,KSH_COUNTY
32869,Kérsemjén,Szabolcs-Szatmár-Bereg,ORSZEM-SZABOLCS-SZATMAR-BEREG,KSH_COUNTY
32878,Csót,Veszprém,ORSZEM-VESZPREM,KSH_COUNTY
32887,Bükkzsérc,Borsod-Abaúj-Zemplén,ORSZEM-BORSOD-ABAUJ-ZEMPLEN,KSH_COUNTY
32896,Tar,Nógrád,ORSZEM-NOGRAD,KSH_COUNTY
32902,Kehidakustány,Zala,ORSZEM-ZALA,KSH_COUNTY
32911,Bér,Nógrád,ORSZEM-NOGRAD,KSH_COUNTY
32920,Nagykölked,Vas,ORSZEM-VAS,KSH_COUNTY
32939,Nagylózs,Győr-Moson-Sopron,ORSZEM-GYOR-MOSON-SOPRON,KSH_COUNTY
32948,Nemesbük,Zala,ORSZEM-ZALA,KSH_COUNTY
32957,Elek,Békés,ORSZEM-BEKES,KSH_COUNTY
32966,Tarnabod,Heves,ORSZEM-HEVES,KSH_COUNTY
32975,Kőröstetétlen,Pest,ORSZEM-PEST,KSH_COUNTY
32984,Bucsu,Vas,ORSZEM-VAS,KSH_COUNTY
32993,Kács,Borsod-Abaúj-Zemplén,ORSZEM-BORSOD-ABAUJ-ZEMPLEN,KSH_COUNTY
33002,Bodolyabér,Baranya,ORSZEM-BARANYA,KSH_COUNTY
33011,Szécsényfelfalu,Nógrád,ORSZEM-NOGRAD,KSH_COUNTY
33020,Forráskút,Csongrád-Csanád,ORSZEM-CSONGRAD-CSANAD,KSH_COUNTY
33039,Zalameggyes,Veszprém,ORSZEM-VESZPREM,KSH_COUNTY
33048,Encs,Borsod-Abaúj-Zemplén,ORSZEM-BORSOD-ABAUJ-ZEMPLEN,KSH_COUNTY
33057,Zics,Somogy,ORSZEM-SOMOGY,KSH_COUNTY
33066,Ibafa,Baranya,ORSZEM-BARANYA,KSH_COUNTY
33075,Tarhos,Békés,ORSZEM-BEKES,KSH_COUNTY
33084,Gordisa,Baranya,ORSZEM-BARANYA,KSH_COUNTY
33093,Alacska,Borsod-Abaúj-Zemplén,ORSZEM-BORSOD-ABAUJ-ZEMPLEN,KSH_COUNTY
33109,Csatka,Komárom-Esztergom,ORSZEM-KOMAROM-ESZTERGOM,KSH_COUNTY
33118,Csomád,Pest,ORSZEM-PEST,KSH_COUNTY
33127,Berhida,Veszprém,ORSZEM-VESZPREM,KSH_COUNTY
33136,Zalaszentgyörgy,Zala,ORSZEM-ZALA,KSH_COUNTY
33145,Nyírpazony,Szabolcs-Szatmár-Bereg,ORSZEM-SZABOLCS-SZATMAR-BEREG,KSH_COUNTY
33154,Bóly,Baranya,ORSZEM-BARANYA,KSH_COUNTY
33163,Dad,Komárom-Esztergom,ORSZEM-KOMAROM-ESZTERGOM,KSH_COUNTY
33172,Szeleste,Vas,ORSZEM-VAS,KSH_COUNTY
33181,Nagyrozvágy,Borsod-Abaúj-Zemplén,ORSZEM-BORSOD-ABAUJ-ZEMPLEN,KSH_COUNTY
33190,Doboz,Békés,ORSZEM-BEKES,KSH_COUNTY
33206,Kisecset,Nógrád,ORSZEM-NOGRAD,KSH_COUNTY
33215,Kisnyárád,Baranya,ORSZEM-BARANYA,KSH_COUNTY
33224,Márokpapi,Szabolcs-Szatmár-Bereg,ORSZEM-SZABOLCS-SZATMAR-BEREG,KSH_COUNTY
33233,Gödre,Baranya,ORSZEM-BARANYA,KSH_COUNTY
33242,Hollókő,Nógrád,ORSZEM-NOGRAD,KSH_COUNTY
33251,Felpéc,Győr-Moson-Sopron,ORSZEM-GYOR-MOSON-SOPRON,KSH_COUNTY
33260,Bélapátfalva,Heves,ORSZEM-HEVES,KSH_COUNTY
33279,Alsószentmárton,Baranya,ORSZEM-BARANYA,KSH_COUNTY
33288,Zalaszántó,Zala,ORSZEM-ZALA,KSH_COUNTY
33297,Hunya,Békés,ORSZEM-BEKES,KSH_COUNTY
33303,Bódvarákó,Borsod-Abaúj-Zemplén,ORSZEM-BORSOD-ABAUJ-ZEMPLEN,KSH_COUNTY
33312,Felsőtold,Nógrád,ORSZEM-NOGRAD,KSH_COUNTY
33321,Soponya,Fejér,ORSZEM-FEJER,KSH_COUNTY
33330,Lánycsók,Baranya,ORSZEM-BARANYA,KSH_COUNTY
33349,Mőcsény,Tolna,ORSZEM-TOLNA,KSH_COUNTY
33358,Terem,Szabolcs-Szatmár-Bereg,ORSZEM-SZABOLCS-SZATMAR-BEREG,KSH_COUNTY
33367,Szeged,Csongrád-Csanád,ORSZEM-CSONGRAD-CSANAD,KSH_COUNTY
33376,Miklósi,Somogy,ORSZEM-SOMOGY,KSH_COUNTY
33385,Acsalag,Győr-Moson-Sopron,ORSZEM-GYOR-MOSON-SOPRON,KSH_COUNTY
33394,Kapoly,Somogy,ORSZEM-SOMOGY,KSH_COUNTY
33400,Kishartyán,Nógrád,ORSZEM-NOGRAD,KSH_COUNTY
33419,Perkupa,Borsod-Abaúj-Zemplén,ORSZEM-BORSOD-ABAUJ-ZEMPLEN,KSH_COUNTY
33428,Egervár,Zala,ORSZEM-ZALA,KSH_COUNTY
33437,Szerep,Hajdú-Bihar,ORSZEM-HAJDU-BIHAR,KSH_COUNTY
33446,Bedő,Hajdú-Bihar,ORSZEM-HAJDU-BIHAR,KSH_COUNTY
33455,Gyomaendrőd,Békés,ORSZEM-BEKES,KSH_COUNTY
33482,Sátorhely,Baranya,ORSZEM-BARANYA,KSH_COUNTY
33491,Szárliget,Komárom-Esztergom,ORSZEM-KOMAROM-ESZTERGOM,KSH_COUNTY
33516,Szákszend,Komárom-Esztergom,ORSZEM-KOMAROM-ESZTERGOM,KSH_COUNTY
33525,Mátraterenye,Nógrád,ORSZEM-NOGRAD,KSH_COUNTY
33534,Bátonyterenye,Nógrád,ORSZEM-NOGRAD,KSH_COUNTY
33543,Nagyszentjános,Győr-Moson-Sopron,ORSZEM-GYOR-MOSON-SOPRON,KSH_COUNTY
33552,Herceghalom,Pest,ORSZEM-PEST,KSH_COUNTY
33561,Apaj,Pest,ORSZEM-PEST,KSH_COUNTY
33570,Pörböly,Tolna,ORSZEM-TOLNA,KSH_COUNTY
33589,Érsekhalma,Bács-Kiskun,ORSZEM-BACS-KISKUN,KSH_COUNTY
33598,Felsőlajos,Bács-Kiskun,ORSZEM-BACS-KISKUN,KSH_COUNTY
33604,Újtelek,Bács-Kiskun,ORSZEM-BACS-KISKUN,KSH_COUNTY
33613,Szentegát,Baranya,ORSZEM-BARANYA,KSH_COUNTY
33622,Fülöpjakab,Bács-Kiskun,ORSZEM-BACS-KISKUN,KSH_COUNTY
33631,Bugacpusztaháza,Bács-Kiskun,ORSZEM-BACS-KISKUN,KSH_COUNTY
33640,Csém,Komárom-Esztergom,ORSZEM-KOMAROM-ESZTERGOM,KSH_COUNTY
33659,Újdombrád,Szabolcs-Szatmár-Bereg,ORSZEM-SZABOLCS-SZATMAR-BEREG,KSH_COUNTY
33668,Lébény,Győr-Moson-Sopron,ORSZEM-GYOR-MOSON-SOPRON,KSH_COUNTY
33677,Mosonszentmiklós,Győr-Moson-Sopron,ORSZEM-GYOR-MOSON-SOPRON,KSH_COUNTY
33686,Petőfibánya,Heves,ORSZEM-HEVES,KSH_COUNTY
33695,Kisfalud,Győr-Moson-Sopron,ORSZEM-GYOR-MOSON-SOPRON,KSH_COUNTY
33701,Rábacsécsény,Győr-Moson-Sopron,ORSZEM-GYOR-MOSON-SOPRON,KSH_COUNTY
33710,Rábaszentmihály,Győr-Moson-Sopron,ORSZEM-GYOR-MOSON-SOPRON,KSH_COUNTY
33729,Verőce,Pest,ORSZEM-PEST,KSH_COUNTY
33738,Kismaros,Pest,ORSZEM-PEST,KSH_COUNTY
33747,Tiszavid,Szabolcs-Szatmár-Bereg,ORSZEM-SZABOLCS-SZATMAR-BEREG,KSH_COUNTY
33756,Máza,Baranya,ORSZEM-BARANYA,KSH_COUNTY
33765,Szászvár,Baranya,ORSZEM-BARANYA,KSH_COUNTY
33774,Gyüre,Szabolcs-Szatmár-Bereg,ORSZEM-SZABOLCS-SZATMAR-BEREG,KSH_COUNTY
33783,Nagyvarsány,Szabolcs-Szatmár-Bereg,ORSZEM-SZABOLCS-SZATMAR-BEREG,KSH_COUNTY
33792,Lakhegy,Zala,ORSZEM-ZALA,KSH_COUNTY
33808,Bodrogkisfalud,Borsod-Abaúj-Zemplén,ORSZEM-BORSOD-ABAUJ-ZEMPLEN,KSH_COUNTY
33817,Szegi,Borsod-Abaúj-Zemplén,ORSZEM-BORSOD-ABAUJ-ZEMPLEN,KSH_COUNTY
33826,Neszmély,Komárom-Esztergom,ORSZEM-KOMAROM-ESZTERGOM,KSH_COUNTY
33835,Dunaalmás,Komárom-Esztergom,ORSZEM-KOMAROM-ESZTERGOM,KSH_COUNTY
33844,Balatonrendes,Veszprém,ORSZEM-VESZPREM,KSH_COUNTY
33853,Balatonboglár,Somogy,ORSZEM-SOMOGY,KSH_COUNTY
33862,Balatonlelle,Somogy,ORSZEM-SOMOGY,KSH_COUNTY
33871,Egeralja,Veszprém,ORSZEM-VESZPREM,KSH_COUNTY
33880,Patvarc,Nógrád,ORSZEM-NOGRAD,KSH_COUNTY
33899,Nagydobsza,Baranya,ORSZEM-BARANYA,KSH_COUNTY
33905,Kisdobsza,Baranya,ORSZEM-BARANYA,KSH_COUNTY
33914,Tarjánpuszta,Győr-Moson-Sopron,ORSZEM-GYOR-MOSON-SOPRON,KSH_COUNTY
33923,Mánfa,Baranya,ORSZEM-BARANYA,KSH_COUNTY
33932,Hobol,Baranya,ORSZEM-BARANYA,KSH_COUNTY
33941,Eplény,Veszprém,ORSZEM-VESZPREM,KSH_COUNTY
33950,Bőny,Győr-Moson-Sopron,ORSZEM-GYOR-MOSON-SOPRON,KSH_COUNTY
33969,Rétalap,Győr-Moson-Sopron,ORSZEM-GYOR-MOSON-SOPRON,KSH_COUNTY
33978,Csörnyeföld,Zala,ORSZEM-ZALA,KSH_COUNTY
33987,Muraszemenye,Zala,ORSZEM-ZALA,KSH_COUNTY
33996,Farád,Győr-Moson-Sopron,ORSZEM-GYOR-MOSON-SOPRON,KSH_COUNTY
34005,Berekfürdő,Jász-Nagykun-Szolnok,ORSZEM-JASZ-NAGYKUN-SZOLNOK,KSH_COUNTY
34014,Folyás,Hajdú-Bihar,ORSZEM-HAJDU-BIHAR,KSH_COUNTY
34023,Tokodaltáró,Komárom-Esztergom,ORSZEM-KOMAROM-ESZTERGOM,KSH_COUNTY
34032,Szaporca,Baranya,ORSZEM-BARANYA,KSH_COUNTY
34041,Pálmajor,Somogy,ORSZEM-SOMOGY,KSH_COUNTY
34050,Hunyadfalva,Jász-Nagykun-Szolnok,ORSZEM-JASZ-NAGYKUN-SZOLNOK,KSH_COUNTY
34069,Ormosbánya,Borsod-Abaúj-Zemplén,ORSZEM-BORSOD-ABAUJ-ZEMPLEN,KSH_COUNTY
34078,Csabaszabadi,Békés,ORSZEM-BEKES,KSH_COUNTY
34087,Tormásliget,Vas,ORSZEM-VAS,KSH_COUNTY
34096,Móricgát,Bács-Kiskun,ORSZEM-BACS-KISKUN,KSH_COUNTY
34102,Bocskaikert,Hajdú-Bihar,ORSZEM-HAJDU-BIHAR,KSH_COUNTY
34111,Csincse,Borsod-Abaúj-Zemplén,ORSZEM-BORSOD-ABAUJ-ZEMPLEN,KSH_COUNTY
34120,Rudolftelep,Borsod-Abaúj-Zemplén,ORSZEM-BORSOD-ABAUJ-ZEMPLEN,KSH_COUNTY
34139,Budapest 23. ker.,főváros,ORSZEM-BUDAPEST,KSH_COUNTY
34148,Pilisjászfalu,Pest,ORSZEM-PEST,KSH_COUNTY
34157,Kistarcsa,Pest,ORSZEM-PEST,KSH_COUNTY
34166,Kerepes,Pest,ORSZEM-PEST,KSH_COUNTY
34175,Csataszög,Jász-Nagykun-Szolnok,ORSZEM-JASZ-NAGYKUN-SZOLNOK,KSH_COUNTY
34184,Alsóbogát,Somogy,ORSZEM-SOMOGY,KSH_COUNTY
34193,Kaszó,Somogy,ORSZEM-SOMOGY,KSH_COUNTY
34209,Kulcs,Fejér,ORSZEM-FEJER,KSH_COUNTY
34218,Uzsa,Veszprém,ORSZEM-VESZPREM,KSH_COUNTY
34227,Annavölgy,Komárom-Esztergom,ORSZEM-KOMAROM-ESZTERGOM,KSH_COUNTY
34236,Szántód,Somogy,ORSZEM-SOMOGY,KSH_COUNTY
34245,Algyő,Csongrád-Csanád,ORSZEM-CSONGRAD-CSANAD,KSH_COUNTY
34254,Pétfürdő,Veszprém,ORSZEM-VESZPREM,KSH_COUNTY
34263,Zichyújfalu,Fejér,ORSZEM-FEJER,KSH_COUNTY
34272,Farkaslyuk,Borsod-Abaúj-Zemplén,ORSZEM-BORSOD-ABAUJ-ZEMPLEN,KSH_COUNTY
34281,Nagykeresztúr,Nógrád,ORSZEM-NOGRAD,KSH_COUNTY
34290,Berente,Borsod-Abaúj-Zemplén,ORSZEM-BORSOD-ABAUJ-ZEMPLEN,KSH_COUNTY
34306,Óbarok,Fejér,ORSZEM-FEJER,KSH_COUNTY
34315,Remeteszőlős,Pest,ORSZEM-PEST,KSH_COUNTY
34324,Pálosvörösmart,Heves,ORSZEM-HEVES,KSH_COUNTY
34333,Csörög,Pest,ORSZEM-PEST,KSH_COUNTY
34342,Daruszentmiklós,Fejér,ORSZEM-FEJER,KSH_COUNTY
34351,Károlyháza,Győr-Moson-Sopron,ORSZEM-GYOR-MOSON-SOPRON,KSH_COUNTY
34360,Rákóczibánya,Nógrád,ORSZEM-NOGRAD,KSH_COUNTY
34379,Kerekharaszt,Heves,ORSZEM-HEVES,KSH_COUNTY
34388,Szorgalmatos,Szabolcs-Szatmár-Bereg,ORSZEM-SZABOLCS-SZATMAR-BEREG,KSH_COUNTY
34397,Monorierdő,Pest,ORSZEM-PEST,KSH_COUNTY
34403,Zákányfalu,Somogy,ORSZEM-SOMOGY,KSH_COUNTY
34412,Mosonudvar,Győr-Moson-Sopron,ORSZEM-GYOR-MOSON-SOPRON,KSH_COUNTY
34421,Balatonakarattya,Veszprém,ORSZEM-VESZPREM,KSH_COUNTY
