ksh_code,reason
01508,NO_VERIFIED_RAILWAY_LINE_REFERENCE
01526,NO_VERIFIED_RAILWAY_LINE_REFERENCE
02015,NO_VERIFIED_RAILWAY_LINE_REFERENCE
02024,NO_VERIFIED_RAILWAY_LINE_REFERENCE
02033,NO_VERIFIED_RAILWAY_LINE_REFERENCE
02042,NO_VERIFIED_RAILWAY_LINE_REFERENCE
02051,NO_VERIFIED_RAILWAY_LINE_REFERENCE
02060,NO_VERIFIED_RAILWAY_LINE_REFERENCE
02079,NO_VERIFIED_RAILWAY_LINE_REFERENCE
02088,NO_VERIFIED_RAILWAY_LINE_REFERENCE
02097,NO_VERIFIED_RAILWAY_LINE_REFERENCE
02103,NO_VERIFIED_RAILWAY_LINE_REFERENCE
02112,NO_VERIFIED_RAILWAY_LINE_REFERENCE
02121,NO_VERIFIED_RAILWAY_LINE_REFERENCE
02130,NO_VERIFIED_RAILWAY_LINE_REFERENCE
02149,NO_VERIFIED_RAILWAY_LINE_REFERENCE
02158,NO_VERIFIED_RAILWAY_LINE_REFERENCE
02167,NO_VERIFIED_RAILWAY_LINE_REFERENCE
02185,NO_VERIFIED_RAILWAY_LINE_REFERENCE
02194,NO_VERIFIED_RAILWAY_LINE_REFERENCE
02200,NO_VERIFIED_RAILWAY_LINE_REFERENCE
02219,NO_VERIFIED_RAILWAY_LINE_REFERENCE
02228,NO_VERIFIED_RAILWAY_LINE_REFERENCE
02237,NO_VERIFIED_RAILWAY_LINE_REFERENCE
02246,NO_VERIFIED_RAILWAY_LINE_REFERENCE
02264,NO_VERIFIED_RAILWAY_LINE_REFERENCE
02273,NO_VERIFIED_RAILWAY_LINE_REFERENCE
02282,NO_VERIFIED_RAILWAY_LINE_REFERENCE
02291,NO_VERIFIED_RAILWAY_LINE_REFERENCE
02307,NO_VERIFIED_RAILWAY_LINE_REFERENCE
02316,NO_VERIFIED_RAILWAY_LINE_REFERENCE
02325,NO_VERIFIED_RAILWAY_LINE_REFERENCE
02343,NO_VERIFIED_RAILWAY_LINE_REFERENCE
02352,NO_VERIFIED_RAILWAY_LINE_REFERENCE
02361,NO_VERIFIED_RAILWAY_LINE_REFERENCE
02370,NO_VERIFIED_RAILWAY_LINE_REFERENCE
02389,NO_VERIFIED_RAILWAY_LINE_REFERENCE
02404,NO_VERIFIED_RAILWAY_LINE_REFERENCE
02413,NO_VERIFIED_RAILWAY_LINE_REFERENCE
02422,NO_VERIFIED_RAILWAY_LINE_REFERENCE
02431,NO_VERIFIED_RAILWAY_LINE_REFERENCE
02440,NO_VERIFIED_RAILWAY_LINE_REFERENCE
02459,NO_VERIFIED_RAILWAY_LINE_REFERENCE
02468,NO_VERIFIED_RAILWAY_LINE_REFERENCE
02477,NO_VERIFIED_RAILWAY_LINE_REFERENCE
02486,NO_VERIFIED_RAILWAY_LINE_REFERENCE
02495,NO_VERIFIED_RAILWAY_LINE_REFERENCE
02501,NO_VERIFIED_RAILWAY_LINE_REFERENCE
02510,NO_VERIFIED_RAILWAY_LINE_REFERENCE
02529,NO_VERIFIED_RAILWAY_LINE_REFERENCE
02547,NO_VERIFIED_RAILWAY_LINE_REFERENCE
02556,NO_VERIFIED_RAILWAY_LINE_REFERENCE
02565,NO_VERIFIED_RAILWAY_LINE_REFERENCE
02574,NO_VERIFIED_RAILWAY_LINE_REFERENCE
02583,NO_VERIFIED_RAILWAY_LINE_REFERENCE
02608,NO_VERIFIED_RAILWAY_LINE_REFERENCE
02617,NO_VERIFIED_RAILWAY_LINE_REFERENCE
02626,NO_VERIFIED_RAILWAY_LINE_REFERENCE
02635,NO_VERIFIED_RAILWAY_LINE_REFERENCE
02644,NO_VERIFIED_RAILWAY_LINE_REFERENCE
02653,NO_VERIFIED_RAILWAY_LINE_REFERENCE
02662,NO_VERIFIED_RAILWAY_LINE_REFERENCE
02671,NO_VERIFIED_RAILWAY_LINE_REFERENCE
02680,NO_VERIFIED_RAILWAY_LINE_REFERENCE
02699,NO_VERIFIED_RAILWAY_LINE_REFERENCE
02705,NO_VERIFIED_RAILWAY_LINE_REFERENCE
02714,NO_VERIFIED_RAILWAY_LINE_REFERENCE
02723,NO_VERIFIED_RAILWAY_LINE_REFERENCE
02741,NO_VERIFIED_RAILWAY_LINE_REFERENCE
02750,NO_VERIFIED_RAILWAY_LINE_REFERENCE
02769,NO_VERIFIED_RAILWAY_LINE_REFERENCE
02778,NO_VERIFIED_RAILWAY_LINE_REFERENCE
02787,NO_VERIFIED_RAILWAY_LINE_REFERENCE
02796,NO_VERIFIED_RAILWAY_LINE_REFERENCE
02802,NO_VERIFIED_RAILWAY_LINE_REFERENCE
02811,NO_VERIFIED_RAILWAY_LINE_REFERENCE
02820,NO_VERIFIED_RAILWAY_LINE_REFERENCE
02839,NO_VERIFIED_RAILWAY_LINE_REFERENCE
02848,NO_VERIFIED_RAILWAY_LINE_REFERENCE
02857,NO_VERIFIED_RAILWAY_LINE_REFERENCE
02866,NO_VERIFIED_RAILWAY_LINE_REFERENCE
02875,NO_VERIFIED_RAILWAY_LINE_REFERENCE
02884,NO_VERIFIED_RAILWAY_LINE_REFERENCE
02893,NO_VERIFIED_RAILWAY_LINE_REFERENCE
02909,NO_VERIFIED_RAILWAY_LINE_REFERENCE
02918,NO_VERIFIED_RAILWAY_LINE_REFERENCE
02927,NO_VERIFIED_RAILWAY_LINE_REFERENCE
02936,NO_VERIFIED_RAILWAY_LINE_REFERENCE
02945,NO_VERIFIED_RAILWAY_LINE_REFERENCE
02954,NO_VERIFIED_RAILWAY_LINE_REFERENCE
02963,NO_VERIFIED_RAILWAY_LINE_REFERENCE
02972,NO_VERIFIED_RAILWAY_LINE_REFERENCE
02981,NO_VERIFIED_RAILWAY_LINE_REFERENCE
02990,NO_VERIFIED_RAILWAY_LINE_REFERENCE
03009,NO_VERIFIED_RAILWAY_LINE_REFERENCE
03018,NO_VERIFIED_RAILWAY_LINE_REFERENCE
03036,NO_VERIFIED_RAILWAY_LINE_REFERENCE
03045,NO_VERIFIED_RAILWAY_LINE_REFERENCE
03054,NO_VERIFIED_RAILWAY_LINE_REFERENCE
03063,NO_VERIFIED_RAILWAY_LINE_REFERENCE
03072,NO_VERIFIED_RAILWAY_LINE_REFERENCE
03081,NO_VERIFIED_RAILWAY_LINE_REFERENCE
03090,NO_VERIFIED_RAILWAY_LINE_REFERENCE
03106,NO_VERIFIED_RAILWAY_LINE_REFERENCE
03115,NO_VERIFIED_RAILWAY_LINE_REFERENCE
03124,NO_VERIFIED_RAILWAY_LINE_REFERENCE
03133,NO_VERIFIED_RAILWAY_LINE_REFERENCE
03142,NO_VERIFIED_RAILWAY_LINE_REFERENCE
03151,NO_VERIFIED_RAILWAY_LINE_REFERENCE
03160,NO_VERIFIED_RAILWAY_LINE_REFERENCE
03179,NO_VERIFIED_RAILWAY_LINE_REFERENCE
03188,NO_VERIFIED_RAILWAY_LINE_REFERENCE
03197,NO_VERIFIED_RAILWAY_LINE_REFERENCE
03203,NO_VERIFIED_RAILWAY_LINE_REFERENCE
03212,NO_VERIFIED_RAILWAY_LINE_REFERENCE
03221,NO_VERIFIED_RAILWAY_LINE_REFERENCE
03230,NO_VERIFIED_RAILWAY_LINE_REFERENCE
03249,NO_VERIFIED_RAILWAY_LINE_REFERENCE
03258,NO_VERIFIED_RAILWAY_LINE_REFERENCE
03267,NO_VERIFIED_RAILWAY_LINE_REFERENCE
03276,NO_VERIFIED_RAILWAY_LINE_REFERENCE
03285,NO_VERIFIED_RAILWAY_LINE_REFERENCE
03294,NO_VERIFIED_RAILWAY_LINE_REFERENCE
03300,NO_VERIFIED_RAILWAY_LINE_REFERENCE
03319,NO_VERIFIED_RAILWAY_LINE_REFERENCE
03328,NO_VERIFIED_RAILWAY_LINE_REFERENCE
03337,NO_VERIFIED_RAILWAY_LINE_REFERENCE
03346,NO_VERIFIED_RAILWAY_LINE_REFERENCE
03355,NO_VERIFIED_RAILWAY_LINE_REFERENCE
03364,NO_VERIFIED_RAILWAY_LINE_REFERENCE
03373,NO_VERIFIED_RAILWAY_LINE_REFERENCE
03382,NO_VERIFIED_RAILWAY_LINE_REFERENCE
03391,NO_VERIFIED_RAILWAY_LINE_REFERENCE
03407,NO_VERIFIED_RAILWAY_LINE_REFERENCE
03416,NO_VERIFIED_RAILWAY_LINE_REFERENCE
03425,NO_VERIFIED_RAILWAY_LINE_REFERENCE
03434,NO_VERIFIED_RAILWAY_LINE_REFERENCE
03443,NO_VERIFIED_RAILWAY_LINE_REFERENCE
03452,NO_VERIFIED_RAILWAY_LINE_REFERENCE
03461,NO_VERIFIED_RAILWAY_LINE_REFERENCE
03470,NO_VERIFIED_RAILWAY_LINE_REFERENCE
03489,NO_VERIFIED_RAILWAY_LINE_REFERENCE
03498,NO_VERIFIED_RAILWAY_LINE_REFERENCE
03504,NO_VERIFIED_RAILWAY_LINE_REFERENCE
03513,NO_VERIFIED_RAILWAY_LINE_REFERENCE
03522,NO_VERIFIED_RAILWAY_LINE_REFERENCE
03531,NO_VERIFIED_RAILWAY_LINE_REFERENCE
03540,NO_VERIFIED_RAILWAY_LINE_REFERENCE
03559,NO_VERIFIED_RAILWAY_LINE_REFERENCE
03568,NO_VERIFIED_RAILWAY_LINE_REFERENCE
03577,NO_VERIFIED_RAILWAY_LINE_REFERENCE
03586,NO_VERIFIED_RAILWAY_LINE_REFERENCE
03595,NO_VERIFIED_RAILWAY_LINE_REFERENCE
03601,NO_VERIFIED_RAILWAY_LINE_REFERENCE
03610,NO_VERIFIED_RAILWAY_LINE_REFERENCE
03629,NO_VERIFIED_RAILWAY_LINE_REFERENCE
03638,NO_VERIFIED_RAILWAY_LINE_REFERENCE
03647,NO_VERIFIED_RAILWAY_LINE_REFERENCE
03656,NO_VERIFIED_RAILWAY_LINE_REFERENCE
03665,NO_VERIFIED_RAILWAY_LINE_REFERENCE
03674,NO_VERIFIED_RAILWAY_LINE_REFERENCE
03683,NO_VERIFIED_RAILWAY_LINE_REFERENCE
03692,NO_VERIFIED_RAILWAY_LINE_REFERENCE
03708,NO_VERIFIED_RAILWAY_LINE_REFERENCE
03717,NO_VERIFIED_RAILWAY_LINE_REFERENCE
03726,NO_VERIFIED_RAILWAY_LINE_REFERENCE
03735,NO_VERIFIED_RAILWAY_LINE_REFERENCE
03744,NO_VERIFIED_RAILWAY_LINE_REFERENCE
03753,NO_VERIFIED_RAILWAY_LINE_REFERENCE
03762,NO_VERIFIED_RAILWAY_LINE_REFERENCE
03771,NO_VERIFIED_RAILWAY_LINE_REFERENCE
03780,NO_VERIFIED_RAILWAY_LINE_REFERENCE
03799,NO_VERIFIED_RAILWAY_LINE_REFERENCE
03805,NO_VERIFIED_RAILWAY_LINE_REFERENCE
03814,NO_VERIFIED_RAILWAY_LINE_REFERENCE
03823,NO_VERIFIED_RAILWAY_LINE_REFERENCE
03832,NO_VERIFIED_RAILWAY_LINE_REFERENCE
03841,NO_VERIFIED_RAILWAY_LINE_REFERENCE
03850,NO_VERIFIED_RAILWAY_LINE_REFERENCE
03869,NO_VERIFIED_RAILWAY_LINE_REFERENCE
03878,NO_VERIFIED_RAILWAY_LINE_REFERENCE
03887,NO_VERIFIED_RAILWAY_LINE_REFERENCE
03896,NO_VERIFIED_RAILWAY_LINE_REFERENCE
03902,NO_VERIFIED_RAILWAY_LINE_REFERENCE
03911,NO_VERIFIED_RAILWAY_LINE_REFERENCE
03939,NO_VERIFIED_RAILWAY_LINE_REFERENCE
03948,NO_VERIFIED_RAILWAY_LINE_REFERENCE
03957,NO_VERIFIED_RAILWAY_LINE_REFERENCE
03966,NO_VERIFIED_RAILWAY_LINE_REFERENCE
03975,NO_VERIFIED_RAILWAY_LINE_REFERENCE
03984,NO_VERIFIED_RAILWAY_LINE_REFERENCE
03993,NO_VERIFIED_RAILWAY_LINE_REFERENCE
04002,NO_VERIFIED_RAILWAY_LINE_REFERENCE
04011,NO_VERIFIED_RAILWAY_LINE_REFERENCE
04020,NO_VERIFIED_RAILWAY_LINE_REFERENCE
04039,NO_VERIFIED_RAILWAY_LINE_REFERENCE
04048,NO_VERIFIED_RAILWAY_LINE_REFERENCE
04057,NO_VERIFIED_RAILWAY_LINE_REFERENCE
04066,NO_VERIFIED_RAILWAY_LINE_REFERENCE
04075,NO_VERIFIED_RAILWAY_LINE_REFERENCE
04084,NO_VERIFIED_RAILWAY_LINE_REFERENCE
04093,NO_VERIFIED_RAILWAY_LINE_REFERENCE
04109,NO_VERIFIED_RAILWAY_LINE_REFERENCE
04118,NO_VERIFIED_RAILWAY_LINE_REFERENCE
04127,NO_VERIFIED_RAILWAY_LINE_REFERENCE
04136,NO_VERIFIED_RAILWAY_LINE_REFERENCE
04145,NO_VERIFIED_RAILWAY_LINE_REFERENCE
04154,NO_VERIFIED_RAILWAY_LINE_REFERENCE
04163,NO_VERIFIED_RAILWAY_LINE_REFERENCE
04172,NO_VERIFIED_RAILWAY_LINE_REFERENCE
04181,NO_VERIFIED_RAILWAY_LINE_REFERENCE
04190,NO_VERIFIED_RAILWAY_LINE_REFERENCE
04206,NO_VERIFIED_RAILWAY_LINE_REFERENCE
04215,NO_VERIFIED_RAILWAY_LINE_REFERENCE
04224,NO_VERIFIED_RAILWAY_LINE_REFERENCE
04233,NO_VERIFIED_RAILWAY_LINE_REFERENCE
04242,NO_VERIFIED_RAILWAY_LINE_REFERENCE
04251,NO_VERIFIED_RAILWAY_LINE_REFERENCE
04260,NO_VERIFIED_RAILWAY_LINE_REFERENCE
04279,NO_VERIFIED_RAILWAY_LINE_REFERENCE
04288,NO_VERIFIED_RAILWAY_LINE_REFERENCE
04297,NO_VERIFIED_RAILWAY_LINE_REFERENCE
04303,NO_VERIFIED_RAILWAY_LINE_REFERENCE
04312,NO_VERIFIED_RAILWAY_LINE_REFERENCE
04321,NO_VERIFIED_RAILWAY_LINE_REFERENCE
04330,NO_VERIFIED_RAILWAY_LINE_REFERENCE
04349,NO_VERIFIED_RAILWAY_LINE_REFERENCE
04358,NO_VERIFIED_RAILWAY_LINE_REFERENCE
04367,NO_VERIFIED_RAILWAY_LINE_REFERENCE
04376,NO_VERIFIED_RAILWAY_LINE_REFERENCE
04385,NO_VERIFIED_RAILWAY_LINE_REFERENCE
04394,NO_VERIFIED_RAILWAY_LINE_REFERENCE
04400,NO_VERIFIED_RAILWAY_LINE_REFERENCE
04419,NO_VERIFIED_RAILWAY_LINE_REFERENCE
04428,NO_VERIFIED_RAILWAY_LINE_REFERENCE
04437,NO_VERIFIED_RAILWAY_LINE_REFERENCE
04446,NO_VERIFIED_RAILWAY_LINE_REFERENCE
04455,NO_VERIFIED_RAILWAY_LINE_REFERENCE
04464,NO_VERIFIED_RAILWAY_LINE_REFERENCE
04473,NO_VERIFIED_RAILWAY_LINE_REFERENCE
04482,NO_VERIFIED_RAILWAY_LINE_REFERENCE
04491,NO_VERIFIED_RAILWAY_LINE_REFERENCE
04507,NO_VERIFIED_RAILWAY_LINE_REFERENCE
04516,NO_VERIFIED_RAILWAY_LINE_REFERENCE
04525,NO_VERIFIED_RAILWAY_LINE_REFERENCE
04534,NO_VERIFIED_RAILWAY_LINE_REFERENCE
04543,NO_VERIFIED_RAILWAY_LINE_REFERENCE
04552,NO_VERIFIED_RAILWAY_LINE_REFERENCE
04561,NO_VERIFIED_RAILWAY_LINE_REFERENCE
04570,NO_VERIFIED_RAILWAY_LINE_REFERENCE
04589,NO_VERIFIED_RAILWAY_LINE_REFERENCE
04598,NO_VERIFIED_RAILWAY_LINE_REFERENCE
04604,NO_VERIFIED_RAILWAY_LINE_REFERENCE
04613,NO_VERIFIED_RAILWAY_LINE_REFERENCE
04622,NO_VERIFIED_RAILWAY_LINE_REFERENCE
04631,NO_VERIFIED_RAILWAY_LINE_REFERENCE
04640,NO_VERIFIED_RAILWAY_LINE_REFERENCE
04659,NO_VERIFIED_RAILWAY_LINE_REFERENCE
04668,NO_VERIFIED_RAILWAY_LINE_REFERENCE
04677,NO_VERIFIED_RAILWAY_LINE_REFERENCE
04686,NO_VERIFIED_RAILWAY_LINE_REFERENCE
04695,NO_VERIFIED_RAILWAY_LINE_REFERENCE
04701,NO_VERIFIED_RAILWAY_LINE_REFERENCE
04710,NO_VERIFIED_RAILWAY_LINE_REFERENCE
04729,NO_VERIFIED_RAILWAY_LINE_REFERENCE
04738,NO_VERIFIED_RAILWAY_LINE_REFERENCE
04747,NO_VERIFIED_RAILWAY_LINE_REFERENCE
04756,NO_VERIFIED_RAILWAY_LINE_REFERENCE
04765,NO_VERIFIED_RAILWAY_LINE_REFERENCE
04774,NO_VERIFIED_RAILWAY_LINE_REFERENCE
04783,NO_VERIFIED_RAILWAY_LINE_REFERENCE
04792,NO_VERIFIED_RAILWAY_LINE_REFERENCE
04808,NO_VERIFIED_RAILWAY_LINE_REFERENCE
04817,NO_VERIFIED_RAILWAY_LINE_REFERENCE
04826,NO_VERIFIED_RAILWAY_LINE_REFERENCE
04835,NO_VERIFIED_RAILWAY_LINE_REFERENCE
04844,NO_VERIFIED_RAILWAY_LINE_REFERENCE
04853,NO_VERIFIED_RAILWAY_LINE_REFERENCE
04862,NO_VERIFIED_RAILWAY_LINE_REFERENCE
04871,NO_VERIFIED_RAILWAY_LINE_REFERENCE
04880,NO_VERIFIED_RAILWAY_LINE_REFERENCE
04899,NO_VERIFIED_RAILWAY_LINE_REFERENCE
04905,NO_VERIFIED_RAILWAY_LINE_REFERENCE
04914,NO_VERIFIED_RAILWAY_LINE_REFERENCE
04923,NO_VERIFIED_RAILWAY_LINE_REFERENCE
04932,NO_VERIFIED_RAILWAY_LINE_REFERENCE
04950,NO_VERIFIED_RAILWAY_LINE_REFERENCE
04969,NO_VERIFIED_RAILWAY_LINE_REFERENCE
04978,NO_VERIFIED_RAILWAY_LINE_REFERENCE
04987,NO_VERIFIED_RAILWAY_LINE_REFERENCE
04996,NO_VERIFIED_RAILWAY_LINE_REFERENCE
05005,NO_VERIFIED_RAILWAY_LINE_REFERENCE
05014,NO_VERIFIED_RAILWAY_LINE_REFERENCE
05023,NO_VERIFIED_RAILWAY_LINE_REFERENCE
05032,NO_VERIFIED_RAILWAY_LINE_REFERENCE
05041,NO_VERIFIED_RAILWAY_LINE_REFERENCE
05050,NO_VERIFIED_RAILWAY_LINE_REFERENCE
05069,NO_VERIFIED_RAILWAY_LINE_REFERENCE
05078,NO_VERIFIED_RAILWAY_LINE_REFERENCE
05087,NO_VERIFIED_RAILWAY_LINE_REFERENCE
05096,NO_VERIFIED_RAILWAY_LINE_REFERENCE
05102,NO_VERIFIED_RAILWAY_LINE_REFERENCE
05111,NO_VERIFIED_RAILWAY_LINE_REFERENCE
05120,NO_VERIFIED_RAILWAY_LINE_REFERENCE
05139,NO_VERIFIED_RAILWAY_LINE_REFERENCE
05148,NO_VERIFIED_RAILWAY_LINE_REFERENCE
05157,NO_VERIFIED_RAILWAY_LINE_REFERENCE
05166,NO_VERIFIED_RAILWAY_LINE_REFERENCE
05175,NO_VERIFIED_RAILWAY_LINE_REFERENCE
05184,NO_VERIFIED_RAILWAY_LINE_REFERENCE
05193,NO_VERIFIED_RAILWAY_LINE_REFERENCE
05209,NO_VERIFIED_RAILWAY_LINE_REFERENCE
05218,NO_VERIFIED_RAILWAY_LINE_REFERENCE
05227,NO_VERIFIED_RAILWAY_LINE_REFERENCE
05236,NO_VERIFIED_RAILWAY_LINE_REFERENCE
05245,NO_VERIFIED_RAILWAY_LINE_REFERENCE
05254,NO_VERIFIED_RAILWAY_LINE_REFERENCE
05263,NO_VERIFIED_RAILWAY_LINE_REFERENCE
05272,NO_VERIFIED_RAILWAY_LINE_REFERENCE
05281,NO_VERIFIED_RAILWAY_LINE_REFERENCE
05290,NO_VERIFIED_RAILWAY_LINE_REFERENCE
05306,NO_VERIFIED_RAILWAY_LINE_REFERENCE
05315,NO_VERIFIED_RAILWAY_LINE_REFERENCE
05324,NO_VERIFIED_RAILWAY_LINE_REFERENCE
05333,NO_VERIFIED_RAILWAY_LINE_REFERENCE
05342,NO_VERIFIED_RAILWAY_LINE_REFERENCE
05351,NO_VERIFIED_RAILWAY_LINE_REFERENCE
05360,NO_VERIFIED_RAILWAY_LINE_REFERENCE
05379,NO_VERIFIED_RAILWAY_LINE_REFERENCE
05388,NO_VERIFIED_RAILWAY_LINE_REFERENCE
05397,NO_VERIFIED_RAILWAY_LINE_REFERENCE
05403,NO_VERIFIED_RAILWAY_LINE_REFERENCE
05412,NO_VERIFIED_RAILWAY_LINE_REFERENCE
05421,NO_VERIFIED_RAILWAY_LINE_REFERENCE
05430,NO_VERIFIED_RAILWAY_LINE_REFERENCE
05449,NO_VERIFIED_RAILWAY_LINE_REFERENCE
05458,NO_VERIFIED_RAILWAY_LINE_REFERENCE
05467,NO_VERIFIED_RAILWAY_LINE_REFERENCE
05476,NO_VERIFIED_RAILWAY_LINE_REFERENCE
05485,NO_VERIFIED_RAILWAY_LINE_REFERENCE
05494,NO_VERIFIED_RAILWAY_LINE_REFERENCE
05500,NO_VERIFIED_RAILWAY_LINE_REFERENCE
05519,NO_VERIFIED_RAILWAY_LINE_REFERENCE
05528,NO_VERIFIED_RAILWAY_LINE_REFERENCE
05537,NO_VERIFIED_RAILWAY_LINE_REFERENCE
05546,NO_VERIFIED_RAILWAY_LINE_REFERENCE
05555,NO_VERIFIED_RAILWAY_LINE_REFERENCE
05564,NO_VERIFIED_RAILWAY_LINE_REFERENCE
05573,NO_VERIFIED_RAILWAY_LINE_REFERENCE
05582,NO_VERIFIED_RAILWAY_LINE_REFERENCE
05591,NO_VERIFIED_RAILWAY_LINE_REFERENCE
05607,NO_VERIFIED_RAILWAY_LINE_REFERENCE
05616,NO_VERIFIED_RAILWAY_LINE_REFERENCE
05625,NO_VERIFIED_RAILWAY_LINE_REFERENCE
05634,NO_VERIFIED_RAILWAY_LINE_REFERENCE
05643,NO_VERIFIED_RAILWAY_LINE_REFERENCE
05652,NO_VERIFIED_RAILWAY_LINE_REFERENCE
05661,NO_VERIFIED_RAILWAY_LINE_REFERENCE
05670,NO_VERIFIED_RAILWAY_LINE_REFERENCE
05689,NO_VERIFIED_RAILWAY_LINE_REFERENCE
05698,NO_VERIFIED_RAILWAY_LINE_REFERENCE
05704,NO_VERIFIED_RAILWAY_LINE_REFERENCE
05713,NO_VERIFIED_RAILWAY_LINE_REFERENCE
05722,NO_VERIFIED_RAILWAY_LINE_REFERENCE
05731,NO_VERIFIED_RAILWAY_LINE_REFERENCE
05740,NO_VERIFIED_RAILWAY_LINE_REFERENCE
05759,NO_VERIFIED_RAILWAY_LINE_REFERENCE
05768,NO_VERIFIED_RAILWAY_LINE_REFERENCE
05777,NO_VERIFIED_RAILWAY_LINE_REFERENCE
05786,NO_VERIFIED_RAILWAY_LINE_REFERENCE
05795,NO_VERIFIED_RAILWAY_LINE_REFERENCE
05801,NO_VERIFIED_RAILWAY_LINE_REFERENCE
05810,NO_VERIFIED_RAILWAY_LINE_REFERENCE
05829,NO_VERIFIED_RAILWAY_LINE_REFERENCE
05838,NO_VERIFIED_RAILWAY_LINE_REFERENCE
05847,NO_VERIFIED_RAILWAY_LINE_REFERENCE
05856,NO_VERIFIED_RAILWAY_LINE_REFERENCE
05865,NO_VERIFIED_RAILWAY_LINE_REFERENCE
05874,NO_VERIFIED_RAILWAY_LINE_REFERENCE
05883,NO_VERIFIED_RAILWAY_LINE_REFERENCE
05892,NO_VERIFIED_RAILWAY_LINE_REFERENCE
05917,NO_VERIFIED_RAILWAY_LINE_REFERENCE
05926,NO_VERIFIED_RAILWAY_LINE_REFERENCE
05935,NO_VERIFIED_RAILWAY_LINE_REFERENCE
05944,NO_VERIFIED_RAILWAY_LINE_REFERENCE
05953,NO_VERIFIED_RAILWAY_LINE_REFERENCE
05962,NO_VERIFIED_RAILWAY_LINE_REFERENCE
05971,NO_VERIFIED_RAILWAY_LINE_REFERENCE
05980,NO_VERIFIED_RAILWAY_LINE_REFERENCE
05999,NO_VERIFIED_RAILWAY_LINE_REFERENCE
06008,NO_VERIFIED_RAILWAY_LINE_REFERENCE
06017,NO_VERIFIED_RAILWAY_LINE_REFERENCE
06026,NO_VERIFIED_RAILWAY_LINE_REFERENCE
06035,NO_VERIFIED_RAILWAY_LINE_REFERENCE
06044,NO_VERIFIED_RAILWAY_LINE_REFERENCE
06053,NO_VERIFIED_RAILWAY_LINE_REFERENCE
06062,NO_VERIFIED_RAILWAY_LINE_REFERENCE
06071,NO_VERIFIED_RAILWAY_LINE_REFERENCE
06080,NO_VERIFIED_RAILWAY_LINE_REFERENCE
06099,NO_VERIFIED_RAILWAY_LINE_REFERENCE
06105,NO_VERIFIED_RAILWAY_LINE_REFERENCE
06114,NO_VERIFIED_RAILWAY_LINE_REFERENCE
06123,NO_VERIFIED_RAILWAY_LINE_REFERENCE
06132,NO_VERIFIED_RAILWAY_LINE_REFERENCE
06141,NO_VERIFIED_RAILWAY_LINE_REFERENCE
06169,NO_VERIFIED_RAILWAY_LINE_REFERENCE
06178,NO_VERIFIED_RAILWAY_LINE_REFERENCE
06187,NO_VERIFIED_RAILWAY_LINE_REFERENCE
06196,NO_VERIFIED_RAILWAY_LINE_REFERENCE
06202,NO_VERIFIED_RAILWAY_LINE_REFERENCE
06211,NO_VERIFIED_RAILWAY_LINE_REFERENCE
06220,NO_VERIFIED_RAILWAY_LINE_REFERENCE
06239,NO_VERIFIED_RAILWAY_LINE_REFERENCE
06248,NO_VERIFIED_RAILWAY_LINE_REFERENCE
06257,NO_VERIFIED_RAILWAY_LINE_REFERENCE
06266,NO_VERIFIED_RAILWAY_LINE_REFERENCE
06275,NO_VERIFIED_RAILWAY_LINE_REFERENCE
06284,NO_VERIFIED_RAILWAY_LINE_REFERENCE
06293,NO_VERIFIED_RAILWAY_LINE_REFERENCE
06309,NO_VERIFIED_RAILWAY_LINE_REFERENCE
06318,NO_VERIFIED_RAILWAY_LINE_REFERENCE
06327,NO_VERIFIED_RAILWAY_LINE_REFERENCE
06336,NO_VERIFIED_RAILWAY_LINE_REFERENCE
06345,NO_VERIFIED_RAILWAY_LINE_REFERENCE
06354,NO_VERIFIED_RAILWAY_LINE_REFERENCE
06363,NO_VERIFIED_RAILWAY_LINE_REFERENCE
06372,NO_VERIFIED_RAILWAY_LINE_REFERENCE
06381,NO_VERIFIED_RAILWAY_LINE_REFERENCE
06390,NO_VERIFIED_RAILWAY_LINE_REFERENCE
06406,NO_VERIFIED_RAILWAY_LINE_REFERENCE
06415,NO_VERIFIED_RAILWAY_LINE_REFERENCE
06424,NO_VERIFIED_RAILWAY_LINE_REFERENCE
06433,NO_VERIFIED_RAILWAY_LINE_REFERENCE
06442,NO_VERIFIED_RAILWAY_LINE_REFERENCE
06451,NO_VERIFIED_RAILWAY_LINE_REFERENCE
06460,NO_VERIFIED_RAILWAY_LINE_REFERENCE
06479,NO_VERIFIED_RAILWAY_LINE_REFERENCE
06488,NO_VERIFIED_RAILWAY_LINE_REFERENCE
06497,NO_VERIFIED_RAILWAY_LINE_REFERENCE
06503,NO_VERIFIED_RAILWAY_LINE_REFERENCE
06512,NO_VERIFIED_RAILWAY_LINE_REFERENCE
06521,NO_VERIFIED_RAILWAY_LINE_REFERENCE
06530,NO_VERIFIED_RAILWAY_LINE_REFERENCE
06549,NO_VERIFIED_RAILWAY_LINE_REFERENCE
06558,NO_VERIFIED_RAILWAY_LINE_REFERENCE
06567,NO_VERIFIED_RAILWAY_LINE_REFERENCE
06576,NO_VERIFIED_RAILWAY_LINE_REFERENCE
06585,NO_VERIFIED_RAILWAY_LINE_REFERENCE
06594,NO_VERIFIED_RAILWAY_LINE_REFERENCE
06600,NO_VERIFIED_RAILWAY_LINE_REFERENCE
06619,NO_VERIFIED_RAILWAY_LINE_REFERENCE
06628,NO_VERIFIED_RAILWAY_LINE_REFERENCE
06637,NO_VERIFIED_RAILWAY_LINE_REFERENCE
06646,NO_VERIFIED_RAILWAY_LINE_REFERENCE
06655,NO_VERIFIED_RAILWAY_LINE_REFERENCE
06664,NO_VERIFIED_RAILWAY_LINE_REFERENCE
06673,NO_VERIFIED_RAILWAY_LINE_REFERENCE
06682,NO_VERIFIED_RAILWAY_LINE_REFERENCE
06691,NO_VERIFIED_RAILWAY_LINE_REFERENCE
06707,NO_VERIFIED_RAILWAY_LINE_REFERENCE
06716,NO_VERIFIED_RAILWAY_LINE_REFERENCE
06725,NO_VERIFIED_RAILWAY_LINE_REFERENCE
06734,NO_VERIFIED_RAILWAY_LINE_REFERENCE
06743,NO_VERIFIED_RAILWAY_LINE_REFERENCE
06761,NO_VERIFIED_RAILWAY_LINE_REFERENCE
06770,NO_VERIFIED_RAILWAY_LINE_REFERENCE
06789,NO_VERIFIED_RAILWAY_LINE_REFERENCE
06798,NO_VERIFIED_RAILWAY_LINE_REFERENCE
06804,NO_VERIFIED_RAILWAY_LINE_REFERENCE
06813,NO_VERIFIED_RAILWAY_LINE_REFERENCE
06822,NO_VERIFIED_RAILWAY_LINE_REFERENCE
06831,NO_VERIFIED_RAILWAY_LINE_REFERENCE
06840,NO_VERIFIED_RAILWAY_LINE_REFERENCE
06859,NO_VERIFIED_RAILWAY_LINE_REFERENCE
06868,NO_VERIFIED_RAILWAY_LINE_REFERENCE
06877,NO_VERIFIED_RAILWAY_LINE_REFERENCE
06886,NO_VERIFIED_RAILWAY_LINE_REFERENCE
06895,NO_VERIFIED_RAILWAY_LINE_REFERENCE
06901,NO_VERIFIED_RAILWAY_LINE_REFERENCE
06910,NO_VERIFIED_RAILWAY_LINE_REFERENCE
06929,NO_VERIFIED_RAILWAY_LINE_REFERENCE
06938,NO_VERIFIED_RAILWAY_LINE_REFERENCE
06947,NO_VERIFIED_RAILWAY_LINE_REFERENCE
06956,NO_VERIFIED_RAILWAY_LINE_REFERENCE
06965,NO_VERIFIED_RAILWAY_LINE_REFERENCE
06974,NO_VERIFIED_RAILWAY_LINE_REFERENCE
06992,NO_VERIFIED_RAILWAY_LINE_REFERENCE
07001,NO_VERIFIED_RAILWAY_LINE_REFERENCE
07010,NO_VERIFIED_RAILWAY_LINE_REFERENCE
07029,NO_VERIFIED_RAILWAY_LINE_REFERENCE
07038,NO_VERIFIED_RAILWAY_LINE_REFERENCE
07047,NO_VERIFIED_RAILWAY_LINE_REFERENCE
07056,NO_VERIFIED_RAILWAY_LINE_REFERENCE
07065,NO_VERIFIED_RAILWAY_LINE_REFERENCE
07074,NO_VERIFIED_RAILWAY_LINE_REFERENCE
07083,NO_VERIFIED_RAILWAY_LINE_REFERENCE
07092,NO_VERIFIED_RAILWAY_LINE_REFERENCE
07108,NO_VERIFIED_RAILWAY_LINE_REFERENCE
07117,NO_VERIFIED_RAILWAY_LINE_REFERENCE
07126,NO_VERIFIED_RAILWAY_LINE_REFERENCE
07135,NO_VERIFIED_RAILWAY_LINE_REFERENCE
07144,NO_VERIFIED_RAILWAY_LINE_REFERENCE
07153,NO_VERIFIED_RAILWAY_LINE_REFERENCE
07162,NO_VERIFIED_RAILWAY_LINE_REFERENCE
07171,NO_VERIFIED_RAILWAY_LINE_REFERENCE
07180,NO_VERIFIED_RAILWAY_LINE_REFERENCE
07199,NO_VERIFIED_RAILWAY_LINE_REFERENCE
07205,NO_VERIFIED_RAILWAY_LINE_REFERENCE
07214,NO_VERIFIED_RAILWAY_LINE_REFERENCE
07223,NO_VERIFIED_RAILWAY_LINE_REFERENCE
07232,NO_VERIFIED_RAILWAY_LINE_REFERENCE
07241,NO_VERIFIED_RAILWAY_LINE_REFERENCE
07250,NO_VERIFIED_RAILWAY_LINE_REFERENCE
07269,NO_VERIFIED_RAILWAY_LINE_REFERENCE
07278,NO_VERIFIED_RAILWAY_LINE_REFERENCE
07287,NO_VERIFIED_RAILWAY_LINE_REFERENCE
07296,NO_VERIFIED_RAILWAY_LINE_REFERENCE
07302,NO_VERIFIED_RAILWAY_LINE_REFERENCE
07311,NO_VERIFIED_RAILWAY_LINE_REFERENCE
07320,NO_VERIFIED_RAILWAY_LINE_REFERENCE
07339,NO_VERIFIED_RAILWAY_LINE_REFERENCE
07348,NO_VERIFIED_RAILWAY_LINE_REFERENCE
07357,NO_VERIFIED_RAILWAY_LINE_REFERENCE
07366,NO_VERIFIED_RAILWAY_LINE_REFERENCE
07375,NO_VERIFIED_RAILWAY_LINE_REFERENCE
07384,NO_VERIFIED_RAILWAY_LINE_REFERENCE
07393,NO_VERIFIED_RAILWAY_LINE_REFERENCE
07409,NO_VERIFIED_RAILWAY_LINE_REFERENCE
07418,NO_VERIFIED_RAILWAY_LINE_REFERENCE
07427,NO_VERIFIED_RAILWAY_LINE_REFERENCE
07436,NO_VERIFIED_RAILWAY_LINE_REFERENCE
07445,NO_VERIFIED_RAILWAY_LINE_REFERENCE
07463,NO_VERIFIED_RAILWAY_LINE_REFERENCE
07472,NO_VERIFIED_RAILWAY_LINE_REFERENCE
07481,NO_VERIFIED_RAILWAY_LINE_REFERENCE
07490,NO_VERIFIED_RAILWAY_LINE_REFERENCE
07506,NO_VERIFIED_RAILWAY_LINE_REFERENCE
07515,NO_VERIFIED_RAILWAY_LINE_REFERENCE
07524,NO_VERIFIED_RAILWAY_LINE_REFERENCE
07533,NO_VERIFIED_RAILWAY_LINE_REFERENCE
07542,NO_VERIFIED_RAILWAY_LINE_REFERENCE
07551,NO_VERIFIED_RAILWAY_LINE_REFERENCE
07560,NO_VERIFIED_RAILWAY_LINE_REFERENCE
07579,NO_VERIFIED_RAILWAY_LINE_REFERENCE
07588,NO_VERIFIED_RAILWAY_LINE_REFERENCE
07597,NO_VERIFIED_RAILWAY_LINE_REFERENCE
07603,NO_VERIFIED_RAILWAY_LINE_REFERENCE
07612,NO_VERIFIED_RAILWAY_LINE_REFERENCE
07621,NO_VERIFIED_RAILWAY_LINE_REFERENCE
07630,NO_VERIFIED_RAILWAY_LINE_REFERENCE
07649,NO_VERIFIED_RAILWAY_LINE_REFERENCE
07658,NO_VERIFIED_RAILWAY_LINE_REFERENCE
07667,NO_VERIFIED_RAILWAY_LINE_REFERENCE
07676,NO_VERIFIED_RAILWAY_LINE_REFERENCE
07685,NO_VERIFIED_RAILWAY_LINE_REFERENCE
07694,NO_VERIFIED_RAILWAY_LINE_REFERENCE
07700,NO_VERIFIED_RAILWAY_LINE_REFERENCE
07719,NO_VERIFIED_RAILWAY_LINE_REFERENCE
07728,NO_VERIFIED_RAILWAY_LINE_REFERENCE
07737,NO_VERIFIED_RAILWAY_LINE_REFERENCE
07746,NO_VERIFIED_RAILWAY_LINE_REFERENCE
07755,NO_VERIFIED_RAILWAY_LINE_REFERENCE
07764,NO_VERIFIED_RAILWAY_LINE_REFERENCE
07773,NO_VERIFIED_RAILWAY_LINE_REFERENCE
07782,NO_VERIFIED_RAILWAY_LINE_REFERENCE
07807,NO_VERIFIED_RAILWAY_LINE_REFERENCE
07816,NO_VERIFIED_RAILWAY_LINE_REFERENCE
07825,NO_VERIFIED_RAILWAY_LINE_REFERENCE
07834,NO_VERIFIED_RAILWAY_LINE_REFERENCE
07843,NO_VERIFIED_RAILWAY_LINE_REFERENCE
07852,NO_VERIFIED_RAILWAY_LINE_REFERENCE
07861,NO_VERIFIED_RAILWAY_LINE_REFERENCE
07870,NO_VERIFIED_RAILWAY_LINE_REFERENCE
07889,NO_VERIFIED_RAILWAY_LINE_REFERENCE
07898,NO_VERIFIED_RAILWAY_LINE_REFERENCE
07904,NO_VERIFIED_RAILWAY_LINE_REFERENCE
07913,NO_VERIFIED_RAILWAY_LINE_REFERENCE
07922,NO_VERIFIED_RAILWAY_LINE_REFERENCE
07931,NO_VERIFIED_RAILWAY_LINE_REFERENCE
07940,NO_VERIFIED_RAILWAY_LINE_REFERENCE
07959,NO_VERIFIED_RAILWAY_LINE_REFERENCE
07968,NO_VERIFIED_RAILWAY_LINE_REFERENCE
07977,NO_VERIFIED_RAILWAY_LINE_REFERENCE
07986,NO_VERIFIED_RAILWAY_LINE_REFERENCE
07995,NO_VERIFIED_RAILWAY_LINE_REFERENCE
08004,NO_VERIFIED_RAILWAY_LINE_REFERENCE
08013,NO_VERIFIED_RAILWAY_LINE_REFERENCE
08022,NO_VERIFIED_RAILWAY_LINE_REFERENCE
08040,NO_VERIFIED_RAILWAY_LINE_REFERENCE
08059,NO_VERIFIED_RAILWAY_LINE_REFERENCE
08068,NO_VERIFIED_RAILWAY_LINE_REFERENCE
08077,NO_VERIFIED_RAILWAY_LINE_REFERENCE
08086,NO_VERIFIED_RAILWAY_LINE_REFERENCE
08095,NO_VERIFIED_RAILWAY_LINE_REFERENCE
08101,NO_VERIFIED_RAILWAY_LINE_REFERENCE
08110,NO_VERIFIED_RAILWAY_LINE_REFERENCE
08129,NO_VERIFIED_RAILWAY_LINE_REFERENCE
08138,NO_VERIFIED_RAILWAY_LINE_REFERENCE
08147,NO_VERIFIED_RAILWAY_LINE_REFERENCE
08156,NO_VERIFIED_RAILWAY_LINE_REFERENCE
08165,NO_VERIFIED_RAILWAY_LINE_REFERENCE
08174,NO_VERIFIED_RAILWAY_LINE_REFERENCE
08183,NO_VERIFIED_RAILWAY_LINE_REFERENCE
08192,NO_VERIFIED_RAILWAY_LINE_REFERENCE
08208,NO_VERIFIED_RAILWAY_LINE_REFERENCE
08217,NO_VERIFIED_RAILWAY_LINE_REFERENCE
08226,NO_VERIFIED_RAILWAY_LINE_REFERENCE
08244,NO_VERIFIED_RAILWAY_LINE_REFERENCE
08253,NO_VERIFIED_RAILWAY_LINE_REFERENCE
08262,NO_VERIFIED_RAILWAY_LINE_REFERENCE
08271,NO_VERIFIED_RAILWAY_LINE_REFERENCE
08280,NO_VERIFIED_RAILWAY_LINE_REFERENCE
08299,NO_VERIFIED_RAILWAY_LINE_REFERENCE
08305,NO_VERIFIED_RAILWAY_LINE_REFERENCE
08314,NO_VERIFIED_RAILWAY_LINE_REFERENCE
08323,NO_VERIFIED_RAILWAY_LINE_REFERENCE
08332,NO_VERIFIED_RAILWAY_LINE_REFERENCE
08341,NO_VERIFIED_RAILWAY_LINE_REFERENCE
08350,NO_VERIFIED_RAILWAY_LINE_REFERENCE
08369,NO_VERIFIED_RAILWAY_LINE_REFERENCE
08378,NO_VERIFIED_RAILWAY_LINE_REFERENCE
08387,NO_VERIFIED_RAILWAY_LINE_REFERENCE
08396,NO_VERIFIED_RAILWAY_LINE_REFERENCE
08402,NO_VERIFIED_RAILWAY_LINE_REFERENCE
08411,NO_VERIFIED_RAILWAY_LINE_REFERENCE
08420,NO_VERIFIED_RAILWAY_LINE_REFERENCE
08439,NO_VERIFIED_RAILWAY_LINE_REFERENCE
08448,NO_VERIFIED_RAILWAY_LINE_REFERENCE
08457,NO_VERIFIED_RAILWAY_LINE_REFERENCE
08466,NO_VERIFIED_RAILWAY_LINE_REFERENCE
08475,NO_VERIFIED_RAILWAY_LINE_REFERENCE
08484,NO_VERIFIED_RAILWAY_LINE_REFERENCE
08493,NO_VERIFIED_RAILWAY_LINE_REFERENCE
08509,NO_VERIFIED_RAILWAY_LINE_REFERENCE
08518,NO_VERIFIED_RAILWAY_LINE_REFERENCE
08527,NO_VERIFIED_RAILWAY_LINE_REFERENCE
08536,NO_VERIFIED_RAILWAY_LINE_REFERENCE
08545,NO_VERIFIED_RAILWAY_LINE_REFERENCE
08554,NO_VERIFIED_RAILWAY_LINE_REFERENCE
08563,NO_VERIFIED_RAILWAY_LINE_REFERENCE
08572,NO_VERIFIED_RAILWAY_LINE_REFERENCE
08581,NO_VERIFIED_RAILWAY_LINE_REFERENCE
08590,NO_VERIFIED_RAILWAY_LINE_REFERENCE
08606,NO_VERIFIED_RAILWAY_LINE_REFERENCE
08615,NO_VERIFIED_RAILWAY_LINE_REFERENCE
08624,NO_VERIFIED_RAILWAY_LINE_REFERENCE
08633,NO_VERIFIED_RAILWAY_LINE_REFERENCE
08642,NO_VERIFIED_RAILWAY_LINE_REFERENCE
08651,NO_VERIFIED_RAILWAY_LINE_REFERENCE
08660,NO_VERIFIED_RAILWAY_LINE_REFERENCE
08679,NO_VERIFIED_RAILWAY_LINE_REFERENCE
08688,NO_VERIFIED_RAILWAY_LINE_REFERENCE
08697,NO_VERIFIED_RAILWAY_LINE_REFERENCE
08703,NO_VERIFIED_RAILWAY_LINE_REFERENCE
08712,NO_VERIFIED_RAILWAY_LINE_REFERENCE
08721,NO_VERIFIED_RAILWAY_LINE_REFERENCE
08730,NO_VERIFIED_RAILWAY_LINE_REFERENCE
08749,NO_VERIFIED_RAILWAY_LINE_REFERENCE
08758,NO_VERIFIED_RAILWAY_LINE_REFERENCE
08767,NO_VERIFIED_RAILWAY_LINE_REFERENCE
08776,NO_VERIFIED_RAILWAY_LINE_REFERENCE
08785,NO_VERIFIED_RAILWAY_LINE_REFERENCE
08794,NO_VERIFIED_RAILWAY_LINE_REFERENCE
08800,NO_VERIFIED_RAILWAY_LINE_REFERENCE
08819,NO_VERIFIED_RAILWAY_LINE_REFERENCE
08828,NO_VERIFIED_RAILWAY_LINE_REFERENCE
08837,NO_VERIFIED_RAILWAY_LINE_REFERENCE
08846,NO_VERIFIED_RAILWAY_LINE_REFERENCE
08855,NO_VERIFIED_RAILWAY_LINE_REFERENCE
08864,NO_VERIFIED_RAILWAY_LINE_REFERENCE
08873,NO_VERIFIED_RAILWAY_LINE_REFERENCE
08882,NO_VERIFIED_RAILWAY_LINE_REFERENCE
08891,NO_VERIFIED_RAILWAY_LINE_REFERENCE
08907,NO_VERIFIED_RAILWAY_LINE_REFERENCE
08916,NO_VERIFIED_RAILWAY_LINE_REFERENCE
08925,NO_VERIFIED_RAILWAY_LINE_REFERENCE
08934,NO_VERIFIED_RAILWAY_LINE_REFERENCE
08943,NO_VERIFIED_RAILWAY_LINE_REFERENCE
08952,NO_VERIFIED_RAILWAY_LINE_REFERENCE
08961,NO_VERIFIED_RAILWAY_LINE_REFERENCE
08970,NO_VERIFIED_RAILWAY_LINE_REFERENCE
08989,NO_VERIFIED_RAILWAY_LINE_REFERENCE
08998,NO_VERIFIED_RAILWAY_LINE_REFERENCE
09007,NO_VERIFIED_RAILWAY_LINE_REFERENCE
09016,NO_VERIFIED_RAILWAY_LINE_REFERENCE
09025,NO_VERIFIED_RAILWAY_LINE_REFERENCE
09034,NO_VERIFIED_RAILWAY_LINE_REFERENCE
09043,NO_VERIFIED_RAILWAY_LINE_REFERENCE
09052,NO_VERIFIED_RAILWAY_LINE_REFERENCE
09061,NO_VERIFIED_RAILWAY_LINE_REFERENCE
09070,NO_VERIFIED_RAILWAY_LINE_REFERENCE
09089,NO_VERIFIED_RAILWAY_LINE_REFERENCE
09098,NO_VERIFIED_RAILWAY_LINE_REFERENCE
09104,NO_VERIFIED_RAILWAY_LINE_REFERENCE
09113,NO_VERIFIED_RAILWAY_LINE_REFERENCE
09122,NO_VERIFIED_RAILWAY_LINE_REFERENCE
09131,NO_VERIFIED_RAILWAY_LINE_REFERENCE
09140,NO_VERIFIED_RAILWAY_LINE_REFERENCE
09159,NO_VERIFIED_RAILWAY_LINE_REFERENCE
09168,NO_VERIFIED_RAILWAY_LINE_REFERENCE
09177,NO_VERIFIED_RAILWAY_LINE_REFERENCE
09186,NO_VERIFIED_RAILWAY_LINE_REFERENCE
09195,NO_VERIFIED_RAILWAY_LINE_REFERENCE
09201,NO_VERIFIED_RAILWAY_LINE_REFERENCE
09210,NO_VERIFIED_RAILWAY_LINE_REFERENCE
09229,NO_VERIFIED_RAILWAY_LINE_REFERENCE
09238,NO_VERIFIED_RAILWAY_LINE_REFERENCE
09247,NO_VERIFIED_RAILWAY_LINE_REFERENCE
09256,NO_VERIFIED_RAILWAY_LINE_REFERENCE
09265,NO_VERIFIED_RAILWAY_LINE_REFERENCE
09274,NO_VERIFIED_RAILWAY_LINE_REFERENCE
09283,NO_VERIFIED_RAILWAY_LINE_REFERENCE
09292,NO_VERIFIED_RAILWAY_LINE_REFERENCE
09308,NO_VERIFIED_RAILWAY_LINE_REFERENCE
09317,NO_VERIFIED_RAILWAY_LINE_REFERENCE
09326,NO_VERIFIED_RAILWAY_LINE_REFERENCE
09344,NO_VERIFIED_RAILWAY_LINE_REFERENCE
09353,NO_VERIFIED_RAILWAY_LINE_REFERENCE
09362,NO_VERIFIED_RAILWAY_LINE_REFERENCE
09371,NO_VERIFIED_RAILWAY_LINE_REFERENCE
09380,NO_VERIFIED_RAILWAY_LINE_REFERENCE
09399,NO_VERIFIED_RAILWAY_LINE_REFERENCE
09405,NO_VERIFIED_RAILWAY_LINE_REFERENCE
09414,NO_VERIFIED_RAILWAY_LINE_REFERENCE
09423,NO_VERIFIED_RAILWAY_LINE_REFERENCE
09432,NO_VERIFIED_RAILWAY_LINE_REFERENCE
09441,NO_VERIFIED_RAILWAY_LINE_REFERENCE
09450,NO_VERIFIED_RAILWAY_LINE_REFERENCE
09469,NO_VERIFIED_RAILWAY_LINE_REFERENCE
09478,NO_VERIFIED_RAILWAY_LINE_REFERENCE
09487,NO_VERIFIED_RAILWAY_LINE_REFERENCE
09496,NO_VERIFIED_RAILWAY_LINE_REFERENCE
09502,NO_VERIFIED_RAILWAY_LINE_REFERENCE
09511,NO_VERIFIED_RAILWAY_LINE_REFERENCE
09520,NO_VERIFIED_RAILWAY_LINE_REFERENCE
09539,NO_VERIFIED_RAILWAY_LINE_REFERENCE
09548,NO_VERIFIED_RAILWAY_LINE_REFERENCE
09557,NO_VERIFIED_RAILWAY_LINE_REFERENCE
09566,NO_VERIFIED_RAILWAY_LINE_REFERENCE
09575,NO_VERIFIED_RAILWAY_LINE_REFERENCE
09584,NO_VERIFIED_RAILWAY_LINE_REFERENCE
09593,NO_VERIFIED_RAILWAY_LINE_REFERENCE
09609,NO_VERIFIED_RAILWAY_LINE_REFERENCE
09618,NO_VERIFIED_RAILWAY_LINE_REFERENCE
09627,NO_VERIFIED_RAILWAY_LINE_REFERENCE
09636,NO_VERIFIED_RAILWAY_LINE_REFERENCE
09645,NO_VERIFIED_RAILWAY_LINE_REFERENCE
09654,NO_VERIFIED_RAILWAY_LINE_REFERENCE
09663,NO_VERIFIED_RAILWAY_LINE_REFERENCE
09672,NO_VERIFIED_RAILWAY_LINE_REFERENCE
09681,NO_VERIFIED_RAILWAY_LINE_REFERENCE
09690,NO_VERIFIED_RAILWAY_LINE_REFERENCE
09706,NO_VERIFIED_RAILWAY_LINE_REFERENCE
09715,NO_VERIFIED_RAILWAY_LINE_REFERENCE
09724,NO_VERIFIED_RAILWAY_LINE_REFERENCE
09733,NO_VERIFIED_RAILWAY_LINE_REFERENCE
09742,NO_VERIFIED_RAILWAY_LINE_REFERENCE
09751,NO_VERIFIED_RAILWAY_LINE_REFERENCE
09760,NO_VERIFIED_RAILWAY_LINE_REFERENCE
09779,NO_VERIFIED_RAILWAY_LINE_REFERENCE
09788,NO_VERIFIED_RAILWAY_LINE_REFERENCE
09797,NO_VERIFIED_RAILWAY_LINE_REFERENCE
09803,NO_VERIFIED_RAILWAY_LINE_REFERENCE
09812,NO_VERIFIED_RAILWAY_LINE_REFERENCE
09821,NO_VERIFIED_RAILWAY_LINE_REFERENCE
09830,NO_VERIFIED_RAILWAY_LINE_REFERENCE
09849,NO_VERIFIED_RAILWAY_LINE_REFERENCE
09858,NO_VERIFIED_RAILWAY_LINE_REFERENCE
09867,NO_VERIFIED_RAILWAY_LINE_REFERENCE
09876,NO_VERIFIED_RAILWAY_LINE_REFERENCE
09885,NO_VERIFIED_RAILWAY_LINE_REFERENCE
09894,NO_VERIFIED_RAILWAY_LINE_REFERENCE
09900,NO_VERIFIED_RAILWAY_LINE_REFERENCE
09919,NO_VERIFIED_RAILWAY_LINE_REFERENCE
09928,NO_VERIFIED_RAILWAY_LINE_REFERENCE
09937,NO_VERIFIED_RAILWAY_LINE_REFERENCE
09946,NO_VERIFIED_RAILWAY_LINE_REFERENCE
09955,NO_VERIFIED_RAILWAY_LINE_REFERENCE
09964,NO_VERIFIED_RAILWAY_LINE_REFERENCE
09973,NO_VERIFIED_RAILWAY_LINE_REFERENCE
09982,NO_VERIFIED_RAILWAY_LINE_REFERENCE
09991,NO_VERIFIED_RAILWAY_LINE_REFERENCE
10001,NO_VERIFIED_RAILWAY_LINE_REFERENCE
10010,NO_VERIFIED_RAILWAY_LINE_REFERENCE
10029,NO_VERIFIED_RAILWAY_LINE_REFERENCE
10038,NO_VERIFIED_RAILWAY_LINE_REFERENCE
10047,NO_VERIFIED_RAILWAY_LINE_REFERENCE
10056,NO_VERIFIED_RAILWAY_LINE_REFERENCE
10065,NO_VERIFIED_RAILWAY_LINE_REFERENCE
10074,NO_VERIFIED_RAILWAY_LINE_REFERENCE
10083,NO_VERIFIED_RAILWAY_LINE_REFERENCE
10092,NO_VERIFIED_RAILWAY_LINE_REFERENCE
10108,NO_VERIFIED_RAILWAY_LINE_REFERENCE
10117,NO_VERIFIED_RAILWAY_LINE_REFERENCE
10126,NO_VERIFIED_RAILWAY_LINE_REFERENCE
10135,NO_VERIFIED_RAILWAY_LINE_REFERENCE
10144,NO_VERIFIED_RAILWAY_LINE_REFERENCE
10153,NO_VERIFIED_RAILWAY_LINE_REFERENCE
10162,NO_VERIFIED_RAILWAY_LINE_REFERENCE
10171,NO_VERIFIED_RAILWAY_LINE_REFERENCE
10180,NO_VERIFIED_RAILWAY_LINE_REFERENCE
10199,NO_VERIFIED_RAILWAY_LINE_REFERENCE
10205,NO_VERIFIED_RAILWAY_LINE_REFERENCE
10214,NO_VERIFIED_RAILWAY_LINE_REFERENCE
10223,NO_VERIFIED_RAILWAY_LINE_REFERENCE
10232,NO_VERIFIED_RAILWAY_LINE_REFERENCE
10241,NO_VERIFIED_RAILWAY_LINE_REFERENCE
10250,NO_VERIFIED_RAILWAY_LINE_REFERENCE
10269,NO_VERIFIED_RAILWAY_LINE_REFERENCE
10278,NO_VERIFIED_RAILWAY_LINE_REFERENCE
10287,NO_VERIFIED_RAILWAY_LINE_REFERENCE
10296,NO_VERIFIED_RAILWAY_LINE_REFERENCE
10302,NO_VERIFIED_RAILWAY_LINE_REFERENCE
10311,NO_VERIFIED_RAILWAY_LINE_REFERENCE
10320,NO_VERIFIED_RAILWAY_LINE_REFERENCE
10339,NO_VERIFIED_RAILWAY_LINE_REFERENCE
10348,NO_VERIFIED_RAILWAY_LINE_REFERENCE
10357,NO_VERIFIED_RAILWAY_LINE_REFERENCE
10366,NO_VERIFIED_RAILWAY_LINE_REFERENCE
10375,NO_VERIFIED_RAILWAY_LINE_REFERENCE
10384,NO_VERIFIED_RAILWAY_LINE_REFERENCE
10393,NO_VERIFIED_RAILWAY_LINE_REFERENCE
10409,NO_VERIFIED_RAILWAY_LINE_REFERENCE
10418,NO_VERIFIED_RAILWAY_LINE_REFERENCE
10427,NO_VERIFIED_RAILWAY_LINE_REFERENCE
10436,NO_VERIFIED_RAILWAY_LINE_REFERENCE
10445,NO_VERIFIED_RAILWAY_LINE_REFERENCE
10454,NO_VERIFIED_RAILWAY_LINE_REFERENCE
10463,NO_VERIFIED_RAILWAY_LINE_REFERENCE
10472,NO_VERIFIED_RAILWAY_LINE_REFERENCE
10481,NO_VERIFIED_RAILWAY_LINE_REFERENCE
10490,NO_VERIFIED_RAILWAY_LINE_REFERENCE
10506,NO_VERIFIED_RAILWAY_LINE_REFERENCE
10515,NO_VERIFIED_RAILWAY_LINE_REFERENCE
10524,NO_VERIFIED_RAILWAY_LINE_REFERENCE
10533,NO_VERIFIED_RAILWAY_LINE_REFERENCE
10542,NO_VERIFIED_RAILWAY_LINE_REFERENCE
10551,NO_VERIFIED_RAILWAY_LINE_REFERENCE
10560,NO_VERIFIED_RAILWAY_LINE_REFERENCE
10579,NO_VERIFIED_RAILWAY_LINE_REFERENCE
10588,NO_VERIFIED_RAILWAY_LINE_REFERENCE
10597,NO_VERIFIED_RAILWAY_LINE_REFERENCE
10603,NO_VERIFIED_RAILWAY_LINE_REFERENCE
10612,NO_VERIFIED_RAILWAY_LINE_REFERENCE
10621,NO_VERIFIED_RAILWAY_LINE_REFERENCE
10630,NO_VERIFIED_RAILWAY_LINE_REFERENCE
10649,NO_VERIFIED_RAILWAY_LINE_REFERENCE
10658,NO_VERIFIED_RAILWAY_LINE_REFERENCE
10667,NO_VERIFIED_RAILWAY_LINE_REFERENCE
10676,NO_VERIFIED_RAILWAY_LINE_REFERENCE
10685,NO_VERIFIED_RAILWAY_LINE_REFERENCE
10694,NO_VERIFIED_RAILWAY_LINE_REFERENCE
10700,NO_VERIFIED_RAILWAY_LINE_REFERENCE
10719,NO_VERIFIED_RAILWAY_LINE_REFERENCE
10728,NO_VERIFIED_RAILWAY_LINE_REFERENCE
10737,NO_VERIFIED_RAILWAY_LINE_REFERENCE
10746,NO_VERIFIED_RAILWAY_LINE_REFERENCE
10755,NO_VERIFIED_RAILWAY_LINE_REFERENCE
10764,NO_VERIFIED_RAILWAY_LINE_REFERENCE
10773,NO_VERIFIED_RAILWAY_LINE_REFERENCE
10782,NO_VERIFIED_RAILWAY_LINE_REFERENCE
10791,NO_VERIFIED_RAILWAY_LINE_REFERENCE
10807,NO_VERIFIED_RAILWAY_LINE_REFERENCE
10816,NO_VERIFIED_RAILWAY_LINE_REFERENCE
10825,NO_VERIFIED_RAILWAY_LINE_REFERENCE
10834,NO_VERIFIED_RAILWAY_LINE_REFERENCE
10843,NO_VERIFIED_RAILWAY_LINE_REFERENCE
10852,NO_VERIFIED_RAILWAY_LINE_REFERENCE
10861,NO_VERIFIED_RAILWAY_LINE_REFERENCE
10870,NO_VERIFIED_RAILWAY_LINE_REFERENCE
10889,NO_VERIFIED_RAILWAY_LINE_REFERENCE
10904,NO_VERIFIED_RAILWAY_LINE_REFERENCE
10913,NO_VERIFIED_RAILWAY_LINE_REFERENCE
10922,NO_VERIFIED_RAILWAY_LINE_REFERENCE
10931,NO_VERIFIED_RAILWAY_LINE_REFERENCE
10940,NO_VERIFIED_RAILWAY_LINE_REFERENCE
10959,NO_VERIFIED_RAILWAY_LINE_REFERENCE
10968,NO_VERIFIED_RAILWAY_LINE_REFERENCE
10977,NO_VERIFIED_RAILWAY_LINE_REFERENCE
10986,NO_VERIFIED_RAILWAY_LINE_REFERENCE
10995,NO_VERIFIED_RAILWAY_LINE_REFERENCE
11004,NO_VERIFIED_RAILWAY_LINE_REFERENCE
11013,NO_VERIFIED_RAILWAY_LINE_REFERENCE
11022,NO_VERIFIED_RAILWAY_LINE_REFERENCE
11031,NO_VERIFIED_RAILWAY_LINE_REFERENCE
11040,NO_VERIFIED_RAILWAY_LINE_REFERENCE
11059,NO_VERIFIED_RAILWAY_LINE_REFERENCE
11068,NO_VERIFIED_RAILWAY_LINE_REFERENCE
11086,NO_VERIFIED_RAILWAY_LINE_REFERENCE
11095,NO_VERIFIED_RAILWAY_LINE_REFERENCE
11101,NO_VERIFIED_RAILWAY_LINE_REFERENCE
11110,NO_VERIFIED_RAILWAY_LINE_REFERENCE
11129,NO_VERIFIED_RAILWAY_LINE_REFERENCE
11138,NO_VERIFIED_RAILWAY_LINE_REFERENCE
11147,NO_VERIFIED_RAILWAY_LINE_REFERENCE
11156,NO_VERIFIED_RAILWAY_LINE_REFERENCE
11165,NO_VERIFIED_RAILWAY_LINE_REFERENCE
11174,NO_VERIFIED_RAILWAY_LINE_REFERENCE
11183,NO_VERIFIED_RAILWAY_LINE_REFERENCE
11192,NO_VERIFIED_RAILWAY_LINE_REFERENCE
11208,NO_VERIFIED_RAILWAY_LINE_REFERENCE
11217,NO_VERIFIED_RAILWAY_LINE_REFERENCE
11226,NO_VERIFIED_RAILWAY_LINE_REFERENCE
11235,NO_VERIFIED_RAILWAY_LINE_REFERENCE
11244,NO_VERIFIED_RAILWAY_LINE_REFERENCE
11253,NO_VERIFIED_RAILWAY_LINE_REFERENCE
11262,NO_VERIFIED_RAILWAY_LINE_REFERENCE
11271,NO_VERIFIED_RAILWAY_LINE_REFERENCE
11280,NO_VERIFIED_RAILWAY_LINE_REFERENCE
11299,NO_VERIFIED_RAILWAY_LINE_REFERENCE
11305,NO_VERIFIED_RAILWAY_LINE_REFERENCE
11314,NO_VERIFIED_RAILWAY_LINE_REFERENCE
11323,NO_VERIFIED_RAILWAY_LINE_REFERENCE
11332,NO_VERIFIED_RAILWAY_LINE_REFERENCE
11341,NO_VERIFIED_RAILWAY_LINE_REFERENCE
11350,NO_VERIFIED_RAILWAY_LINE_REFERENCE
11369,NO_VERIFIED_RAILWAY_LINE_REFERENCE
11378,NO_VERIFIED_RAILWAY_LINE_REFERENCE
11387,NO_VERIFIED_RAILWAY_LINE_REFERENCE
11396,NO_VERIFIED_RAILWAY_LINE_REFERENCE
11402,NO_VERIFIED_RAILWAY_LINE_REFERENCE
11411,NO_VERIFIED_RAILWAY_LINE_REFERENCE
11420,NO_VERIFIED_RAILWAY_LINE_REFERENCE
11439,NO_VERIFIED_RAILWAY_LINE_REFERENCE
11448,NO_VERIFIED_RAILWAY_LINE_REFERENCE
11457,NO_VERIFIED_RAILWAY_LINE_REFERENCE
11466,NO_VERIFIED_RAILWAY_LINE_REFERENCE
11475,NO_VERIFIED_RAILWAY_LINE_REFERENCE
11484,NO_VERIFIED_RAILWAY_LINE_REFERENCE
11493,NO_VERIFIED_RAILWAY_LINE_REFERENCE
11509,NO_VERIFIED_RAILWAY_LINE_REFERENCE
11518,NO_VERIFIED_RAILWAY_LINE_REFERENCE
11527,NO_VERIFIED_RAILWAY_LINE_REFERENCE
11536,NO_VERIFIED_RAILWAY_LINE_REFERENCE
11545,NO_VERIFIED_RAILWAY_LINE_REFERENCE
11554,NO_VERIFIED_RAILWAY_LINE_REFERENCE
11563,NO_VERIFIED_RAILWAY_LINE_REFERENCE
11572,NO_VERIFIED_RAILWAY_LINE_REFERENCE
11581,NO_VERIFIED_RAILWAY_LINE_REFERENCE
11590,NO_VERIFIED_RAILWAY_LINE_REFERENCE
11606,NO_VERIFIED_RAILWAY_LINE_REFERENCE
11615,NO_VERIFIED_RAILWAY_LINE_REFERENCE
11624,NO_VERIFIED_RAILWAY_LINE_REFERENCE
11633,NO_VERIFIED_RAILWAY_LINE_REFERENCE
11642,NO_VERIFIED_RAILWAY_LINE_REFERENCE
11651,NO_VERIFIED_RAILWAY_LINE_REFERENCE
11660,NO_VERIFIED_RAILWAY_LINE_REFERENCE
11679,NO_VERIFIED_RAILWAY_LINE_REFERENCE
11688,NO_VERIFIED_RAILWAY_LINE_REFERENCE
11697,NO_VERIFIED_RAILWAY_LINE_REFERENCE
11703,NO_VERIFIED_RAILWAY_LINE_REFERENCE
11712,NO_VERIFIED_RAILWAY_LINE_REFERENCE
11730,NO_VERIFIED_RAILWAY_LINE_REFERENCE
11749,NO_VERIFIED_RAILWAY_LINE_REFERENCE
11758,NO_VERIFIED_RAILWAY_LINE_REFERENCE
11767,NO_VERIFIED_RAILWAY_LINE_REFERENCE
11776,NO_VERIFIED_RAILWAY_LINE_REFERENCE
11785,NO_VERIFIED_RAILWAY_LINE_REFERENCE
11794,NO_VERIFIED_RAILWAY_LINE_REFERENCE
11800,NO_VERIFIED_RAILWAY_LINE_REFERENCE
11819,NO_VERIFIED_RAILWAY_LINE_REFERENCE
11828,NO_VERIFIED_RAILWAY_LINE_REFERENCE
11837,NO_VERIFIED_RAILWAY_LINE_REFERENCE
11846,NO_VERIFIED_RAILWAY_LINE_REFERENCE
11855,NO_VERIFIED_RAILWAY_LINE_REFERENCE
11864,NO_VERIFIED_RAILWAY_LINE_REFERENCE
11873,NO_VERIFIED_RAILWAY_LINE_REFERENCE
11882,NO_VERIFIED_RAILWAY_LINE_REFERENCE
11891,NO_VERIFIED_RAILWAY_LINE_REFERENCE
11907,NO_VERIFIED_RAILWAY_LINE_REFERENCE
11916,NO_VERIFIED_RAILWAY_LINE_REFERENCE
11925,NO_VERIFIED_RAILWAY_LINE_REFERENCE
11934,NO_VERIFIED_RAILWAY_LINE_REFERENCE
11943,NO_VERIFIED_RAILWAY_LINE_REFERENCE
11952,NO_VERIFIED_RAILWAY_LINE_REFERENCE
11961,NO_VERIFIED_RAILWAY_LINE_REFERENCE
11970,NO_VERIFIED_RAILWAY_LINE_REFERENCE
11989,NO_VERIFIED_RAILWAY_LINE_REFERENCE
11998,NO_VERIFIED_RAILWAY_LINE_REFERENCE
12007,NO_VERIFIED_RAILWAY_LINE_REFERENCE
12016,NO_VERIFIED_RAILWAY_LINE_REFERENCE
12025,NO_VERIFIED_RAILWAY_LINE_REFERENCE
12034,NO_VERIFIED_RAILWAY_LINE_REFERENCE
12043,NO_VERIFIED_RAILWAY_LINE_REFERENCE
12052,NO_VERIFIED_RAILWAY_LINE_REFERENCE
12061,NO_VERIFIED_RAILWAY_LINE_REFERENCE
12070,NO_VERIFIED_RAILWAY_LINE_REFERENCE
12089,NO_VERIFIED_RAILWAY_LINE_REFERENCE
12098,NO_VERIFIED_RAILWAY_LINE_REFERENCE
12104,NO_VERIFIED_RAILWAY_LINE_REFERENCE
12113,NO_VERIFIED_RAILWAY_LINE_REFERENCE
12122,NO_VERIFIED_RAILWAY_LINE_REFERENCE
12131,NO_VERIFIED_RAILWAY_LINE_REFERENCE
12140,NO_VERIFIED_RAILWAY_LINE_REFERENCE
12159,NO_VERIFIED_RAILWAY_LINE_REFERENCE
12168,NO_VERIFIED_RAILWAY_LINE_REFERENCE
12177,NO_VERIFIED_RAILWAY_LINE_REFERENCE
12186,NO_VERIFIED_RAILWAY_LINE_REFERENCE
12195,NO_VERIFIED_RAILWAY_LINE_REFERENCE
12201,NO_VERIFIED_RAILWAY_LINE_REFERENCE
12210,NO_VERIFIED_RAILWAY_LINE_REFERENCE
12229,NO_VERIFIED_RAILWAY_LINE_REFERENCE
12238,NO_VERIFIED_RAILWAY_LINE_REFERENCE
12247,NO_VERIFIED_RAILWAY_LINE_REFERENCE
12256,NO_VERIFIED_RAILWAY_LINE_REFERENCE
12265,NO_VERIFIED_RAILWAY_LINE_REFERENCE
12274,NO_VERIFIED_RAILWAY_LINE_REFERENCE
12283,NO_VERIFIED_RAILWAY_LINE_REFERENCE
12292,NO_VERIFIED_RAILWAY_LINE_REFERENCE
12308,NO_VERIFIED_RAILWAY_LINE_REFERENCE
12317,NO_VERIFIED_RAILWAY_LINE_REFERENCE
12326,NO_VERIFIED_RAILWAY_LINE_REFERENCE
12335,NO_VERIFIED_RAILWAY_LINE_REFERENCE
12344,NO_VERIFIED_RAILWAY_LINE_REFERENCE
12353,NO_VERIFIED_RAILWAY_LINE_REFERENCE
12362,NO_VERIFIED_RAILWAY_LINE_REFERENCE
12371,NO_VERIFIED_RAILWAY_LINE_REFERENCE
12380,NO_VERIFIED_RAILWAY_LINE_REFERENCE
12399,NO_VERIFIED_RAILWAY_LINE_REFERENCE
12405,NO_VERIFIED_RAILWAY_LINE_REFERENCE
12414,NO_VERIFIED_RAILWAY_LINE_REFERENCE
12423,NO_VERIFIED_RAILWAY_LINE_REFERENCE
12432,NO_VERIFIED_RAILWAY_LINE_REFERENCE
12441,NO_VERIFIED_RAILWAY_LINE_REFERENCE
12450,NO_VERIFIED_RAILWAY_LINE_REFERENCE
12469,NO_VERIFIED_RAILWAY_LINE_REFERENCE
12478,NO_VERIFIED_RAILWAY_LINE_REFERENCE
12487,NO_VERIFIED_RAILWAY_LINE_REFERENCE
12496,NO_VERIFIED_RAILWAY_LINE_REFERENCE
12502,NO_VERIFIED_RAILWAY_LINE_REFERENCE
12511,NO_VERIFIED_RAILWAY_LINE_REFERENCE
12520,NO_VERIFIED_RAILWAY_LINE_REFERENCE
12539,NO_VERIFIED_RAILWAY_LINE_REFERENCE
12548,NO_VERIFIED_RAILWAY_LINE_REFERENCE
12557,NO_VERIFIED_RAILWAY_LINE_REFERENCE
12566,NO_VERIFIED_RAILWAY_LINE_REFERENCE
12575,NO_VERIFIED_RAILWAY_LINE_REFERENCE
12593,NO_VERIFIED_RAILWAY_LINE_REFERENCE
12609,NO_VERIFIED_RAILWAY_LINE_REFERENCE
12618,NO_VERIFIED_RAILWAY_LINE_REFERENCE
12627,NO_VERIFIED_RAILWAY_LINE_REFERENCE
12636,NO_VERIFIED_RAILWAY_LINE_REFERENCE
12645,NO_VERIFIED_RAILWAY_LINE_REFERENCE
12654,NO_VERIFIED_RAILWAY_LINE_REFERENCE
12663,NO_VERIFIED_RAILWAY_LINE_REFERENCE
12672,NO_VERIFIED_RAILWAY_LINE_REFERENCE
12681,NO_VERIFIED_RAILWAY_LINE_REFERENCE
12690,NO_VERIFIED_RAILWAY_LINE_REFERENCE
12706,NO_VERIFIED_RAILWAY_LINE_REFERENCE
12715,NO_VERIFIED_RAILWAY_LINE_REFERENCE
12724,NO_VERIFIED_RAILWAY_LINE_REFERENCE
12733,NO_VERIFIED_RAILWAY_LINE_REFERENCE
12742,NO_VERIFIED_RAILWAY_LINE_REFERENCE
12751,NO_VERIFIED_RAILWAY_LINE_REFERENCE
12760,NO_VERIFIED_RAILWAY_LINE_REFERENCE
12779,NO_VERIFIED_RAILWAY_LINE_REFERENCE
12788,NO_VERIFIED_RAILWAY_LINE_REFERENCE
12797,NO_VERIFIED_RAILWAY_LINE_REFERENCE
12803,NO_VERIFIED_RAILWAY_LINE_REFERENCE
12812,NO_VERIFIED_RAILWAY_LINE_REFERENCE
12821,NO_VERIFIED_RAILWAY_LINE_REFERENCE
12830,NO_VERIFIED_RAILWAY_LINE_REFERENCE
12849,NO_VERIFIED_RAILWAY_LINE_REFERENCE
12858,NO_VERIFIED_RAILWAY_LINE_REFERENCE
12867,NO_VERIFIED_RAILWAY_LINE_REFERENCE
12876,NO_VERIFIED_RAILWAY_LINE_REFERENCE
12885,NO_VERIFIED_RAILWAY_LINE_REFERENCE
12894,NO_VERIFIED_RAILWAY_LINE_REFERENCE
12900,NO_VERIFIED_RAILWAY_LINE_REFERENCE
12919,NO_VERIFIED_RAILWAY_LINE_REFERENCE
12928,NO_VERIFIED_RAILWAY_LINE_REFERENCE
12937,NO_VERIFIED_RAILWAY_LINE_REFERENCE
12946,NO_VERIFIED_RAILWAY_LINE_REFERENCE
12955,NO_VERIFIED_RAILWAY_LINE_REFERENCE
12964,NO_VERIFIED_RAILWAY_LINE_REFERENCE
12973,NO_VERIFIED_RAILWAY_LINE_REFERENCE
12982,NO_VERIFIED_RAILWAY_LINE_REFERENCE
12991,NO_VERIFIED_RAILWAY_LINE_REFERENCE
13000,NO_VERIFIED_RAILWAY_LINE_REFERENCE
13019,NO_VERIFIED_RAILWAY_LINE_REFERENCE
13028,NO_VERIFIED_RAILWAY_LINE_REFERENCE
13037,NO_VERIFIED_RAILWAY_LINE_REFERENCE
13046,NO_VERIFIED_RAILWAY_LINE_REFERENCE
13055,NO_VERIFIED_RAILWAY_LINE_REFERENCE
13064,NO_VERIFIED_RAILWAY_LINE_REFERENCE
13082,NO_VERIFIED_RAILWAY_LINE_REFERENCE
13091,NO_VERIFIED_RAILWAY_LINE_REFERENCE
13116,NO_VERIFIED_RAILWAY_LINE_REFERENCE
13125,NO_VERIFIED_RAILWAY_LINE_REFERENCE
13134,NO_VERIFIED_RAILWAY_LINE_REFERENCE
13143,NO_VERIFIED_RAILWAY_LINE_REFERENCE
13152,NO_VERIFIED_RAILWAY_LINE_REFERENCE
13161,NO_VERIFIED_RAILWAY_LINE_REFERENCE
13170,NO_VERIFIED_RAILWAY_LINE_REFERENCE
13189,NO_VERIFIED_RAILWAY_LINE_REFERENCE
13198,NO_VERIFIED_RAILWAY_LINE_REFERENCE
13204,NO_VERIFIED_RAILWAY_LINE_REFERENCE
13213,NO_VERIFIED_RAILWAY_LINE_REFERENCE
13222,NO_VERIFIED_RAILWAY_LINE_REFERENCE
13231,NO_VERIFIED_RAILWAY_LINE_REFERENCE
13240,NO_VERIFIED_RAILWAY_LINE_REFERENCE
13259,NO_VERIFIED_RAILWAY_LINE_REFERENCE
13268,NO_VERIFIED_RAILWAY_LINE_REFERENCE
13277,NO_VERIFIED_RAILWAY_LINE_REFERENCE
13286,NO_VERIFIED_RAILWAY_LINE_REFERENCE
13295,NO_VERIFIED_RAILWAY_LINE_REFERENCE
13301,NO_VERIFIED_RAILWAY_LINE_REFERENCE
13310,NO_VERIFIED_RAILWAY_LINE_REFERENCE
13329,NO_VERIFIED_RAILWAY_LINE_REFERENCE
13338,NO_VERIFIED_RAILWAY_LINE_REFERENCE
13347,NO_VERIFIED_RAILWAY_LINE_REFERENCE
13356,NO_VERIFIED_RAILWAY_LINE_REFERENCE
13365,NO_VERIFIED_RAILWAY_LINE_REFERENCE
13374,NO_VERIFIED_RAILWAY_LINE_REFERENCE
13383,NO_VERIFIED_RAILWAY_LINE_REFERENCE
13392,NO_VERIFIED_RAILWAY_LINE_REFERENCE
13408,NO_VERIFIED_RAILWAY_LINE_REFERENCE
13426,NO_VERIFIED_RAILWAY_LINE_REFERENCE
13435,NO_VERIFIED_RAILWAY_LINE_REFERENCE
13444,NO_VERIFIED_RAILWAY_LINE_REFERENCE
13453,NO_VERIFIED_RAILWAY_LINE_REFERENCE
13462,NO_VERIFIED_RAILWAY_LINE_REFERENCE
13471,NO_VERIFIED_RAILWAY_LINE_REFERENCE
13480,NO_VERIFIED_RAILWAY_LINE_REFERENCE
13499,NO_VERIFIED_RAILWAY_LINE_REFERENCE
13505,NO_VERIFIED_RAILWAY_LINE_REFERENCE
13514,NO_VERIFIED_RAILWAY_LINE_REFERENCE
13523,NO_VERIFIED_RAILWAY_LINE_REFERENCE
13532,NO_VERIFIED_RAILWAY_LINE_REFERENCE
13541,NO_VERIFIED_RAILWAY_LINE_REFERENCE
13550,NO_VERIFIED_RAILWAY_LINE_REFERENCE
13569,NO_VERIFIED_RAILWAY_LINE_REFERENCE
13578,NO_VERIFIED_RAILWAY_LINE_REFERENCE
13587,NO_VERIFIED_RAILWAY_LINE_REFERENCE
13596,NO_VERIFIED_RAILWAY_LINE_REFERENCE
13602,NO_VERIFIED_RAILWAY_LINE_REFERENCE
13611,NO_VERIFIED_RAILWAY_LINE_REFERENCE
13620,NO_VERIFIED_RAILWAY_LINE_REFERENCE
13639,NO_VERIFIED_RAILWAY_LINE_REFERENCE
13648,NO_VERIFIED_RAILWAY_LINE_REFERENCE
13657,NO_VERIFIED_RAILWAY_LINE_REFERENCE
13666,NO_VERIFIED_RAILWAY_LINE_REFERENCE
13675,NO_VERIFIED_RAILWAY_LINE_REFERENCE
13684,NO_VERIFIED_RAILWAY_LINE_REFERENCE
13693,NO_VERIFIED_RAILWAY_LINE_REFERENCE
13709,NO_VERIFIED_RAILWAY_LINE_REFERENCE
13718,NO_VERIFIED_RAILWAY_LINE_REFERENCE
13727,NO_VERIFIED_RAILWAY_LINE_REFERENCE
13736,NO_VERIFIED_RAILWAY_LINE_REFERENCE
13745,NO_VERIFIED_RAILWAY_LINE_REFERENCE
13754,NO_VERIFIED_RAILWAY_LINE_REFERENCE
13763,NO_VERIFIED_RAILWAY_LINE_REFERENCE
13772,NO_VERIFIED_RAILWAY_LINE_REFERENCE
13781,NO_VERIFIED_RAILWAY_LINE_REFERENCE
13790,NO_VERIFIED_RAILWAY_LINE_REFERENCE
13806,NO_VERIFIED_RAILWAY_LINE_REFERENCE
13815,NO_VERIFIED_RAILWAY_LINE_REFERENCE
13824,NO_VERIFIED_RAILWAY_LINE_REFERENCE
13833,NO_VERIFIED_RAILWAY_LINE_REFERENCE
13842,NO_VERIFIED_RAILWAY_LINE_REFERENCE
13851,NO_VERIFIED_RAILWAY_LINE_REFERENCE
13860,NO_VERIFIED_RAILWAY_LINE_REFERENCE
13879,NO_VERIFIED_RAILWAY_LINE_REFERENCE
13888,NO_VERIFIED_RAILWAY_LINE_REFERENCE
13897,NO_VERIFIED_RAILWAY_LINE_REFERENCE
13903,NO_VERIFIED_RAILWAY_LINE_REFERENCE
13912,NO_VERIFIED_RAILWAY_LINE_REFERENCE
13921,NO_VERIFIED_RAILWAY_LINE_REFERENCE
13930,NO_VERIFIED_RAILWAY_LINE_REFERENCE
13949,NO_VERIFIED_RAILWAY_LINE_REFERENCE
13958,NO_VERIFIED_RAILWAY_LINE_REFERENCE
13976,NO_VERIFIED_RAILWAY_LINE_REFERENCE
13985,NO_VERIFIED_RAILWAY_LINE_REFERENCE
13994,NO_VERIFIED_RAILWAY_LINE_REFERENCE
14003,NO_VERIFIED_RAILWAY_LINE_REFERENCE
14012,NO_VERIFIED_RAILWAY_LINE_REFERENCE
14021,NO_VERIFIED_RAILWAY_LINE_REFERENCE
14030,NO_VERIFIED_RAILWAY_LINE_REFERENCE
14058,NO_VERIFIED_RAILWAY_LINE_REFERENCE
14067,NO_VERIFIED_RAILWAY_LINE_REFERENCE
14076,NO_VERIFIED_RAILWAY_LINE_REFERENCE
14085,NO_VERIFIED_RAILWAY_LINE_REFERENCE
14094,NO_VERIFIED_RAILWAY_LINE_REFERENCE
14100,NO_VERIFIED_RAILWAY_LINE_REFERENCE
14119,NO_VERIFIED_RAILWAY_LINE_REFERENCE
14128,NO_VERIFIED_RAILWAY_LINE_REFERENCE
14137,NO_VERIFIED_RAILWAY_LINE_REFERENCE
14146,NO_VERIFIED_RAILWAY_LINE_REFERENCE
14155,NO_VERIFIED_RAILWAY_LINE_REFERENCE
14164,NO_VERIFIED_RAILWAY_LINE_REFERENCE
14173,NO_VERIFIED_RAILWAY_LINE_REFERENCE
14182,NO_VERIFIED_RAILWAY_LINE_REFERENCE
14191,NO_VERIFIED_RAILWAY_LINE_REFERENCE
14207,NO_VERIFIED_RAILWAY_LINE_REFERENCE
14216,NO_VERIFIED_RAILWAY_LINE_REFERENCE
14225,NO_VERIFIED_RAILWAY_LINE_REFERENCE
14234,NO_VERIFIED_RAILWAY_LINE_REFERENCE
14243,NO_VERIFIED_RAILWAY_LINE_REFERENCE
14252,NO_VERIFIED_RAILWAY_LINE_REFERENCE
14261,NO_VERIFIED_RAILWAY_LINE_REFERENCE
14270,NO_VERIFIED_RAILWAY_LINE_REFERENCE
14289,NO_VERIFIED_RAILWAY_LINE_REFERENCE
14298,NO_VERIFIED_RAILWAY_LINE_REFERENCE
14304,NO_VERIFIED_RAILWAY_LINE_REFERENCE
14313,NO_VERIFIED_RAILWAY_LINE_REFERENCE
14322,NO_VERIFIED_RAILWAY_LINE_REFERENCE
14331,NO_VERIFIED_RAILWAY_LINE_REFERENCE
14340,NO_VERIFIED_RAILWAY_LINE_REFERENCE
14359,NO_VERIFIED_RAILWAY_LINE_REFERENCE
14368,NO_VERIFIED_RAILWAY_LINE_REFERENCE
14377,NO_VERIFIED_RAILWAY_LINE_REFERENCE
14386,NO_VERIFIED_RAILWAY_LINE_REFERENCE
14395,NO_VERIFIED_RAILWAY_LINE_REFERENCE
14401,NO_VERIFIED_RAILWAY_LINE_REFERENCE
14410,NO_VERIFIED_RAILWAY_LINE_REFERENCE
14429,NO_VERIFIED_RAILWAY_LINE_REFERENCE
14438,NO_VERIFIED_RAILWAY_LINE_REFERENCE
14447,NO_VERIFIED_RAILWAY_LINE_REFERENCE
14456,NO_VERIFIED_RAILWAY_LINE_REFERENCE
14465,NO_VERIFIED_RAILWAY_LINE_REFERENCE
14474,NO_VERIFIED_RAILWAY_LINE_REFERENCE
14483,NO_VERIFIED_RAILWAY_LINE_REFERENCE
14492,NO_VERIFIED_RAILWAY_LINE_REFERENCE
14508,NO_VERIFIED_RAILWAY_LINE_REFERENCE
14517,NO_VERIFIED_RAILWAY_LINE_REFERENCE
14526,NO_VERIFIED_RAILWAY_LINE_REFERENCE
14535,NO_VERIFIED_RAILWAY_LINE_REFERENCE
14544,NO_VERIFIED_RAILWAY_LINE_REFERENCE
14553,NO_VERIFIED_RAILWAY_LINE_REFERENCE
14562,NO_VERIFIED_RAILWAY_LINE_REFERENCE
14571,NO_VERIFIED_RAILWAY_LINE_REFERENCE
14580,NO_VERIFIED_RAILWAY_LINE_REFERENCE
14599,NO_VERIFIED_RAILWAY_LINE_REFERENCE
14605,NO_VERIFIED_RAILWAY_LINE_REFERENCE
14614,NO_VERIFIED_RAILWAY_LINE_REFERENCE
14623,NO_VERIFIED_RAILWAY_LINE_REFERENCE
14632,NO_VERIFIED_RAILWAY_LINE_REFERENCE
14641,NO_VERIFIED_RAILWAY_LINE_REFERENCE
14650,NO_VERIFIED_RAILWAY_LINE_REFERENCE
14669,NO_VERIFIED_RAILWAY_LINE_REFERENCE
14678,NO_VERIFIED_RAILWAY_LINE_REFERENCE
14687,NO_VERIFIED_RAILWAY_LINE_REFERENCE
14696,NO_VERIFIED_RAILWAY_LINE_REFERENCE
14702,NO_VERIFIED_RAILWAY_LINE_REFERENCE
14711,NO_VERIFIED_RAILWAY_LINE_REFERENCE
14720,NO_VERIFIED_RAILWAY_LINE_REFERENCE
14739,NO_VERIFIED_RAILWAY_LINE_REFERENCE
14748,NO_VERIFIED_RAILWAY_LINE_REFERENCE
14757,NO_VERIFIED_RAILWAY_LINE_REFERENCE
14766,NO_VERIFIED_RAILWAY_LINE_REFERENCE
14775,NO_VERIFIED_RAILWAY_LINE_REFERENCE
14784,NO_VERIFIED_RAILWAY_LINE_REFERENCE
14793,NO_VERIFIED_RAILWAY_LINE_REFERENCE
14809,NO_VERIFIED_RAILWAY_LINE_REFERENCE
14818,NO_VERIFIED_RAILWAY_LINE_REFERENCE
14827,NO_VERIFIED_RAILWAY_LINE_REFERENCE
14836,NO_VERIFIED_RAILWAY_LINE_REFERENCE
14845,NO_VERIFIED_RAILWAY_LINE_REFERENCE
14854,NO_VERIFIED_RAILWAY_LINE_REFERENCE
14863,NO_VERIFIED_RAILWAY_LINE_REFERENCE
14872,NO_VERIFIED_RAILWAY_LINE_REFERENCE
14881,NO_VERIFIED_RAILWAY_LINE_REFERENCE
14890,NO_VERIFIED_RAILWAY_LINE_REFERENCE
14906,NO_VERIFIED_RAILWAY_LINE_REFERENCE
14915,NO_VERIFIED_RAILWAY_LINE_REFERENCE
14924,NO_VERIFIED_RAILWAY_LINE_REFERENCE
14933,NO_VERIFIED_RAILWAY_LINE_REFERENCE
14942,NO_VERIFIED_RAILWAY_LINE_REFERENCE
14951,NO_VERIFIED_RAILWAY_LINE_REFERENCE
14960,NO_VERIFIED_RAILWAY_LINE_REFERENCE
14979,NO_VERIFIED_RAILWAY_LINE_REFERENCE
14988,NO_VERIFIED_RAILWAY_LINE_REFERENCE
14997,NO_VERIFIED_RAILWAY_LINE_REFERENCE
15006,NO_VERIFIED_RAILWAY_LINE_REFERENCE
15015,NO_VERIFIED_RAILWAY_LINE_REFERENCE
15024,NO_VERIFIED_RAILWAY_LINE_REFERENCE
15033,NO_VERIFIED_RAILWAY_LINE_REFERENCE
15042,NO_VERIFIED_RAILWAY_LINE_REFERENCE
15051,NO_VERIFIED_RAILWAY_LINE_REFERENCE
15060,NO_VERIFIED_RAILWAY_LINE_REFERENCE
15079,NO_VERIFIED_RAILWAY_LINE_REFERENCE
15088,NO_VERIFIED_RAILWAY_LINE_REFERENCE
15097,NO_VERIFIED_RAILWAY_LINE_REFERENCE
15103,NO_VERIFIED_RAILWAY_LINE_REFERENCE
15112,NO_VERIFIED_RAILWAY_LINE_REFERENCE
15121,NO_VERIFIED_RAILWAY_LINE_REFERENCE
15130,NO_VERIFIED_RAILWAY_LINE_REFERENCE
15149,NO_VERIFIED_RAILWAY_LINE_REFERENCE
15158,NO_VERIFIED_RAILWAY_LINE_REFERENCE
15167,NO_VERIFIED_RAILWAY_LINE_REFERENCE
15176,NO_VERIFIED_RAILWAY_LINE_REFERENCE
15185,NO_VERIFIED_RAILWAY_LINE_REFERENCE
15194,NO_VERIFIED_RAILWAY_LINE_REFERENCE
15200,NO_VERIFIED_RAILWAY_LINE_REFERENCE
15219,NO_VERIFIED_RAILWAY_LINE_REFERENCE
15228,NO_VERIFIED_RAILWAY_LINE_REFERENCE
15237,NO_VERIFIED_RAILWAY_LINE_REFERENCE
15246,NO_VERIFIED_RAILWAY_LINE_REFERENCE
15255,NO_VERIFIED_RAILWAY_LINE_REFERENCE
15264,NO_VERIFIED_RAILWAY_LINE_REFERENCE
15273,NO_VERIFIED_RAILWAY_LINE_REFERENCE
15282,NO_VERIFIED_RAILWAY_LINE_REFERENCE
15291,NO_VERIFIED_RAILWAY_LINE_REFERENCE
15307,NO_VERIFIED_RAILWAY_LINE_REFERENCE
15316,NO_VERIFIED_RAILWAY_LINE_REFERENCE
15325,NO_VERIFIED_RAILWAY_LINE_REFERENCE
15334,NO_VERIFIED_RAILWAY_LINE_REFERENCE
15343,NO_VERIFIED_RAILWAY_LINE_REFERENCE
15352,NO_VERIFIED_RAILWAY_LINE_REFERENCE
15361,NO_VERIFIED_RAILWAY_LINE_REFERENCE
15370,NO_VERIFIED_RAILWAY_LINE_REFERENCE
15389,NO_VERIFIED_RAILWAY_LINE_REFERENCE
15398,NO_VERIFIED_RAILWAY_LINE_REFERENCE
15404,NO_VERIFIED_RAILWAY_LINE_REFERENCE
15413,NO_VERIFIED_RAILWAY_LINE_REFERENCE
15422,NO_VERIFIED_RAILWAY_LINE_REFERENCE
15431,NO_VERIFIED_RAILWAY_LINE_REFERENCE
15440,NO_VERIFIED_RAILWAY_LINE_REFERENCE
15459,NO_VERIFIED_RAILWAY_LINE_REFERENCE
15468,NO_VERIFIED_RAILWAY_LINE_REFERENCE
15477,NO_VERIFIED_RAILWAY_LINE_REFERENCE
15486,NO_VERIFIED_RAILWAY_LINE_REFERENCE
15495,NO_VERIFIED_RAILWAY_LINE_REFERENCE
15501,NO_VERIFIED_RAILWAY_LINE_REFERENCE
15510,NO_VERIFIED_RAILWAY_LINE_REFERENCE
15529,NO_VERIFIED_RAILWAY_LINE_REFERENCE
15538,NO_VERIFIED_RAILWAY_LINE_REFERENCE
15547,NO_VERIFIED_RAILWAY_LINE_REFERENCE
15556,NO_VERIFIED_RAILWAY_LINE_REFERENCE
15565,NO_VERIFIED_RAILWAY_LINE_REFERENCE
15574,NO_VERIFIED_RAILWAY_LINE_REFERENCE
15583,NO_VERIFIED_RAILWAY_LINE_REFERENCE
15592,NO_VERIFIED_RAILWAY_LINE_REFERENCE
15608,NO_VERIFIED_RAILWAY_LINE_REFERENCE
15617,NO_VERIFIED_RAILWAY_LINE_REFERENCE
15626,NO_VERIFIED_RAILWAY_LINE_REFERENCE
15635,NO_VERIFIED_RAILWAY_LINE_REFERENCE
15644,NO_VERIFIED_RAILWAY_LINE_REFERENCE
15653,NO_VERIFIED_RAILWAY_LINE_REFERENCE
15662,NO_VERIFIED_RAILWAY_LINE_REFERENCE
15671,NO_VERIFIED_RAILWAY_LINE_REFERENCE
15680,NO_VERIFIED_RAILWAY_LINE_REFERENCE
15699,NO_VERIFIED_RAILWAY_LINE_REFERENCE
15705,NO_VERIFIED_RAILWAY_LINE_REFERENCE
15714,NO_VERIFIED_RAILWAY_LINE_REFERENCE
15723,NO_VERIFIED_RAILWAY_LINE_REFERENCE
15732,NO_VERIFIED_RAILWAY_LINE_REFERENCE
15741,NO_VERIFIED_RAILWAY_LINE_REFERENCE
15750,NO_VERIFIED_RAILWAY_LINE_REFERENCE
15769,NO_VERIFIED_RAILWAY_LINE_REFERENCE
15778,NO_VERIFIED_RAILWAY_LINE_REFERENCE
15787,NO_VERIFIED_RAILWAY_LINE_REFERENCE
15796,NO_VERIFIED_RAILWAY_LINE_REFERENCE
15802,NO_VERIFIED_RAILWAY_LINE_REFERENCE
15811,NO_VERIFIED_RAILWAY_LINE_REFERENCE
15820,NO_VERIFIED_RAILWAY_LINE_REFERENCE
15839,NO_VERIFIED_RAILWAY_LINE_REFERENCE
15848,NO_VERIFIED_RAILWAY_LINE_REFERENCE
15857,NO_VERIFIED_RAILWAY_LINE_REFERENCE
15866,NO_VERIFIED_RAILWAY_LINE_REFERENCE
15875,NO_VERIFIED_RAILWAY_LINE_REFERENCE
15884,NO_VERIFIED_RAILWAY_LINE_REFERENCE
15893,NO_VERIFIED_RAILWAY_LINE_REFERENCE
15909,NO_VERIFIED_RAILWAY_LINE_REFERENCE
15918,NO_VERIFIED_RAILWAY_LINE_REFERENCE
15927,NO_VERIFIED_RAILWAY_LINE_REFERENCE
15936,NO_VERIFIED_RAILWAY_LINE_REFERENCE
15945,NO_VERIFIED_RAILWAY_LINE_REFERENCE
15954,NO_VERIFIED_RAILWAY_LINE_REFERENCE
15963,NO_VERIFIED_RAILWAY_LINE_REFERENCE
15972,NO_VERIFIED_RAILWAY_LINE_REFERENCE
15981,NO_VERIFIED_RAILWAY_LINE_REFERENCE
15990,NO_VERIFIED_RAILWAY_LINE_REFERENCE
16009,NO_VERIFIED_RAILWAY_LINE_REFERENCE
16018,NO_VERIFIED_RAILWAY_LINE_REFERENCE
16027,NO_VERIFIED_RAILWAY_LINE_REFERENCE
16036,NO_VERIFIED_RAILWAY_LINE_REFERENCE
16045,NO_VERIFIED_RAILWAY_LINE_REFERENCE
16054,NO_VERIFIED_RAILWAY_LINE_REFERENCE
16063,NO_VERIFIED_RAILWAY_LINE_REFERENCE
16072,NO_VERIFIED_RAILWAY_LINE_REFERENCE
16081,NO_VERIFIED_RAILWAY_LINE_REFERENCE
16090,NO_VERIFIED_RAILWAY_LINE_REFERENCE
16106,NO_VERIFIED_RAILWAY_LINE_REFERENCE
16115,NO_VERIFIED_RAILWAY_LINE_REFERENCE
16124,NO_VERIFIED_RAILWAY_LINE_REFERENCE
16133,NO_VERIFIED_RAILWAY_LINE_REFERENCE
16142,NO_VERIFIED_RAILWAY_LINE_REFERENCE
16151,NO_VERIFIED_RAILWAY_LINE_REFERENCE
16160,NO_VERIFIED_RAILWAY_LINE_REFERENCE
16179,NO_VERIFIED_RAILWAY_LINE_REFERENCE
16188,NO_VERIFIED_RAILWAY_LINE_REFERENCE
16197,NO_VERIFIED_RAILWAY_LINE_REFERENCE
16203,NO_VERIFIED_RAILWAY_LINE_REFERENCE
16212,NO_VERIFIED_RAILWAY_LINE_REFERENCE
16221,NO_VERIFIED_RAILWAY_LINE_REFERENCE
16230,NO_VERIFIED_RAILWAY_LINE_REFERENCE
16249,NO_VERIFIED_RAILWAY_LINE_REFERENCE
16258,NO_VERIFIED_RAILWAY_LINE_REFERENCE
16267,NO_VERIFIED_RAILWAY_LINE_REFERENCE
16276,NO_VERIFIED_RAILWAY_LINE_REFERENCE
16285,NO_VERIFIED_RAILWAY_LINE_REFERENCE
16294,NO_VERIFIED_RAILWAY_LINE_REFERENCE
16300,NO_VERIFIED_RAILWAY_LINE_REFERENCE
16319,NO_VERIFIED_RAILWAY_LINE_REFERENCE
16328,NO_VERIFIED_RAILWAY_LINE_REFERENCE
16337,NO_VERIFIED_RAILWAY_LINE_REFERENCE
16346,NO_VERIFIED_RAILWAY_LINE_REFERENCE
16355,NO_VERIFIED_RAILWAY_LINE_REFERENCE
16364,NO_VERIFIED_RAILWAY_LINE_REFERENCE
16373,NO_VERIFIED_RAILWAY_LINE_REFERENCE
16382,NO_VERIFIED_RAILWAY_LINE_REFERENCE
16391,NO_VERIFIED_RAILWAY_LINE_REFERENCE
16407,NO_VERIFIED_RAILWAY_LINE_REFERENCE
16416,NO_VERIFIED_RAILWAY_LINE_REFERENCE
16425,NO_VERIFIED_RAILWAY_LINE_REFERENCE
16434,NO_VERIFIED_RAILWAY_LINE_REFERENCE
16443,NO_VERIFIED_RAILWAY_LINE_REFERENCE
16452,NO_VERIFIED_RAILWAY_LINE_REFERENCE
16461,NO_VERIFIED_RAILWAY_LINE_REFERENCE
16470,NO_VERIFIED_RAILWAY_LINE_REFERENCE
16489,NO_VERIFIED_RAILWAY_LINE_REFERENCE
16498,NO_VERIFIED_RAILWAY_LINE_REFERENCE
16504,NO_VERIFIED_RAILWAY_LINE_REFERENCE
16513,NO_VERIFIED_RAILWAY_LINE_REFERENCE
16522,NO_VERIFIED_RAILWAY_LINE_REFERENCE
16531,NO_VERIFIED_RAILWAY_LINE_REFERENCE
16540,NO_VERIFIED_RAILWAY_LINE_REFERENCE
16559,NO_VERIFIED_RAILWAY_LINE_REFERENCE
16568,NO_VERIFIED_RAILWAY_LINE_REFERENCE
16577,NO_VERIFIED_RAILWAY_LINE_REFERENCE
16586,NO_VERIFIED_RAILWAY_LINE_REFERENCE
16595,NO_VERIFIED_RAILWAY_LINE_REFERENCE
16601,NO_VERIFIED_RAILWAY_LINE_REFERENCE
16610,NO_VERIFIED_RAILWAY_LINE_REFERENCE
16629,NO_VERIFIED_RAILWAY_LINE_REFERENCE
16638,NO_VERIFIED_RAILWAY_LINE_REFERENCE
16647,NO_VERIFIED_RAILWAY_LINE_REFERENCE
16656,NO_VERIFIED_RAILWAY_LINE_REFERENCE
16665,NO_VERIFIED_RAILWAY_LINE_REFERENCE
16674,NO_VERIFIED_RAILWAY_LINE_REFERENCE
16683,NO_VERIFIED_RAILWAY_LINE_REFERENCE
16692,NO_VERIFIED_RAILWAY_LINE_REFERENCE
16708,NO_VERIFIED_RAILWAY_LINE_REFERENCE
16717,NO_VERIFIED_RAILWAY_LINE_REFERENCE
16726,NO_VERIFIED_RAILWAY_LINE_REFERENCE
16735,NO_VERIFIED_RAILWAY_LINE_REFERENCE
16744,NO_VERIFIED_RAILWAY_LINE_REFERENCE
16753,NO_VERIFIED_RAILWAY_LINE_REFERENCE
16762,NO_VERIFIED_RAILWAY_LINE_REFERENCE
16771,NO_VERIFIED_RAILWAY_LINE_REFERENCE
16780,NO_VERIFIED_RAILWAY_LINE_REFERENCE
16799,NO_VERIFIED_RAILWAY_LINE_REFERENCE
16805,NO_VERIFIED_RAILWAY_LINE_REFERENCE
16814,NO_VERIFIED_RAILWAY_LINE_REFERENCE
16823,NO_VERIFIED_RAILWAY_LINE_REFERENCE
16832,NO_VERIFIED_RAILWAY_LINE_REFERENCE
16841,NO_VERIFIED_RAILWAY_LINE_REFERENCE
16850,NO_VERIFIED_RAILWAY_LINE_REFERENCE
16869,NO_VERIFIED_RAILWAY_LINE_REFERENCE
16878,NO_VERIFIED_RAILWAY_LINE_REFERENCE
16887,NO_VERIFIED_RAILWAY_LINE_REFERENCE
16896,NO_VERIFIED_RAILWAY_LINE_REFERENCE
16902,NO_VERIFIED_RAILWAY_LINE_REFERENCE
16911,NO_VERIFIED_RAILWAY_LINE_REFERENCE
16920,NO_VERIFIED_RAILWAY_LINE_REFERENCE
16939,NO_VERIFIED_RAILWAY_LINE_REFERENCE
16948,NO_VERIFIED_RAILWAY_LINE_REFERENCE
16957,NO_VERIFIED_RAILWAY_LINE_REFERENCE
16966,NO_VERIFIED_RAILWAY_LINE_REFERENCE
16975,NO_VERIFIED_RAILWAY_LINE_REFERENCE
16984,NO_VERIFIED_RAILWAY_LINE_REFERENCE
16993,NO_VERIFIED_RAILWAY_LINE_REFERENCE
17002,NO_VERIFIED_RAILWAY_LINE_REFERENCE
17011,NO_VERIFIED_RAILWAY_LINE_REFERENCE
17020,NO_VERIFIED_RAILWAY_LINE_REFERENCE
17039,NO_VERIFIED_RAILWAY_LINE_REFERENCE
17048,NO_VERIFIED_RAILWAY_LINE_REFERENCE
17057,NO_VERIFIED_RAILWAY_LINE_REFERENCE
17066,NO_VERIFIED_RAILWAY_LINE_REFERENCE
17075,NO_VERIFIED_RAILWAY_LINE_REFERENCE
17084,NO_VERIFIED_RAILWAY_LINE_REFERENCE
17093,NO_VERIFIED_RAILWAY_LINE_REFERENCE
17109,NO_VERIFIED_RAILWAY_LINE_REFERENCE
17118,NO_VERIFIED_RAILWAY_LINE_REFERENCE
17127,NO_VERIFIED_RAILWAY_LINE_REFERENCE
17136,NO_VERIFIED_RAILWAY_LINE_REFERENCE
17145,NO_VERIFIED_RAILWAY_LINE_REFERENCE
17154,NO_VERIFIED_RAILWAY_LINE_REFERENCE
17163,NO_VERIFIED_RAILWAY_LINE_REFERENCE
17172,NO_VERIFIED_RAILWAY_LINE_REFERENCE
17181,NO_VERIFIED_RAILWAY_LINE_REFERENCE
17190,NO_VERIFIED_RAILWAY_LINE_REFERENCE
17206,NO_VERIFIED_RAILWAY_LINE_REFERENCE
17215,NO_VERIFIED_RAILWAY_LINE_REFERENCE
17224,NO_VERIFIED_RAILWAY_LINE_REFERENCE
17233,NO_VERIFIED_RAILWAY_LINE_REFERENCE
17242,NO_VERIFIED_RAILWAY_LINE_REFERENCE
17251,NO_VERIFIED_RAILWAY_LINE_REFERENCE
17260,NO_VERIFIED_RAILWAY_LINE_REFERENCE
17279,NO_VERIFIED_RAILWAY_LINE_REFERENCE
17288,NO_VERIFIED_RAILWAY_LINE_REFERENCE
17297,NO_VERIFIED_RAILWAY_LINE_REFERENCE
17303,NO_VERIFIED_RAILWAY_LINE_REFERENCE
17312,NO_VERIFIED_RAILWAY_LINE_REFERENCE
17321,NO_VERIFIED_RAILWAY_LINE_REFERENCE
17330,NO_VERIFIED_RAILWAY_LINE_REFERENCE
17349,NO_VERIFIED_RAILWAY_LINE_REFERENCE
17358,NO_VERIFIED_RAILWAY_LINE_REFERENCE
17367,NO_VERIFIED_RAILWAY_LINE_REFERENCE
17376,NO_VERIFIED_RAILWAY_LINE_REFERENCE
17385,NO_VERIFIED_RAILWAY_LINE_REFERENCE
17394,NO_VERIFIED_RAILWAY_LINE_REFERENCE
17400,NO_VERIFIED_RAILWAY_LINE_REFERENCE
17419,NO_VERIFIED_RAILWAY_LINE_REFERENCE
17428,NO_VERIFIED_RAILWAY_LINE_REFERENCE
17437,NO_VERIFIED_RAILWAY_LINE_REFERENCE
17446,NO_VERIFIED_RAILWAY_LINE_REFERENCE
17455,NO_VERIFIED_RAILWAY_LINE_REFERENCE
17464,NO_VERIFIED_RAILWAY_LINE_REFERENCE
17473,NO_VERIFIED_RAILWAY_LINE_REFERENCE
17482,NO_VERIFIED_RAILWAY_LINE_REFERENCE
17491,NO_VERIFIED_RAILWAY_LINE_REFERENCE
17507,NO_VERIFIED_RAILWAY_LINE_REFERENCE
17516,NO_VERIFIED_RAILWAY_LINE_REFERENCE
17525,NO_VERIFIED_RAILWAY_LINE_REFERENCE
17534,NO_VERIFIED_RAILWAY_LINE_REFERENCE
17543,NO_VERIFIED_RAILWAY_LINE_REFERENCE
17552,NO_VERIFIED_RAILWAY_LINE_REFERENCE
17561,NO_VERIFIED_RAILWAY_LINE_REFERENCE
17570,NO_VERIFIED_RAILWAY_LINE_REFERENCE
17589,NO_VERIFIED_RAILWAY_LINE_REFERENCE
17598,NO_VERIFIED_RAILWAY_LINE_REFERENCE
17604,NO_VERIFIED_RAILWAY_LINE_REFERENCE
17613,NO_VERIFIED_RAILWAY_LINE_REFERENCE
17622,NO_VERIFIED_RAILWAY_LINE_REFERENCE
17631,NO_VERIFIED_RAILWAY_LINE_REFERENCE
17640,NO_VERIFIED_RAILWAY_LINE_REFERENCE
17659,NO_VERIFIED_RAILWAY_LINE_REFERENCE
17668,NO_VERIFIED_RAILWAY_LINE_REFERENCE
17677,NO_VERIFIED_RAILWAY_LINE_REFERENCE
17686,NO_VERIFIED_RAILWAY_LINE_REFERENCE
17695,NO_VERIFIED_RAILWAY_LINE_REFERENCE
17710,NO_VERIFIED_RAILWAY_LINE_REFERENCE
17729,NO_VERIFIED_RAILWAY_LINE_REFERENCE
17738,NO_VERIFIED_RAILWAY_LINE_REFERENCE
17747,NO_VERIFIED_RAILWAY_LINE_REFERENCE
17756,NO_VERIFIED_RAILWAY_LINE_REFERENCE
17765,NO_VERIFIED_RAILWAY_LINE_REFERENCE
17774,NO_VERIFIED_RAILWAY_LINE_REFERENCE
17783,NO_VERIFIED_RAILWAY_LINE_REFERENCE
17792,NO_VERIFIED_RAILWAY_LINE_REFERENCE
17808,NO_VERIFIED_RAILWAY_LINE_REFERENCE
17817,NO_VERIFIED_RAILWAY_LINE_REFERENCE
17826,NO_VERIFIED_RAILWAY_LINE_REFERENCE
17835,NO_VERIFIED_RAILWAY_LINE_REFERENCE
17844,NO_VERIFIED_RAILWAY_LINE_REFERENCE
17853,NO_VERIFIED_RAILWAY_LINE_REFERENCE
17862,NO_VERIFIED_RAILWAY_LINE_REFERENCE
17871,NO_VERIFIED_RAILWAY_LINE_REFERENCE
17880,NO_VERIFIED_RAILWAY_LINE_REFERENCE
17899,NO_VERIFIED_RAILWAY_LINE_REFERENCE
17905,NO_VERIFIED_RAILWAY_LINE_REFERENCE
17914,NO_VERIFIED_RAILWAY_LINE_REFERENCE
17923,NO_VERIFIED_RAILWAY_LINE_REFERENCE
17932,NO_VERIFIED_RAILWAY_LINE_REFERENCE
17941,NO_VERIFIED_RAILWAY_LINE_REFERENCE
17950,NO_VERIFIED_RAILWAY_LINE_REFERENCE
17969,NO_VERIFIED_RAILWAY_LINE_REFERENCE
17978,NO_VERIFIED_RAILWAY_LINE_REFERENCE
17987,NO_VERIFIED_RAILWAY_LINE_REFERENCE
17996,NO_VERIFIED_RAILWAY_LINE_REFERENCE
18005,NO_VERIFIED_RAILWAY_LINE_REFERENCE
18023,NO_VERIFIED_RAILWAY_LINE_REFERENCE
18032,NO_VERIFIED_RAILWAY_LINE_REFERENCE
18041,NO_VERIFIED_RAILWAY_LINE_REFERENCE
18050,NO_VERIFIED_RAILWAY_LINE_REFERENCE
18069,NO_VERIFIED_RAILWAY_LINE_REFERENCE
18078,NO_VERIFIED_RAILWAY_LINE_REFERENCE
18096,NO_VERIFIED_RAILWAY_LINE_REFERENCE
18102,NO_VERIFIED_RAILWAY_LINE_REFERENCE
18111,NO_VERIFIED_RAILWAY_LINE_REFERENCE
18120,NO_VERIFIED_RAILWAY_LINE_REFERENCE
18139,NO_VERIFIED_RAILWAY_LINE_REFERENCE
18148,NO_VERIFIED_RAILWAY_LINE_REFERENCE
18157,NO_VERIFIED_RAILWAY_LINE_REFERENCE
18166,NO_VERIFIED_RAILWAY_LINE_REFERENCE
18175,NO_VERIFIED_RAILWAY_LINE_REFERENCE
18184,NO_VERIFIED_RAILWAY_LINE_REFERENCE
18193,NO_VERIFIED_RAILWAY_LINE_REFERENCE
18209,NO_VERIFIED_RAILWAY_LINE_REFERENCE
18218,NO_VERIFIED_RAILWAY_LINE_REFERENCE
18227,NO_VERIFIED_RAILWAY_LINE_REFERENCE
18236,NO_VERIFIED_RAILWAY_LINE_REFERENCE
18245,NO_VERIFIED_RAILWAY_LINE_REFERENCE
18254,NO_VERIFIED_RAILWAY_LINE_REFERENCE
18263,NO_VERIFIED_RAILWAY_LINE_REFERENCE
18272,NO_VERIFIED_RAILWAY_LINE_REFERENCE
18281,NO_VERIFIED_RAILWAY_LINE_REFERENCE
18290,NO_VERIFIED_RAILWAY_LINE_REFERENCE
18306,NO_VERIFIED_RAILWAY_LINE_REFERENCE
18315,NO_VERIFIED_RAILWAY_LINE_REFERENCE
18324,NO_VERIFIED_RAILWAY_LINE_REFERENCE
18333,NO_VERIFIED_RAILWAY_LINE_REFERENCE
18342,NO_VERIFIED_RAILWAY_LINE_REFERENCE
18351,NO_VERIFIED_RAILWAY_LINE_REFERENCE
18360,NO_VERIFIED_RAILWAY_LINE_REFERENCE
18379,NO_VERIFIED_RAILWAY_LINE_REFERENCE
18388,NO_VERIFIED_RAILWAY_LINE_REFERENCE
18397,NO_VERIFIED_RAILWAY_LINE_REFERENCE
18403,NO_VERIFIED_RAILWAY_LINE_REFERENCE
18412,NO_VERIFIED_RAILWAY_LINE_REFERENCE
18421,NO_VERIFIED_RAILWAY_LINE_REFERENCE
18430,NO_VERIFIED_RAILWAY_LINE_REFERENCE
18449,NO_VERIFIED_RAILWAY_LINE_REFERENCE
18458,NO_VERIFIED_RAILWAY_LINE_REFERENCE
18467,NO_VERIFIED_RAILWAY_LINE_REFERENCE
18476,NO_VERIFIED_RAILWAY_LINE_REFERENCE
18485,NO_VERIFIED_RAILWAY_LINE_REFERENCE
18494,NO_VERIFIED_RAILWAY_LINE_REFERENCE
18500,NO_VERIFIED_RAILWAY_LINE_REFERENCE
18519,NO_VERIFIED_RAILWAY_LINE_REFERENCE
18528,NO_VERIFIED_RAILWAY_LINE_REFERENCE
18537,NO_VERIFIED_RAILWAY_LINE_REFERENCE
18546,NO_VERIFIED_RAILWAY_LINE_REFERENCE
18555,NO_VERIFIED_RAILWAY_LINE_REFERENCE
18564,NO_VERIFIED_RAILWAY_LINE_REFERENCE
18573,NO_VERIFIED_RAILWAY_LINE_REFERENCE
18582,NO_VERIFIED_RAILWAY_LINE_REFERENCE
18591,NO_VERIFIED_RAILWAY_LINE_REFERENCE
18607,NO_VERIFIED_RAILWAY_LINE_REFERENCE
18616,NO_VERIFIED_RAILWAY_LINE_REFERENCE
18625,NO_VERIFIED_RAILWAY_LINE_REFERENCE
18634,NO_VERIFIED_RAILWAY_LINE_REFERENCE
18643,NO_VERIFIED_RAILWAY_LINE_REFERENCE
18652,NO_VERIFIED_RAILWAY_LINE_REFERENCE
18661,NO_VERIFIED_RAILWAY_LINE_REFERENCE
18670,NO_VERIFIED_RAILWAY_LINE_REFERENCE
18689,NO_VERIFIED_RAILWAY_LINE_REFERENCE
18698,NO_VERIFIED_RAILWAY_LINE_REFERENCE
18704,NO_VERIFIED_RAILWAY_LINE_REFERENCE
18722,NO_VERIFIED_RAILWAY_LINE_REFERENCE
18731,NO_VERIFIED_RAILWAY_LINE_REFERENCE
18740,NO_VERIFIED_RAILWAY_LINE_REFERENCE
18759,NO_VERIFIED_RAILWAY_LINE_REFERENCE
18768,NO_VERIFIED_RAILWAY_LINE_REFERENCE
18777,NO_VERIFIED_RAILWAY_LINE_REFERENCE
18786,NO_VERIFIED_RAILWAY_LINE_REFERENCE
18795,NO_VERIFIED_RAILWAY_LINE_REFERENCE
18801,NO_VERIFIED_RAILWAY_LINE_REFERENCE
18810,NO_VERIFIED_RAILWAY_LINE_REFERENCE
18829,NO_VERIFIED_RAILWAY_LINE_REFERENCE
18838,NO_VERIFIED_RAILWAY_LINE_REFERENCE
18847,NO_VERIFIED_RAILWAY_LINE_REFERENCE
18856,NO_VERIFIED_RAILWAY_LINE_REFERENCE
18865,NO_VERIFIED_RAILWAY_LINE_REFERENCE
18874,NO_VERIFIED_RAILWAY_LINE_REFERENCE
18883,NO_VERIFIED_RAILWAY_LINE_REFERENCE
18892,NO_VERIFIED_RAILWAY_LINE_REFERENCE
18908,NO_VERIFIED_RAILWAY_LINE_REFERENCE
18917,NO_VERIFIED_RAILWAY_LINE_REFERENCE
18926,NO_VERIFIED_RAILWAY_LINE_REFERENCE
18935,NO_VERIFIED_RAILWAY_LINE_REFERENCE
18944,NO_VERIFIED_RAILWAY_LINE_REFERENCE
18953,NO_VERIFIED_RAILWAY_LINE_REFERENCE
18962,NO_VERIFIED_RAILWAY_LINE_REFERENCE
18971,NO_VERIFIED_RAILWAY_LINE_REFERENCE
18980,NO_VERIFIED_RAILWAY_LINE_REFERENCE
18999,NO_VERIFIED_RAILWAY_LINE_REFERENCE
19008,NO_VERIFIED_RAILWAY_LINE_REFERENCE
19017,NO_VERIFIED_RAILWAY_LINE_REFERENCE
19026,NO_VERIFIED_RAILWAY_LINE_REFERENCE
19035,NO_VERIFIED_RAILWAY_LINE_REFERENCE
19044,NO_VERIFIED_RAILWAY_LINE_REFERENCE
19053,NO_VERIFIED_RAILWAY_LINE_REFERENCE
19062,NO_VERIFIED_RAILWAY_LINE_REFERENCE
19080,NO_VERIFIED_RAILWAY_LINE_REFERENCE
19099,NO_VERIFIED_RAILWAY_LINE_REFERENCE
19105,NO_VERIFIED_RAILWAY_LINE_REFERENCE
19114,NO_VERIFIED_RAILWAY_LINE_REFERENCE
19123,NO_VERIFIED_RAILWAY_LINE_REFERENCE
19132,NO_VERIFIED_RAILWAY_LINE_REFERENCE
19141,NO_VERIFIED_RAILWAY_LINE_REFERENCE
19150,NO_VERIFIED_RAILWAY_LINE_REFERENCE
19169,NO_VERIFIED_RAILWAY_LINE_REFERENCE
19178,NO_VERIFIED_RAILWAY_LINE_REFERENCE
19187,NO_VERIFIED_RAILWAY_LINE_REFERENCE
19196,NO_VERIFIED_RAILWAY_LINE_REFERENCE
19202,NO_VERIFIED_RAILWAY_LINE_REFERENCE
19211,NO_VERIFIED_RAILWAY_LINE_REFERENCE
19220,NO_VERIFIED_RAILWAY_LINE_REFERENCE
19239,NO_VERIFIED_RAILWAY_LINE_REFERENCE
19248,NO_VERIFIED_RAILWAY_LINE_REFERENCE
19257,NO_VERIFIED_RAILWAY_LINE_REFERENCE
19266,NO_VERIFIED_RAILWAY_LINE_REFERENCE
19275,NO_VERIFIED_RAILWAY_LINE_REFERENCE
19284,NO_VERIFIED_RAILWAY_LINE_REFERENCE
19293,NO_VERIFIED_RAILWAY_LINE_REFERENCE
19309,NO_VERIFIED_RAILWAY_LINE_REFERENCE
19318,NO_VERIFIED_RAILWAY_LINE_REFERENCE
19327,NO_VERIFIED_RAILWAY_LINE_REFERENCE
19336,NO_VERIFIED_RAILWAY_LINE_REFERENCE
19345,NO_VERIFIED_RAILWAY_LINE_REFERENCE
19354,NO_VERIFIED_RAILWAY_LINE_REFERENCE
19363,NO_VERIFIED_RAILWAY_LINE_REFERENCE
19372,NO_VERIFIED_RAILWAY_LINE_REFERENCE
19381,NO_VERIFIED_RAILWAY_LINE_REFERENCE
19390,NO_VERIFIED_RAILWAY_LINE_REFERENCE
19406,NO_VERIFIED_RAILWAY_LINE_REFERENCE
19415,NO_VERIFIED_RAILWAY_LINE_REFERENCE
19424,NO_VERIFIED_RAILWAY_LINE_REFERENCE
19433,NO_VERIFIED_RAILWAY_LINE_REFERENCE
19442,NO_VERIFIED_RAILWAY_LINE_REFERENCE
19451,NO_VERIFIED_RAILWAY_LINE_REFERENCE
19460,NO_VERIFIED_RAILWAY_LINE_REFERENCE
19479,NO_VERIFIED_RAILWAY_LINE_REFERENCE
19488,NO_VERIFIED_RAILWAY_LINE_REFERENCE
19497,NO_VERIFIED_RAILWAY_LINE_REFERENCE
19503,NO_VERIFIED_RAILWAY_LINE_REFERENCE
19512,NO_VERIFIED_RAILWAY_LINE_REFERENCE
19521,NO_VERIFIED_RAILWAY_LINE_REFERENCE
19530,NO_VERIFIED_RAILWAY_LINE_REFERENCE
19549,NO_VERIFIED_RAILWAY_LINE_REFERENCE
19558,NO_VERIFIED_RAILWAY_LINE_REFERENCE
19567,NO_VERIFIED_RAILWAY_LINE_REFERENCE
19576,NO_VERIFIED_RAILWAY_LINE_REFERENCE
19585,NO_VERIFIED_RAILWAY_LINE_REFERENCE
19594,NO_VERIFIED_RAILWAY_LINE_REFERENCE
19600,NO_VERIFIED_RAILWAY_LINE_REFERENCE
19619,NO_VERIFIED_RAILWAY_LINE_REFERENCE
19628,NO_VERIFIED_RAILWAY_LINE_REFERENCE
19637,NO_VERIFIED_RAILWAY_LINE_REFERENCE
19646,NO_VERIFIED_RAILWAY_LINE_REFERENCE
19655,NO_VERIFIED_RAILWAY_LINE_REFERENCE
19664,NO_VERIFIED_RAILWAY_LINE_REFERENCE
19673,NO_VERIFIED_RAILWAY_LINE_REFERENCE
19682,NO_VERIFIED_RAILWAY_LINE_REFERENCE
19691,NO_VERIFIED_RAILWAY_LINE_REFERENCE
19707,NO_VERIFIED_RAILWAY_LINE_REFERENCE
19716,NO_VERIFIED_RAILWAY_LINE_REFERENCE
19725,NO_VERIFIED_RAILWAY_LINE_REFERENCE
19734,NO_VERIFIED_RAILWAY_LINE_REFERENCE
19743,NO_VERIFIED_RAILWAY_LINE_REFERENCE
19752,NO_VERIFIED_RAILWAY_LINE_REFERENCE
19761,NO_VERIFIED_RAILWAY_LINE_REFERENCE
19770,NO_VERIFIED_RAILWAY_LINE_REFERENCE
19789,NO_VERIFIED_RAILWAY_LINE_REFERENCE
19798,NO_VERIFIED_RAILWAY_LINE_REFERENCE
19813,NO_VERIFIED_RAILWAY_LINE_REFERENCE
19831,NO_VERIFIED_RAILWAY_LINE_REFERENCE
19840,NO_VERIFIED_RAILWAY_LINE_REFERENCE
19859,NO_VERIFIED_RAILWAY_LINE_REFERENCE
19868,NO_VERIFIED_RAILWAY_LINE_REFERENCE
19877,NO_VERIFIED_RAILWAY_LINE_REFERENCE
19886,NO_VERIFIED_RAILWAY_LINE_REFERENCE
19895,NO_VERIFIED_RAILWAY_LINE_REFERENCE
19901,NO_VERIFIED_RAILWAY_LINE_REFERENCE
19910,NO_VERIFIED_RAILWAY_LINE_REFERENCE
19929,NO_VERIFIED_RAILWAY_LINE_REFERENCE
19938,NO_VERIFIED_RAILWAY_LINE_REFERENCE
19947,NO_VERIFIED_RAILWAY_LINE_REFERENCE
19956,NO_VERIFIED_RAILWAY_LINE_REFERENCE
19965,NO_VERIFIED_RAILWAY_LINE_REFERENCE
19974,NO_VERIFIED_RAILWAY_LINE_REFERENCE
19983,NO_VERIFIED_RAILWAY_LINE_REFERENCE
19992,NO_VERIFIED_RAILWAY_LINE_REFERENCE
20002,NO_VERIFIED_RAILWAY_LINE_REFERENCE
20011,NO_VERIFIED_RAILWAY_LINE_REFERENCE
20039,NO_VERIFIED_RAILWAY_LINE_REFERENCE
20048,NO_VERIFIED_RAILWAY_LINE_REFERENCE
20057,NO_VERIFIED_RAILWAY_LINE_REFERENCE
20066,NO_VERIFIED_RAILWAY_LINE_REFERENCE
20075,NO_VERIFIED_RAILWAY_LINE_REFERENCE
20084,NO_VERIFIED_RAILWAY_LINE_REFERENCE
20093,NO_VERIFIED_RAILWAY_LINE_REFERENCE
20109,NO_VERIFIED_RAILWAY_LINE_REFERENCE
20118,NO_VERIFIED_RAILWAY_LINE_REFERENCE
20127,NO_VERIFIED_RAILWAY_LINE_REFERENCE
20136,NO_VERIFIED_RAILWAY_LINE_REFERENCE
20145,NO_VERIFIED_RAILWAY_LINE_REFERENCE
20154,NO_VERIFIED_RAILWAY_LINE_REFERENCE
20163,NO_VERIFIED_RAILWAY_LINE_REFERENCE
20172,NO_VERIFIED_RAILWAY_LINE_REFERENCE
20181,NO_VERIFIED_RAILWAY_LINE_REFERENCE
20190,NO_VERIFIED_RAILWAY_LINE_REFERENCE
20206,NO_VERIFIED_RAILWAY_LINE_REFERENCE
20215,NO_VERIFIED_RAILWAY_LINE_REFERENCE
20233,NO_VERIFIED_RAILWAY_LINE_REFERENCE
20242,NO_VERIFIED_RAILWAY_LINE_REFERENCE
20251,NO_VERIFIED_RAILWAY_LINE_REFERENCE
20260,NO_VERIFIED_RAILWAY_LINE_REFERENCE
20279,NO_VERIFIED_RAILWAY_LINE_REFERENCE
20288,NO_VERIFIED_RAILWAY_LINE_REFERENCE
20297,NO_VERIFIED_RAILWAY_LINE_REFERENCE
20303,NO_VERIFIED_RAILWAY_LINE_REFERENCE
20312,NO_VERIFIED_RAILWAY_LINE_REFERENCE
20321,NO_VERIFIED_RAILWAY_LINE_REFERENCE
20330,NO_VERIFIED_RAILWAY_LINE_REFERENCE
20349,NO_VERIFIED_RAILWAY_LINE_REFERENCE
20358,NO_VERIFIED_RAILWAY_LINE_REFERENCE
20367,NO_VERIFIED_RAILWAY_LINE_REFERENCE
20376,NO_VERIFIED_RAILWAY_LINE_REFERENCE
20385,NO_VERIFIED_RAILWAY_LINE_REFERENCE
20394,NO_VERIFIED_RAILWAY_LINE_REFERENCE
20400,NO_VERIFIED_RAILWAY_LINE_REFERENCE
20419,NO_VERIFIED_RAILWAY_LINE_REFERENCE
20428,NO_VERIFIED_RAILWAY_LINE_REFERENCE
20437,NO_VERIFIED_RAILWAY_LINE_REFERENCE
20446,NO_VERIFIED_RAILWAY_LINE_REFERENCE
20455,NO_VERIFIED_RAILWAY_LINE_REFERENCE
20464,NO_VERIFIED_RAILWAY_LINE_REFERENCE
20473,NO_VERIFIED_RAILWAY_LINE_REFERENCE
20482,NO_VERIFIED_RAILWAY_LINE_REFERENCE
20491,NO_VERIFIED_RAILWAY_LINE_REFERENCE
20507,NO_VERIFIED_RAILWAY_LINE_REFERENCE
20516,NO_VERIFIED_RAILWAY_LINE_REFERENCE
20525,NO_VERIFIED_RAILWAY_LINE_REFERENCE
20534,NO_VERIFIED_RAILWAY_LINE_REFERENCE
20543,NO_VERIFIED_RAILWAY_LINE_REFERENCE
20552,NO_VERIFIED_RAILWAY_LINE_REFERENCE
20561,NO_VERIFIED_RAILWAY_LINE_REFERENCE
20570,NO_VERIFIED_RAILWAY_LINE_REFERENCE
20589,NO_VERIFIED_RAILWAY_LINE_REFERENCE
20598,NO_VERIFIED_RAILWAY_LINE_REFERENCE
20604,NO_VERIFIED_RAILWAY_LINE_REFERENCE
20613,NO_VERIFIED_RAILWAY_LINE_REFERENCE
20622,NO_VERIFIED_RAILWAY_LINE_REFERENCE
20640,NO_VERIFIED_RAILWAY_LINE_REFERENCE
20659,NO_VERIFIED_RAILWAY_LINE_REFERENCE
20668,NO_VERIFIED_RAILWAY_LINE_REFERENCE
20677,NO_VERIFIED_RAILWAY_LINE_REFERENCE
20686,NO_VERIFIED_RAILWAY_LINE_REFERENCE
20695,NO_VERIFIED_RAILWAY_LINE_REFERENCE
20701,NO_VERIFIED_RAILWAY_LINE_REFERENCE
20710,NO_VERIFIED_RAILWAY_LINE_REFERENCE
20729,NO_VERIFIED_RAILWAY_LINE_REFERENCE
20738,NO_VERIFIED_RAILWAY_LINE_REFERENCE
20747,NO_VERIFIED_RAILWAY_LINE_REFERENCE
20756,NO_VERIFIED_RAILWAY_LINE_REFERENCE
20765,NO_VERIFIED_RAILWAY_LINE_REFERENCE
20774,NO_VERIFIED_RAILWAY_LINE_REFERENCE
20783,NO_VERIFIED_RAILWAY_LINE_REFERENCE
20792,NO_VERIFIED_RAILWAY_LINE_REFERENCE
20817,NO_VERIFIED_RAILWAY_LINE_REFERENCE
20826,NO_VERIFIED_RAILWAY_LINE_REFERENCE
20835,NO_VERIFIED_RAILWAY_LINE_REFERENCE
20844,NO_VERIFIED_RAILWAY_LINE_REFERENCE
20853,NO_VERIFIED_RAILWAY_LINE_REFERENCE
20862,NO_VERIFIED_RAILWAY_LINE_REFERENCE
20871,NO_VERIFIED_RAILWAY_LINE_REFERENCE
20880,NO_VERIFIED_RAILWAY_LINE_REFERENCE
20899,NO_VERIFIED_RAILWAY_LINE_REFERENCE
20905,NO_VERIFIED_RAILWAY_LINE_REFERENCE
20914,NO_VERIFIED_RAILWAY_LINE_REFERENCE
20923,NO_VERIFIED_RAILWAY_LINE_REFERENCE
20932,NO_VERIFIED_RAILWAY_LINE_REFERENCE
20941,NO_VERIFIED_RAILWAY_LINE_REFERENCE
20950,NO_VERIFIED_RAILWAY_LINE_REFERENCE
20969,NO_VERIFIED_RAILWAY_LINE_REFERENCE
20978,NO_VERIFIED_RAILWAY_LINE_REFERENCE
20987,NO_VERIFIED_RAILWAY_LINE_REFERENCE
20996,NO_VERIFIED_RAILWAY_LINE_REFERENCE
21005,NO_VERIFIED_RAILWAY_LINE_REFERENCE
21014,NO_VERIFIED_RAILWAY_LINE_REFERENCE
21023,NO_VERIFIED_RAILWAY_LINE_REFERENCE
21032,NO_VERIFIED_RAILWAY_LINE_REFERENCE
21041,NO_VERIFIED_RAILWAY_LINE_REFERENCE
21050,NO_VERIFIED_RAILWAY_LINE_REFERENCE
21069,NO_VERIFIED_RAILWAY_LINE_REFERENCE
21078,NO_VERIFIED_RAILWAY_LINE_REFERENCE
21087,NO_VERIFIED_RAILWAY_LINE_REFERENCE
21096,NO_VERIFIED_RAILWAY_LINE_REFERENCE
21102,NO_VERIFIED_RAILWAY_LINE_REFERENCE
21111,NO_VERIFIED_RAILWAY_LINE_REFERENCE
21120,NO_VERIFIED_RAILWAY_LINE_REFERENCE
21139,NO_VERIFIED_RAILWAY_LINE_REFERENCE
21148,NO_VERIFIED_RAILWAY_LINE_REFERENCE
21157,NO_VERIFIED_RAILWAY_LINE_REFERENCE
21175,NO_VERIFIED_RAILWAY_LINE_REFERENCE
21184,NO_VERIFIED_RAILWAY_LINE_REFERENCE
21193,NO_VERIFIED_RAILWAY_LINE_REFERENCE
21209,NO_VERIFIED_RAILWAY_LINE_REFERENCE
21218,NO_VERIFIED_RAILWAY_LINE_REFERENCE
21227,NO_VERIFIED_RAILWAY_LINE_REFERENCE
21236,NO_VERIFIED_RAILWAY_LINE_REFERENCE
21245,NO_VERIFIED_RAILWAY_LINE_REFERENCE
21254,NO_VERIFIED_RAILWAY_LINE_REFERENCE
21263,NO_VERIFIED_RAILWAY_LINE_REFERENCE
21272,NO_VERIFIED_RAILWAY_LINE_REFERENCE
21281,NO_VERIFIED_RAILWAY_LINE_REFERENCE
21290,NO_VERIFIED_RAILWAY_LINE_REFERENCE
21306,NO_VERIFIED_RAILWAY_LINE_REFERENCE
21315,NO_VERIFIED_RAILWAY_LINE_REFERENCE
21324,NO_VERIFIED_RAILWAY_LINE_REFERENCE
21333,NO_VERIFIED_RAILWAY_LINE_REFERENCE
21342,NO_VERIFIED_RAILWAY_LINE_REFERENCE
21351,NO_VERIFIED_RAILWAY_LINE_REFERENCE
21360,NO_VERIFIED_RAILWAY_LINE_REFERENCE
21379,NO_VERIFIED_RAILWAY_LINE_REFERENCE
21388,NO_VERIFIED_RAILWAY_LINE_REFERENCE
21397,NO_VERIFIED_RAILWAY_LINE_REFERENCE
21403,NO_VERIFIED_RAILWAY_LINE_REFERENCE
21412,NO_VERIFIED_RAILWAY_LINE_REFERENCE
21421,NO_VERIFIED_RAILWAY_LINE_REFERENCE
21430,NO_VERIFIED_RAILWAY_LINE_REFERENCE
21449,NO_VERIFIED_RAILWAY_LINE_REFERENCE
21458,NO_VERIFIED_RAILWAY_LINE_REFERENCE
21467,NO_VERIFIED_RAILWAY_LINE_REFERENCE
21476,NO_VERIFIED_RAILWAY_LINE_REFERENCE
21485,NO_VERIFIED_RAILWAY_LINE_REFERENCE
21494,NO_VERIFIED_RAILWAY_LINE_REFERENCE
21500,NO_VERIFIED_RAILWAY_LINE_REFERENCE
21519,NO_VERIFIED_RAILWAY_LINE_REFERENCE
21528,NO_VERIFIED_RAILWAY_LINE_REFERENCE
21537,NO_VERIFIED_RAILWAY_LINE_REFERENCE
21546,NO_VERIFIED_RAILWAY_LINE_REFERENCE
21555,NO_VERIFIED_RAILWAY_LINE_REFERENCE
21564,NO_VERIFIED_RAILWAY_LINE_REFERENCE
21573,NO_VERIFIED_RAILWAY_LINE_REFERENCE
21582,NO_VERIFIED_RAILWAY_LINE_REFERENCE
21591,NO_VERIFIED_RAILWAY_LINE_REFERENCE
21607,NO_VERIFIED_RAILWAY_LINE_REFERENCE
21616,NO_VERIFIED_RAILWAY_LINE_REFERENCE
21625,NO_VERIFIED_RAILWAY_LINE_REFERENCE
21634,NO_VERIFIED_RAILWAY_LINE_REFERENCE
21643,NO_VERIFIED_RAILWAY_LINE_REFERENCE
21652,NO_VERIFIED_RAILWAY_LINE_REFERENCE
21661,NO_VERIFIED_RAILWAY_LINE_REFERENCE
21670,NO_VERIFIED_RAILWAY_LINE_REFERENCE
21689,NO_VERIFIED_RAILWAY_LINE_REFERENCE
21698,NO_VERIFIED_RAILWAY_LINE_REFERENCE
21704,NO_VERIFIED_RAILWAY_LINE_REFERENCE
21713,NO_VERIFIED_RAILWAY_LINE_REFERENCE
21722,NO_VERIFIED_RAILWAY_LINE_REFERENCE
21731,NO_VERIFIED_RAILWAY_LINE_REFERENCE
21740,NO_VERIFIED_RAILWAY_LINE_REFERENCE
21759,NO_VERIFIED_RAILWAY_LINE_REFERENCE
21768,NO_VERIFIED_RAILWAY_LINE_REFERENCE
21777,NO_VERIFIED_RAILWAY_LINE_REFERENCE
21786,NO_VERIFIED_RAILWAY_LINE_REFERENCE
21795,NO_VERIFIED_RAILWAY_LINE_REFERENCE
21801,NO_VERIFIED_RAILWAY_LINE_REFERENCE
21810,NO_VERIFIED_RAILWAY_LINE_REFERENCE
21829,NO_VERIFIED_RAILWAY_LINE_REFERENCE
21838,NO_VERIFIED_RAILWAY_LINE_REFERENCE
21847,NO_VERIFIED_RAILWAY_LINE_REFERENCE
21856,NO_VERIFIED_RAILWAY_LINE_REFERENCE
21865,NO_VERIFIED_RAILWAY_LINE_REFERENCE
21874,NO_VERIFIED_RAILWAY_LINE_REFERENCE
21883,NO_VERIFIED_RAILWAY_LINE_REFERENCE
21892,NO_VERIFIED_RAILWAY_LINE_REFERENCE
21908,NO_VERIFIED_RAILWAY_LINE_REFERENCE
21917,NO_VERIFIED_RAILWAY_LINE_REFERENCE
21926,NO_VERIFIED_RAILWAY_LINE_REFERENCE
21935,NO_VERIFIED_RAILWAY_LINE_REFERENCE
21944,NO_VERIFIED_RAILWAY_LINE_REFERENCE
21953,NO_VERIFIED_RAILWAY_LINE_REFERENCE
21962,NO_VERIFIED_RAILWAY_LINE_REFERENCE
21971,NO_VERIFIED_RAILWAY_LINE_REFERENCE
21980,NO_VERIFIED_RAILWAY_LINE_REFERENCE
21999,NO_VERIFIED_RAILWAY_LINE_REFERENCE
22008,NO_VERIFIED_RAILWAY_LINE_REFERENCE
22017,NO_VERIFIED_RAILWAY_LINE_REFERENCE
22026,NO_VERIFIED_RAILWAY_LINE_REFERENCE
22035,NO_VERIFIED_RAILWAY_LINE_REFERENCE
22044,NO_VERIFIED_RAILWAY_LINE_REFERENCE
22053,NO_VERIFIED_RAILWAY_LINE_REFERENCE
22062,NO_VERIFIED_RAILWAY_LINE_REFERENCE
22071,NO_VERIFIED_RAILWAY_LINE_REFERENCE
22080,NO_VERIFIED_RAILWAY_LINE_REFERENCE
22099,NO_VERIFIED_RAILWAY_LINE_REFERENCE
22105,NO_VERIFIED_RAILWAY_LINE_REFERENCE
22114,NO_VERIFIED_RAILWAY_LINE_REFERENCE
22123,NO_VERIFIED_RAILWAY_LINE_REFERENCE
22132,NO_VERIFIED_RAILWAY_LINE_REFERENCE
22141,NO_VERIFIED_RAILWAY_LINE_REFERENCE
22150,NO_VERIFIED_RAILWAY_LINE_REFERENCE
22169,NO_VERIFIED_RAILWAY_LINE_REFERENCE
22178,NO_VERIFIED_RAILWAY_LINE_REFERENCE
22187,NO_VERIFIED_RAILWAY_LINE_REFERENCE
22196,NO_VERIFIED_RAILWAY_LINE_REFERENCE
22202,NO_VERIFIED_RAILWAY_LINE_REFERENCE
22211,NO_VERIFIED_RAILWAY_LINE_REFERENCE
22220,NO_VERIFIED_RAILWAY_LINE_REFERENCE
22239,NO_VERIFIED_RAILWAY_LINE_REFERENCE
22248,NO_VERIFIED_RAILWAY_LINE_REFERENCE
22257,NO_VERIFIED_RAILWAY_LINE_REFERENCE
22266,NO_VERIFIED_RAILWAY_LINE_REFERENCE
22275,NO_VERIFIED_RAILWAY_LINE_REFERENCE
22284,NO_VERIFIED_RAILWAY_LINE_REFERENCE
22293,NO_VERIFIED_RAILWAY_LINE_REFERENCE
22309,NO_VERIFIED_RAILWAY_LINE_REFERENCE
22318,NO_VERIFIED_RAILWAY_LINE_REFERENCE
22327,NO_VERIFIED_RAILWAY_LINE_REFERENCE
22336,NO_VERIFIED_RAILWAY_LINE_REFERENCE
22345,NO_VERIFIED_RAILWAY_LINE_REFERENCE
22354,NO_VERIFIED_RAILWAY_LINE_REFERENCE
22372,NO_VERIFIED_RAILWAY_LINE_REFERENCE
22381,NO_VERIFIED_RAILWAY_LINE_REFERENCE
22390,NO_VERIFIED_RAILWAY_LINE_REFERENCE
22406,NO_VERIFIED_RAILWAY_LINE_REFERENCE
22415,NO_VERIFIED_RAILWAY_LINE_REFERENCE
22424,NO_VERIFIED_RAILWAY_LINE_REFERENCE
22433,NO_VERIFIED_RAILWAY_LINE_REFERENCE
22442,NO_VERIFIED_RAILWAY_LINE_REFERENCE
22451,NO_VERIFIED_RAILWAY_LINE_REFERENCE
22460,NO_VERIFIED_RAILWAY_LINE_REFERENCE
22479,NO_VERIFIED_RAILWAY_LINE_REFERENCE
22488,NO_VERIFIED_RAILWAY_LINE_REFERENCE
22497,NO_VERIFIED_RAILWAY_LINE_REFERENCE
22503,NO_VERIFIED_RAILWAY_LINE_REFERENCE
22512,NO_VERIFIED_RAILWAY_LINE_REFERENCE
22521,NO_VERIFIED_RAILWAY_LINE_REFERENCE
22530,NO_VERIFIED_RAILWAY_LINE_REFERENCE
22549,NO_VERIFIED_RAILWAY_LINE_REFERENCE
22558,NO_VERIFIED_RAILWAY_LINE_REFERENCE
22567,NO_VERIFIED_RAILWAY_LINE_REFERENCE
22576,NO_VERIFIED_RAILWAY_LINE_REFERENCE
22585,NO_VERIFIED_RAILWAY_LINE_REFERENCE
22594,NO_VERIFIED_RAILWAY_LINE_REFERENCE
22600,NO_VERIFIED_RAILWAY_LINE_REFERENCE
22619,NO_VERIFIED_RAILWAY_LINE_REFERENCE
22628,NO_VERIFIED_RAILWAY_LINE_REFERENCE
22637,NO_VERIFIED_RAILWAY_LINE_REFERENCE
22646,NO_VERIFIED_RAILWAY_LINE_REFERENCE
22655,NO_VERIFIED_RAILWAY_LINE_REFERENCE
22664,NO_VERIFIED_RAILWAY_LINE_REFERENCE
22673,NO_VERIFIED_RAILWAY_LINE_REFERENCE
22682,NO_VERIFIED_RAILWAY_LINE_REFERENCE
22691,NO_VERIFIED_RAILWAY_LINE_REFERENCE
22707,NO_VERIFIED_RAILWAY_LINE_REFERENCE
22716,NO_VERIFIED_RAILWAY_LINE_REFERENCE
22725,NO_VERIFIED_RAILWAY_LINE_REFERENCE
22734,NO_VERIFIED_RAILWAY_LINE_REFERENCE
22743,NO_VERIFIED_RAILWAY_LINE_REFERENCE
22752,NO_VERIFIED_RAILWAY_LINE_REFERENCE
22761,NO_VERIFIED_RAILWAY_LINE_REFERENCE
22770,NO_VERIFIED_RAILWAY_LINE_REFERENCE
22789,NO_VERIFIED_RAILWAY_LINE_REFERENCE
22798,NO_VERIFIED_RAILWAY_LINE_REFERENCE
22804,NO_VERIFIED_RAILWAY_LINE_REFERENCE
22813,NO_VERIFIED_RAILWAY_LINE_REFERENCE
22822,NO_VERIFIED_RAILWAY_LINE_REFERENCE
22831,NO_VERIFIED_RAILWAY_LINE_REFERENCE
22840,NO_VERIFIED_RAILWAY_LINE_REFERENCE
22859,NO_VERIFIED_RAILWAY_LINE_REFERENCE
22868,NO_VERIFIED_RAILWAY_LINE_REFERENCE
22877,NO_VERIFIED_RAILWAY_LINE_REFERENCE
22886,NO_VERIFIED_RAILWAY_LINE_REFERENCE
22901,NO_VERIFIED_RAILWAY_LINE_REFERENCE
22910,NO_VERIFIED_RAILWAY_LINE_REFERENCE
22929,NO_VERIFIED_RAILWAY_LINE_REFERENCE
22938,NO_VERIFIED_RAILWAY_LINE_REFERENCE
22947,NO_VERIFIED_RAILWAY_LINE_REFERENCE
22956,NO_VERIFIED_RAILWAY_LINE_REFERENCE
22965,NO_VERIFIED_RAILWAY_LINE_REFERENCE
22974,NO_VERIFIED_RAILWAY_LINE_REFERENCE
22983,NO_VERIFIED_RAILWAY_LINE_REFERENCE
22992,NO_VERIFIED_RAILWAY_LINE_REFERENCE
23001,NO_VERIFIED_RAILWAY_LINE_REFERENCE
23010,NO_VERIFIED_RAILWAY_LINE_REFERENCE
23029,NO_VERIFIED_RAILWAY_LINE_REFERENCE
23038,NO_VERIFIED_RAILWAY_LINE_REFERENCE
23047,NO_VERIFIED_RAILWAY_LINE_REFERENCE
23056,NO_VERIFIED_RAILWAY_LINE_REFERENCE
23065,NO_VERIFIED_RAILWAY_LINE_REFERENCE
23074,NO_VERIFIED_RAILWAY_LINE_REFERENCE
23083,NO_VERIFIED_RAILWAY_LINE_REFERENCE
23092,NO_VERIFIED_RAILWAY_LINE_REFERENCE
23108,NO_VERIFIED_RAILWAY_LINE_REFERENCE
23117,NO_VERIFIED_RAILWAY_LINE_REFERENCE
23126,NO_VERIFIED_RAILWAY_LINE_REFERENCE
23135,NO_VERIFIED_RAILWAY_LINE_REFERENCE
23144,NO_VERIFIED_RAILWAY_LINE_REFERENCE
23153,NO_VERIFIED_RAILWAY_LINE_REFERENCE
23162,NO_VERIFIED_RAILWAY_LINE_REFERENCE
23171,NO_VERIFIED_RAILWAY_LINE_REFERENCE
23180,NO_VERIFIED_RAILWAY_LINE_REFERENCE
23199,NO_VERIFIED_RAILWAY_LINE_REFERENCE
23205,NO_VERIFIED_RAILWAY_LINE_REFERENCE
23214,NO_VERIFIED_RAILWAY_LINE_REFERENCE
23223,NO_VERIFIED_RAILWAY_LINE_REFERENCE
23241,NO_VERIFIED_RAILWAY_LINE_REFERENCE
23250,NO_VERIFIED_RAILWAY_LINE_REFERENCE
23269,NO_VERIFIED_RAILWAY_LINE_REFERENCE
23278,NO_VERIFIED_RAILWAY_LINE_REFERENCE
23287,NO_VERIFIED_RAILWAY_LINE_REFERENCE
23296,NO_VERIFIED_RAILWAY_LINE_REFERENCE
23302,NO_VERIFIED_RAILWAY_LINE_REFERENCE
23311,NO_VERIFIED_RAILWAY_LINE_REFERENCE
23320,NO_VERIFIED_RAILWAY_LINE_REFERENCE
23339,NO_VERIFIED_RAILWAY_LINE_REFERENCE
23348,NO_VERIFIED_RAILWAY_LINE_REFERENCE
23357,NO_VERIFIED_RAILWAY_LINE_REFERENCE
23375,NO_VERIFIED_RAILWAY_LINE_REFERENCE
23384,NO_VERIFIED_RAILWAY_LINE_REFERENCE
23393,NO_VERIFIED_RAILWAY_LINE_REFERENCE
23409,NO_VERIFIED_RAILWAY_LINE_REFERENCE
23418,NO_VERIFIED_RAILWAY_LINE_REFERENCE
23427,NO_VERIFIED_RAILWAY_LINE_REFERENCE
23436,NO_VERIFIED_RAILWAY_LINE_REFERENCE
23445,NO_VERIFIED_RAILWAY_LINE_REFERENCE
23454,NO_VERIFIED_RAILWAY_LINE_REFERENCE
23463,NO_VERIFIED_RAILWAY_LINE_REFERENCE
23472,NO_VERIFIED_RAILWAY_LINE_REFERENCE
23481,NO_VERIFIED_RAILWAY_LINE_REFERENCE
23490,NO_VERIFIED_RAILWAY_LINE_REFERENCE
23506,NO_VERIFIED_RAILWAY_LINE_REFERENCE
23515,NO_VERIFIED_RAILWAY_LINE_REFERENCE
23524,NO_VERIFIED_RAILWAY_LINE_REFERENCE
23533,NO_VERIFIED_RAILWAY_LINE_REFERENCE
23542,NO_VERIFIED_RAILWAY_LINE_REFERENCE
23551,NO_VERIFIED_RAILWAY_LINE_REFERENCE
23560,NO_VERIFIED_RAILWAY_LINE_REFERENCE
23579,NO_VERIFIED_RAILWAY_LINE_REFERENCE
23588,NO_VERIFIED_RAILWAY_LINE_REFERENCE
23597,NO_VERIFIED_RAILWAY_LINE_REFERENCE
23603,NO_VERIFIED_RAILWAY_LINE_REFERENCE
23612,NO_VERIFIED_RAILWAY_LINE_REFERENCE
23630,NO_VERIFIED_RAILWAY_LINE_REFERENCE
23649,NO_VERIFIED_RAILWAY_LINE_REFERENCE
23658,NO_VERIFIED_RAILWAY_LINE_REFERENCE
23676,NO_VERIFIED_RAILWAY_LINE_REFERENCE
23685,NO_VERIFIED_RAILWAY_LINE_REFERENCE
23694,NO_VERIFIED_RAILWAY_LINE_REFERENCE
23700,NO_VERIFIED_RAILWAY_LINE_REFERENCE
23719,NO_VERIFIED_RAILWAY_LINE_REFERENCE
23728,NO_VERIFIED_RAILWAY_LINE_REFERENCE
23737,NO_VERIFIED_RAILWAY_LINE_REFERENCE
23746,NO_VERIFIED_RAILWAY_LINE_REFERENCE
23755,NO_VERIFIED_RAILWAY_LINE_REFERENCE
23764,NO_VERIFIED_RAILWAY_LINE_REFERENCE
23773,NO_VERIFIED_RAILWAY_LINE_REFERENCE
23782,NO_VERIFIED_RAILWAY_LINE_REFERENCE
23791,NO_VERIFIED_RAILWAY_LINE_REFERENCE
23807,NO_VERIFIED_RAILWAY_LINE_REFERENCE
23816,NO_VERIFIED_RAILWAY_LINE_REFERENCE
23825,NO_VERIFIED_RAILWAY_LINE_REFERENCE
23834,NO_VERIFIED_RAILWAY_LINE_REFERENCE
23843,NO_VERIFIED_RAILWAY_LINE_REFERENCE
23852,NO_VERIFIED_RAILWAY_LINE_REFERENCE
23861,NO_VERIFIED_RAILWAY_LINE_REFERENCE
23870,NO_VERIFIED_RAILWAY_LINE_REFERENCE
23889,NO_VERIFIED_RAILWAY_LINE_REFERENCE
23898,NO_VERIFIED_RAILWAY_LINE_REFERENCE
23904,NO_VERIFIED_RAILWAY_LINE_REFERENCE
23913,NO_VERIFIED_RAILWAY_LINE_REFERENCE
23922,NO_VERIFIED_RAILWAY_LINE_REFERENCE
23931,NO_VERIFIED_RAILWAY_LINE_REFERENCE
23940,NO_VERIFIED_RAILWAY_LINE_REFERENCE
23959,NO_VERIFIED_RAILWAY_LINE_REFERENCE
23968,NO_VERIFIED_RAILWAY_LINE_REFERENCE
23977,NO_VERIFIED_RAILWAY_LINE_REFERENCE
23986,NO_VERIFIED_RAILWAY_LINE_REFERENCE
23995,NO_VERIFIED_RAILWAY_LINE_REFERENCE
24004,NO_VERIFIED_RAILWAY_LINE_REFERENCE
24013,NO_VERIFIED_RAILWAY_LINE_REFERENCE
24022,NO_VERIFIED_RAILWAY_LINE_REFERENCE
24031,NO_VERIFIED_RAILWAY_LINE_REFERENCE
24040,NO_VERIFIED_RAILWAY_LINE_REFERENCE
24059,NO_VERIFIED_RAILWAY_LINE_REFERENCE
24068,NO_VERIFIED_RAILWAY_LINE_REFERENCE
24077,NO_VERIFIED_RAILWAY_LINE_REFERENCE
24086,NO_VERIFIED_RAILWAY_LINE_REFERENCE
24095,NO_VERIFIED_RAILWAY_LINE_REFERENCE
24101,NO_VERIFIED_RAILWAY_LINE_REFERENCE
24110,NO_VERIFIED_RAILWAY_LINE_REFERENCE
24129,NO_VERIFIED_RAILWAY_LINE_REFERENCE
24138,NO_VERIFIED_RAILWAY_LINE_REFERENCE
24147,NO_VERIFIED_RAILWAY_LINE_REFERENCE
24156,NO_VERIFIED_RAILWAY_LINE_REFERENCE
24165,NO_VERIFIED_RAILWAY_LINE_REFERENCE
24174,NO_VERIFIED_RAILWAY_LINE_REFERENCE
24183,NO_VERIFIED_RAILWAY_LINE_REFERENCE
24192,NO_VERIFIED_RAILWAY_LINE_REFERENCE
24208,NO_VERIFIED_RAILWAY_LINE_REFERENCE
24217,NO_VERIFIED_RAILWAY_LINE_REFERENCE
24226,NO_VERIFIED_RAILWAY_LINE_REFERENCE
24235,NO_VERIFIED_RAILWAY_LINE_REFERENCE
24244,NO_VERIFIED_RAILWAY_LINE_REFERENCE
24253,NO_VERIFIED_RAILWAY_LINE_REFERENCE
24262,NO_VERIFIED_RAILWAY_LINE_REFERENCE
24271,NO_VERIFIED_RAILWAY_LINE_REFERENCE
24280,NO_VERIFIED_RAILWAY_LINE_REFERENCE
24299,NO_VERIFIED_RAILWAY_LINE_REFERENCE
24305,NO_VERIFIED_RAILWAY_LINE_REFERENCE
24314,NO_VERIFIED_RAILWAY_LINE_REFERENCE
24323,NO_VERIFIED_RAILWAY_LINE_REFERENCE
24332,NO_VERIFIED_RAILWAY_LINE_REFERENCE
24341,NO_VERIFIED_RAILWAY_LINE_REFERENCE
24350,NO_VERIFIED_RAILWAY_LINE_REFERENCE
24369,NO_VERIFIED_RAILWAY_LINE_REFERENCE
24378,NO_VERIFIED_RAILWAY_LINE_REFERENCE
24387,NO_VERIFIED_RAILWAY_LINE_REFERENCE
24396,NO_VERIFIED_RAILWAY_LINE_REFERENCE
24402,NO_VERIFIED_RAILWAY_LINE_REFERENCE
24411,NO_VERIFIED_RAILWAY_LINE_REFERENCE
24420,NO_VERIFIED_RAILWAY_LINE_REFERENCE
24439,NO_VERIFIED_RAILWAY_LINE_REFERENCE
24448,NO_VERIFIED_RAILWAY_LINE_REFERENCE
24457,NO_VERIFIED_RAILWAY_LINE_REFERENCE
24466,NO_VERIFIED_RAILWAY_LINE_REFERENCE
24475,NO_VERIFIED_RAILWAY_LINE_REFERENCE
24484,NO_VERIFIED_RAILWAY_LINE_REFERENCE
24493,NO_VERIFIED_RAILWAY_LINE_REFERENCE
24509,NO_VERIFIED_RAILWAY_LINE_REFERENCE
24518,NO_VERIFIED_RAILWAY_LINE_REFERENCE
24527,NO_VERIFIED_RAILWAY_LINE_REFERENCE
24536,NO_VERIFIED_RAILWAY_LINE_REFERENCE
24545,NO_VERIFIED_RAILWAY_LINE_REFERENCE
24554,NO_VERIFIED_RAILWAY_LINE_REFERENCE
24563,NO_VERIFIED_RAILWAY_LINE_REFERENCE
24572,NO_VERIFIED_RAILWAY_LINE_REFERENCE
24581,NO_VERIFIED_RAILWAY_LINE_REFERENCE
24590,NO_VERIFIED_RAILWAY_LINE_REFERENCE
24606,NO_VERIFIED_RAILWAY_LINE_REFERENCE
24615,NO_VERIFIED_RAILWAY_LINE_REFERENCE
24624,NO_VERIFIED_RAILWAY_LINE_REFERENCE
24633,NO_VERIFIED_RAILWAY_LINE_REFERENCE
24642,NO_VERIFIED_RAILWAY_LINE_REFERENCE
24651,NO_VERIFIED_RAILWAY_LINE_REFERENCE
24660,NO_VERIFIED_RAILWAY_LINE_REFERENCE
24679,NO_VERIFIED_RAILWAY_LINE_REFERENCE
24697,NO_VERIFIED_RAILWAY_LINE_REFERENCE
24703,NO_VERIFIED_RAILWAY_LINE_REFERENCE
24712,NO_VERIFIED_RAILWAY_LINE_REFERENCE
24721,NO_VERIFIED_RAILWAY_LINE_REFERENCE
24730,NO_VERIFIED_RAILWAY_LINE_REFERENCE
24749,NO_VERIFIED_RAILWAY_LINE_REFERENCE
24758,NO_VERIFIED_RAILWAY_LINE_REFERENCE
24767,NO_VERIFIED_RAILWAY_LINE_REFERENCE
24776,NO_VERIFIED_RAILWAY_LINE_REFERENCE
24785,NO_VERIFIED_RAILWAY_LINE_REFERENCE
24794,NO_VERIFIED_RAILWAY_LINE_REFERENCE
24800,NO_VERIFIED_RAILWAY_LINE_REFERENCE
24819,NO_VERIFIED_RAILWAY_LINE_REFERENCE
24828,NO_VERIFIED_RAILWAY_LINE_REFERENCE
24837,NO_VERIFIED_RAILWAY_LINE_REFERENCE
24846,NO_VERIFIED_RAILWAY_LINE_REFERENCE
24855,NO_VERIFIED_RAILWAY_LINE_REFERENCE
24864,NO_VERIFIED_RAILWAY_LINE_REFERENCE
24873,NO_VERIFIED_RAILWAY_LINE_REFERENCE
24882,NO_VERIFIED_RAILWAY_LINE_REFERENCE
24891,NO_VERIFIED_RAILWAY_LINE_REFERENCE
24907,NO_VERIFIED_RAILWAY_LINE_REFERENCE
24916,NO_VERIFIED_RAILWAY_LINE_REFERENCE
24925,NO_VERIFIED_RAILWAY_LINE_REFERENCE
24934,NO_VERIFIED_RAILWAY_LINE_REFERENCE
24943,NO_VERIFIED_RAILWAY_LINE_REFERENCE
24952,NO_VERIFIED_RAILWAY_LINE_REFERENCE
24970,NO_VERIFIED_RAILWAY_LINE_REFERENCE
24989,NO_VERIFIED_RAILWAY_LINE_REFERENCE
24998,NO_VERIFIED_RAILWAY_LINE_REFERENCE
25007,NO_VERIFIED_RAILWAY_LINE_REFERENCE
25016,NO_VERIFIED_RAILWAY_LINE_REFERENCE
25025,NO_VERIFIED_RAILWAY_LINE_REFERENCE
25034,NO_VERIFIED_RAILWAY_LINE_REFERENCE
25043,NO_VERIFIED_RAILWAY_LINE_REFERENCE
25052,NO_VERIFIED_RAILWAY_LINE_REFERENCE
25061,NO_VERIFIED_RAILWAY_LINE_REFERENCE
25070,NO_VERIFIED_RAILWAY_LINE_REFERENCE
25089,NO_VERIFIED_RAILWAY_LINE_REFERENCE
25098,NO_VERIFIED_RAILWAY_LINE_REFERENCE
25104,NO_VERIFIED_RAILWAY_LINE_REFERENCE
25113,NO_VERIFIED_RAILWAY_LINE_REFERENCE
25122,NO_VERIFIED_RAILWAY_LINE_REFERENCE
25131,NO_VERIFIED_RAILWAY_LINE_REFERENCE
25140,NO_VERIFIED_RAILWAY_LINE_REFERENCE
25159,NO_VERIFIED_RAILWAY_LINE_REFERENCE
25168,NO_VERIFIED_RAILWAY_LINE_REFERENCE
25177,NO_VERIFIED_RAILWAY_LINE_REFERENCE
25186,NO_VERIFIED_RAILWAY_LINE_REFERENCE
25195,NO_VERIFIED_RAILWAY_LINE_REFERENCE
25201,NO_VERIFIED_RAILWAY_LINE_REFERENCE
25210,NO_VERIFIED_RAILWAY_LINE_REFERENCE
25229,NO_VERIFIED_RAILWAY_LINE_REFERENCE
25238,NO_VERIFIED_RAILWAY_LINE_REFERENCE
25247,NO_VERIFIED_RAILWAY_LINE_REFERENCE
25256,NO_VERIFIED_RAILWAY_LINE_REFERENCE
25265,NO_VERIFIED_RAILWAY_LINE_REFERENCE
25274,NO_VERIFIED_RAILWAY_LINE_REFERENCE
25283,NO_VERIFIED_RAILWAY_LINE_REFERENCE
25292,NO_VERIFIED_RAILWAY_LINE_REFERENCE
25308,NO_VERIFIED_RAILWAY_LINE_REFERENCE
25326,NO_VERIFIED_RAILWAY_LINE_REFERENCE
25335,NO_VERIFIED_RAILWAY_LINE_REFERENCE
25344,NO_VERIFIED_RAILWAY_LINE_REFERENCE
25353,NO_VERIFIED_RAILWAY_LINE_REFERENCE
25362,NO_VERIFIED_RAILWAY_LINE_REFERENCE
25371,NO_VERIFIED_RAILWAY_LINE_REFERENCE
25380,NO_VERIFIED_RAILWAY_LINE_REFERENCE
25399,NO_VERIFIED_RAILWAY_LINE_REFERENCE
25405,NO_VERIFIED_RAILWAY_LINE_REFERENCE
25414,NO_VERIFIED_RAILWAY_LINE_REFERENCE
25423,NO_VERIFIED_RAILWAY_LINE_REFERENCE
25432,NO_VERIFIED_RAILWAY_LINE_REFERENCE
25441,NO_VERIFIED_RAILWAY_LINE_REFERENCE
25450,NO_VERIFIED_RAILWAY_LINE_REFERENCE
25469,NO_VERIFIED_RAILWAY_LINE_REFERENCE
25478,NO_VERIFIED_RAILWAY_LINE_REFERENCE
25487,NO_VERIFIED_RAILWAY_LINE_REFERENCE
25496,NO_VERIFIED_RAILWAY_LINE_REFERENCE
25502,NO_VERIFIED_RAILWAY_LINE_REFERENCE
25511,NO_VERIFIED_RAILWAY_LINE_REFERENCE
25520,NO_VERIFIED_RAILWAY_LINE_REFERENCE
25539,NO_VERIFIED_RAILWAY_LINE_REFERENCE
25548,NO_VERIFIED_RAILWAY_LINE_REFERENCE
25566,NO_VERIFIED_RAILWAY_LINE_REFERENCE
25575,NO_VERIFIED_RAILWAY_LINE_REFERENCE
25584,NO_VERIFIED_RAILWAY_LINE_REFERENCE
25593,NO_VERIFIED_RAILWAY_LINE_REFERENCE
25609,NO_VERIFIED_RAILWAY_LINE_REFERENCE
25618,NO_VERIFIED_RAILWAY_LINE_REFERENCE
25627,NO_VERIFIED_RAILWAY_LINE_REFERENCE
25636,NO_VERIFIED_RAILWAY_LINE_REFERENCE
25645,NO_VERIFIED_RAILWAY_LINE_REFERENCE
25654,NO_VERIFIED_RAILWAY_LINE_REFERENCE
25663,NO_VERIFIED_RAILWAY_LINE_REFERENCE
25672,NO_VERIFIED_RAILWAY_LINE_REFERENCE
25681,NO_VERIFIED_RAILWAY_LINE_REFERENCE
25690,NO_VERIFIED_RAILWAY_LINE_REFERENCE
25706,NO_VERIFIED_RAILWAY_LINE_REFERENCE
25715,NO_VERIFIED_RAILWAY_LINE_REFERENCE
25724,NO_VERIFIED_RAILWAY_LINE_REFERENCE
25733,NO_VERIFIED_RAILWAY_LINE_REFERENCE
25742,NO_VERIFIED_RAILWAY_LINE_REFERENCE
25751,NO_VERIFIED_RAILWAY_LINE_REFERENCE
25760,NO_VERIFIED_RAILWAY_LINE_REFERENCE
25779,NO_VERIFIED_RAILWAY_LINE_REFERENCE
25788,NO_VERIFIED_RAILWAY_LINE_REFERENCE
25797,NO_VERIFIED_RAILWAY_LINE_REFERENCE
25803,NO_VERIFIED_RAILWAY_LINE_REFERENCE
25812,NO_VERIFIED_RAILWAY_LINE_REFERENCE
25821,NO_VERIFIED_RAILWAY_LINE_REFERENCE
25830,NO_VERIFIED_RAILWAY_LINE_REFERENCE
25849,NO_VERIFIED_RAILWAY_LINE_REFERENCE
25858,NO_VERIFIED_RAILWAY_LINE_REFERENCE
25867,NO_VERIFIED_RAILWAY_LINE_REFERENCE
25876,NO_VERIFIED_RAILWAY_LINE_REFERENCE
25885,NO_VERIFIED_RAILWAY_LINE_REFERENCE
25894,NO_VERIFIED_RAILWAY_LINE_REFERENCE
25900,NO_VERIFIED_RAILWAY_LINE_REFERENCE
25919,NO_VERIFIED_RAILWAY_LINE_REFERENCE
25928,NO_VERIFIED_RAILWAY_LINE_REFERENCE
25937,NO_VERIFIED_RAILWAY_LINE_REFERENCE
25946,NO_VERIFIED_RAILWAY_LINE_REFERENCE
25955,NO_VERIFIED_RAILWAY_LINE_REFERENCE
25964,NO_VERIFIED_RAILWAY_LINE_REFERENCE
25973,NO_VERIFIED_RAILWAY_LINE_REFERENCE
25982,NO_VERIFIED_RAILWAY_LINE_REFERENCE
25991,NO_VERIFIED_RAILWAY_LINE_REFERENCE
26000,NO_VERIFIED_RAILWAY_LINE_REFERENCE
26019,NO_VERIFIED_RAILWAY_LINE_REFERENCE
26028,NO_VERIFIED_RAILWAY_LINE_REFERENCE
26037,NO_VERIFIED_RAILWAY_LINE_REFERENCE
26046,NO_VERIFIED_RAILWAY_LINE_REFERENCE
26055,NO_VERIFIED_RAILWAY_LINE_REFERENCE
26064,NO_VERIFIED_RAILWAY_LINE_REFERENCE
26073,NO_VERIFIED_RAILWAY_LINE_REFERENCE
26082,NO_VERIFIED_RAILWAY_LINE_REFERENCE
26091,NO_VERIFIED_RAILWAY_LINE_REFERENCE
26107,NO_VERIFIED_RAILWAY_LINE_REFERENCE
26116,NO_VERIFIED_RAILWAY_LINE_REFERENCE
26125,NO_VERIFIED_RAILWAY_LINE_REFERENCE
26134,NO_VERIFIED_RAILWAY_LINE_REFERENCE
26143,NO_VERIFIED_RAILWAY_LINE_REFERENCE
26152,NO_VERIFIED_RAILWAY_LINE_REFERENCE
26161,NO_VERIFIED_RAILWAY_LINE_REFERENCE
26170,NO_VERIFIED_RAILWAY_LINE_REFERENCE
26189,NO_VERIFIED_RAILWAY_LINE_REFERENCE
26198,NO_VERIFIED_RAILWAY_LINE_REFERENCE
26204,NO_VERIFIED_RAILWAY_LINE_REFERENCE
26213,NO_VERIFIED_RAILWAY_LINE_REFERENCE
26222,NO_VERIFIED_RAILWAY_LINE_REFERENCE
26231,NO_VERIFIED_RAILWAY_LINE_REFERENCE
26240,NO_VERIFIED_RAILWAY_LINE_REFERENCE
26259,NO_VERIFIED_RAILWAY_LINE_REFERENCE
26268,NO_VERIFIED_RAILWAY_LINE_REFERENCE
26277,NO_VERIFIED_RAILWAY_LINE_REFERENCE
26286,NO_VERIFIED_RAILWAY_LINE_REFERENCE
26295,NO_VERIFIED_RAILWAY_LINE_REFERENCE
26301,NO_VERIFIED_RAILWAY_LINE_REFERENCE
26310,NO_VERIFIED_RAILWAY_LINE_REFERENCE
26329,NO_VERIFIED_RAILWAY_LINE_REFERENCE
26338,NO_VERIFIED_RAILWAY_LINE_REFERENCE
26347,NO_VERIFIED_RAILWAY_LINE_REFERENCE
26356,NO_VERIFIED_RAILWAY_LINE_REFERENCE
26365,NO_VERIFIED_RAILWAY_LINE_REFERENCE
26374,NO_VERIFIED_RAILWAY_LINE_REFERENCE
26383,NO_VERIFIED_RAILWAY_LINE_REFERENCE
26392,NO_VERIFIED_RAILWAY_LINE_REFERENCE
26408,NO_VERIFIED_RAILWAY_LINE_REFERENCE
26417,NO_VERIFIED_RAILWAY_LINE_REFERENCE
26426,NO_VERIFIED_RAILWAY_LINE_REFERENCE
26435,NO_VERIFIED_RAILWAY_LINE_REFERENCE
26444,NO_VERIFIED_RAILWAY_LINE_REFERENCE
26453,NO_VERIFIED_RAILWAY_LINE_REFERENCE
26462,NO_VERIFIED_RAILWAY_LINE_REFERENCE
26471,NO_VERIFIED_RAILWAY_LINE_REFERENCE
26480,NO_VERIFIED_RAILWAY_LINE_REFERENCE
26499,NO_VERIFIED_RAILWAY_LINE_REFERENCE
26505,NO_VERIFIED_RAILWAY_LINE_REFERENCE
26514,NO_VERIFIED_RAILWAY_LINE_REFERENCE
26523,NO_VERIFIED_RAILWAY_LINE_REFERENCE
26532,NO_VERIFIED_RAILWAY_LINE_REFERENCE
26541,NO_VERIFIED_RAILWAY_LINE_REFERENCE
26550,NO_VERIFIED_RAILWAY_LINE_REFERENCE
26569,NO_VERIFIED_RAILWAY_LINE_REFERENCE
26578,NO_VERIFIED_RAILWAY_LINE_REFERENCE
26587,NO_VERIFIED_RAILWAY_LINE_REFERENCE
26596,NO_VERIFIED_RAILWAY_LINE_REFERENCE
26602,NO_VERIFIED_RAILWAY_LINE_REFERENCE
26611,NO_VERIFIED_RAILWAY_LINE_REFERENCE
26620,NO_VERIFIED_RAILWAY_LINE_REFERENCE
26639,NO_VERIFIED_RAILWAY_LINE_REFERENCE
26648,NO_VERIFIED_RAILWAY_LINE_REFERENCE
26657,NO_VERIFIED_RAILWAY_LINE_REFERENCE
26666,NO_VERIFIED_RAILWAY_LINE_REFERENCE
26675,NO_VERIFIED_RAILWAY_LINE_REFERENCE
26684,NO_VERIFIED_RAILWAY_LINE_REFERENCE
26693,NO_VERIFIED_RAILWAY_LINE_REFERENCE
26709,NO_VERIFIED_RAILWAY_LINE_REFERENCE
26718,NO_VERIFIED_RAILWAY_LINE_REFERENCE
26727,NO_VERIFIED_RAILWAY_LINE_REFERENCE
26736,NO_VERIFIED_RAILWAY_LINE_REFERENCE
26745,NO_VERIFIED_RAILWAY_LINE_REFERENCE
26754,NO_VERIFIED_RAILWAY_LINE_REFERENCE
26763,NO_VERIFIED_RAILWAY_LINE_REFERENCE
26772,NO_VERIFIED_RAILWAY_LINE_REFERENCE
26781,NO_VERIFIED_RAILWAY_LINE_REFERENCE
26790,NO_VERIFIED_RAILWAY_LINE_REFERENCE
26806,NO_VERIFIED_RAILWAY_LINE_REFERENCE
26815,NO_VERIFIED_RAILWAY_LINE_REFERENCE
26824,NO_VERIFIED_RAILWAY_LINE_REFERENCE
26833,NO_VERIFIED_RAILWAY_LINE_REFERENCE
26842,NO_VERIFIED_RAILWAY_LINE_REFERENCE
26851,NO_VERIFIED_RAILWAY_LINE_REFERENCE
26860,NO_VERIFIED_RAILWAY_LINE_REFERENCE
26879,NO_VERIFIED_RAILWAY_LINE_REFERENCE
26888,NO_VERIFIED_RAILWAY_LINE_REFERENCE
26897,NO_VERIFIED_RAILWAY_LINE_REFERENCE
26903,NO_VERIFIED_RAILWAY_LINE_REFERENCE
26921,NO_VERIFIED_RAILWAY_LINE_REFERENCE
26930,NO_VERIFIED_RAILWAY_LINE_REFERENCE
26949,NO_VERIFIED_RAILWAY_LINE_REFERENCE
26958,NO_VERIFIED_RAILWAY_LINE_REFERENCE
26967,NO_VERIFIED_RAILWAY_LINE_REFERENCE
26976,NO_VERIFIED_RAILWAY_LINE_REFERENCE
26985,NO_VERIFIED_RAILWAY_LINE_REFERENCE
26994,NO_VERIFIED_RAILWAY_LINE_REFERENCE
27012,NO_VERIFIED_RAILWAY_LINE_REFERENCE
27021,NO_VERIFIED_RAILWAY_LINE_REFERENCE
27030,NO_VERIFIED_RAILWAY_LINE_REFERENCE
27049,NO_VERIFIED_RAILWAY_LINE_REFERENCE
27058,NO_VERIFIED_RAILWAY_LINE_REFERENCE
27067,NO_VERIFIED_RAILWAY_LINE_REFERENCE
27076,NO_VERIFIED_RAILWAY_LINE_REFERENCE
27085,NO_VERIFIED_RAILWAY_LINE_REFERENCE
27094,NO_VERIFIED_RAILWAY_LINE_REFERENCE
27100,NO_VERIFIED_RAILWAY_LINE_REFERENCE
27119,NO_VERIFIED_RAILWAY_LINE_REFERENCE
27128,NO_VERIFIED_RAILWAY_LINE_REFERENCE
27137,NO_VERIFIED_RAILWAY_LINE_REFERENCE
27146,NO_VERIFIED_RAILWAY_LINE_REFERENCE
27155,NO_VERIFIED_RAILWAY_LINE_REFERENCE
27164,NO_VERIFIED_RAILWAY_LINE_REFERENCE
27173,NO_VERIFIED_RAILWAY_LINE_REFERENCE
27182,NO_VERIFIED_RAILWAY_LINE_REFERENCE
27191,NO_VERIFIED_RAILWAY_LINE_REFERENCE
27207,NO_VERIFIED_RAILWAY_LINE_REFERENCE
27216,NO_VERIFIED_RAILWAY_LINE_REFERENCE
27225,NO_VERIFIED_RAILWAY_LINE_REFERENCE
27234,NO_VERIFIED_RAILWAY_LINE_REFERENCE
27243,NO_VERIFIED_RAILWAY_LINE_REFERENCE
27252,NO_VERIFIED_RAILWAY_LINE_REFERENCE
27261,NO_VERIFIED_RAILWAY_LINE_REFERENCE
27270,NO_VERIFIED_RAILWAY_LINE_REFERENCE
27289,NO_VERIFIED_RAILWAY_LINE_REFERENCE
27298,NO_VERIFIED_RAILWAY_LINE_REFERENCE
27304,NO_VERIFIED_RAILWAY_LINE_REFERENCE
27313,NO_VERIFIED_RAILWAY_LINE_REFERENCE
27322,NO_VERIFIED_RAILWAY_LINE_REFERENCE
27331,NO_VERIFIED_RAILWAY_LINE_REFERENCE
27340,NO_VERIFIED_RAILWAY_LINE_REFERENCE
27359,NO_VERIFIED_RAILWAY_LINE_REFERENCE
27368,NO_VERIFIED_RAILWAY_LINE_REFERENCE
27377,NO_VERIFIED_RAILWAY_LINE_REFERENCE
27386,NO_VERIFIED_RAILWAY_LINE_REFERENCE
27395,NO_VERIFIED_RAILWAY_LINE_REFERENCE
27401,NO_VERIFIED_RAILWAY_LINE_REFERENCE
27410,NO_VERIFIED_RAILWAY_LINE_REFERENCE
27429,NO_VERIFIED_RAILWAY_LINE_REFERENCE
27438,NO_VERIFIED_RAILWAY_LINE_REFERENCE
27447,NO_VERIFIED_RAILWAY_LINE_REFERENCE
27456,NO_VERIFIED_RAILWAY_LINE_REFERENCE
27465,NO_VERIFIED_RAILWAY_LINE_REFERENCE
27474,NO_VERIFIED_RAILWAY_LINE_REFERENCE
27483,NO_VERIFIED_RAILWAY_LINE_REFERENCE
27492,NO_VERIFIED_RAILWAY_LINE_REFERENCE
27508,NO_VERIFIED_RAILWAY_LINE_REFERENCE
27517,NO_VERIFIED_RAILWAY_LINE_REFERENCE
27526,NO_VERIFIED_RAILWAY_LINE_REFERENCE
27535,NO_VERIFIED_RAILWAY_LINE_REFERENCE
27544,NO_VERIFIED_RAILWAY_LINE_REFERENCE
27553,NO_VERIFIED_RAILWAY_LINE_REFERENCE
27562,NO_VERIFIED_RAILWAY_LINE_REFERENCE
27571,NO_VERIFIED_RAILWAY_LINE_REFERENCE
27580,NO_VERIFIED_RAILWAY_LINE_REFERENCE
27599,NO_VERIFIED_RAILWAY_LINE_REFERENCE
27605,NO_VERIFIED_RAILWAY_LINE_REFERENCE
27614,NO_VERIFIED_RAILWAY_LINE_REFERENCE
27623,NO_VERIFIED_RAILWAY_LINE_REFERENCE
27632,NO_VERIFIED_RAILWAY_LINE_REFERENCE
27641,NO_VERIFIED_RAILWAY_LINE_REFERENCE
27650,NO_VERIFIED_RAILWAY_LINE_REFERENCE
27669,NO_VERIFIED_RAILWAY_LINE_REFERENCE
27678,NO_VERIFIED_RAILWAY_LINE_REFERENCE
27687,NO_VERIFIED_RAILWAY_LINE_REFERENCE
27696,NO_VERIFIED_RAILWAY_LINE_REFERENCE
27702,NO_VERIFIED_RAILWAY_LINE_REFERENCE
27711,NO_VERIFIED_RAILWAY_LINE_REFERENCE
27720,NO_VERIFIED_RAILWAY_LINE_REFERENCE
27739,NO_VERIFIED_RAILWAY_LINE_REFERENCE
27748,NO_VERIFIED_RAILWAY_LINE_REFERENCE
27757,NO_VERIFIED_RAILWAY_LINE_REFERENCE
27766,NO_VERIFIED_RAILWAY_LINE_REFERENCE
27775,NO_VERIFIED_RAILWAY_LINE_REFERENCE
27784,NO_VERIFIED_RAILWAY_LINE_REFERENCE
27793,NO_VERIFIED_RAILWAY_LINE_REFERENCE
27809,NO_VERIFIED_RAILWAY_LINE_REFERENCE
27818,NO_VERIFIED_RAILWAY_LINE_REFERENCE
27827,NO_VERIFIED_RAILWAY_LINE_REFERENCE
27836,NO_VERIFIED_RAILWAY_LINE_REFERENCE
27845,NO_VERIFIED_RAILWAY_LINE_REFERENCE
27854,NO_VERIFIED_RAILWAY_LINE_REFERENCE
27863,NO_VERIFIED_RAILWAY_LINE_REFERENCE
27872,NO_VERIFIED_RAILWAY_LINE_REFERENCE
27881,NO_VERIFIED_RAILWAY_LINE_REFERENCE
27890,NO_VERIFIED_RAILWAY_LINE_REFERENCE
27906,NO_VERIFIED_RAILWAY_LINE_REFERENCE
27915,NO_VERIFIED_RAILWAY_LINE_REFERENCE
27924,NO_VERIFIED_RAILWAY_LINE_REFERENCE
27933,NO_VERIFIED_RAILWAY_LINE_REFERENCE
27942,NO_VERIFIED_RAILWAY_LINE_REFERENCE
27951,NO_VERIFIED_RAILWAY_LINE_REFERENCE
27960,NO_VERIFIED_RAILWAY_LINE_REFERENCE
27979,NO_VERIFIED_RAILWAY_LINE_REFERENCE
27988,NO_VERIFIED_RAILWAY_LINE_REFERENCE
27997,NO_VERIFIED_RAILWAY_LINE_REFERENCE
28006,NO_VERIFIED_RAILWAY_LINE_REFERENCE
28015,NO_VERIFIED_RAILWAY_LINE_REFERENCE
28024,NO_VERIFIED_RAILWAY_LINE_REFERENCE
28033,NO_VERIFIED_RAILWAY_LINE_REFERENCE
28051,NO_VERIFIED_RAILWAY_LINE_REFERENCE
28060,NO_VERIFIED_RAILWAY_LINE_REFERENCE
28079,NO_VERIFIED_RAILWAY_LINE_REFERENCE
28088,NO_VERIFIED_RAILWAY_LINE_REFERENCE
28097,NO_VERIFIED_RAILWAY_LINE_REFERENCE
28103,NO_VERIFIED_RAILWAY_LINE_REFERENCE
28112,NO_VERIFIED_RAILWAY_LINE_REFERENCE
28121,NO_VERIFIED_RAILWAY_LINE_REFERENCE
28130,NO_VERIFIED_RAILWAY_LINE_REFERENCE
28149,NO_VERIFIED_RAILWAY_LINE_REFERENCE
28158,NO_VERIFIED_RAILWAY_LINE_REFERENCE
28167,NO_VERIFIED_RAILWAY_LINE_REFERENCE
28185,NO_VERIFIED_RAILWAY_LINE_REFERENCE
28194,NO_VERIFIED_RAILWAY_LINE_REFERENCE
28200,NO_VERIFIED_RAILWAY_LINE_REFERENCE
28219,NO_VERIFIED_RAILWAY_LINE_REFERENCE
28228,NO_VERIFIED_RAILWAY_LINE_REFERENCE
28237,NO_VERIFIED_RAILWAY_LINE_REFERENCE
28246,NO_VERIFIED_RAILWAY_LINE_REFERENCE
28255,NO_VERIFIED_RAILWAY_LINE_REFERENCE
28264,NO_VERIFIED_RAILWAY_LINE_REFERENCE
28273,NO_VERIFIED_RAILWAY_LINE_REFERENCE
28282,NO_VERIFIED_RAILWAY_LINE_REFERENCE
28291,NO_VERIFIED_RAILWAY_LINE_REFERENCE
28307,NO_VERIFIED_RAILWAY_LINE_REFERENCE
28316,NO_VERIFIED_RAILWAY_LINE_REFERENCE
28325,NO_VERIFIED_RAILWAY_LINE_REFERENCE
28334,NO_VERIFIED_RAILWAY_LINE_REFERENCE
28343,NO_VERIFIED_RAILWAY_LINE_REFERENCE
28352,NO_VERIFIED_RAILWAY_LINE_REFERENCE
28361,NO_VERIFIED_RAILWAY_LINE_REFERENCE
28370,NO_VERIFIED_RAILWAY_LINE_REFERENCE
28389,NO_VERIFIED_RAILWAY_LINE_REFERENCE
28398,NO_VERIFIED_RAILWAY_LINE_REFERENCE
28404,NO_VERIFIED_RAILWAY_LINE_REFERENCE
28413,NO_VERIFIED_RAILWAY_LINE_REFERENCE
28422,NO_VERIFIED_RAILWAY_LINE_REFERENCE
28431,NO_VERIFIED_RAILWAY_LINE_REFERENCE
28440,NO_VERIFIED_RAILWAY_LINE_REFERENCE
28459,NO_VERIFIED_RAILWAY_LINE_REFERENCE
28468,NO_VERIFIED_RAILWAY_LINE_REFERENCE
28477,NO_VERIFIED_RAILWAY_LINE_REFERENCE
28486,NO_VERIFIED_RAILWAY_LINE_REFERENCE
28495,NO_VERIFIED_RAILWAY_LINE_REFERENCE
28501,NO_VERIFIED_RAILWAY_LINE_REFERENCE
28510,NO_VERIFIED_RAILWAY_LINE_REFERENCE
28529,NO_VERIFIED_RAILWAY_LINE_REFERENCE
28538,NO_VERIFIED_RAILWAY_LINE_REFERENCE
28547,NO_VERIFIED_RAILWAY_LINE_REFERENCE
28556,NO_VERIFIED_RAILWAY_LINE_REFERENCE
28565,NO_VERIFIED_RAILWAY_LINE_REFERENCE
28574,NO_VERIFIED_RAILWAY_LINE_REFERENCE
28583,NO_VERIFIED_RAILWAY_LINE_REFERENCE
28592,NO_VERIFIED_RAILWAY_LINE_REFERENCE
28608,NO_VERIFIED_RAILWAY_LINE_REFERENCE
28617,NO_VERIFIED_RAILWAY_LINE_REFERENCE
28626,NO_VERIFIED_RAILWAY_LINE_REFERENCE
28635,NO_VERIFIED_RAILWAY_LINE_REFERENCE
28644,NO_VERIFIED_RAILWAY_LINE_REFERENCE
28653,NO_VERIFIED_RAILWAY_LINE_REFERENCE
28662,NO_VERIFIED_RAILWAY_LINE_REFERENCE
28671,NO_VERIFIED_RAILWAY_LINE_REFERENCE
28699,NO_VERIFIED_RAILWAY_LINE_REFERENCE
28705,NO_VERIFIED_RAILWAY_LINE_REFERENCE
28714,NO_VERIFIED_RAILWAY_LINE_REFERENCE
28723,NO_VERIFIED_RAILWAY_LINE_REFERENCE
28732,NO_VERIFIED_RAILWAY_LINE_REFERENCE
28741,NO_VERIFIED_RAILWAY_LINE_REFERENCE
28750,NO_VERIFIED_RAILWAY_LINE_REFERENCE
28769,NO_VERIFIED_RAILWAY_LINE_REFERENCE
28778,NO_VERIFIED_RAILWAY_LINE_REFERENCE
28787,NO_VERIFIED_RAILWAY_LINE_REFERENCE
28796,NO_VERIFIED_RAILWAY_LINE_REFERENCE
28802,NO_VERIFIED_RAILWAY_LINE_REFERENCE
28811,NO_VERIFIED_RAILWAY_LINE_REFERENCE
28820,NO_VERIFIED_RAILWAY_LINE_REFERENCE
28839,NO_VERIFIED_RAILWAY_LINE_REFERENCE
28848,NO_VERIFIED_RAILWAY_LINE_REFERENCE
28857,NO_VERIFIED_RAILWAY_LINE_REFERENCE
28866,NO_VERIFIED_RAILWAY_LINE_REFERENCE
28875,NO_VERIFIED_RAILWAY_LINE_REFERENCE
28884,NO_VERIFIED_RAILWAY_LINE_REFERENCE
28893,NO_VERIFIED_RAILWAY_LINE_REFERENCE
28909,NO_VERIFIED_RAILWAY_LINE_REFERENCE
28918,NO_VERIFIED_RAILWAY_LINE_REFERENCE
28927,NO_VERIFIED_RAILWAY_LINE_REFERENCE
28936,NO_VERIFIED_RAILWAY_LINE_REFERENCE
28945,NO_VERIFIED_RAILWAY_LINE_REFERENCE
28954,NO_VERIFIED_RAILWAY_LINE_REFERENCE
28963,NO_VERIFIED_RAILWAY_LINE_REFERENCE
28972,NO_VERIFIED_RAILWAY_LINE_REFERENCE
28981,NO_VERIFIED_RAILWAY_LINE_REFERENCE
28990,NO_VERIFIED_RAILWAY_LINE_REFERENCE
29009,NO_VERIFIED_RAILWAY_LINE_REFERENCE
29018,NO_VERIFIED_RAILWAY_LINE_REFERENCE
29027,NO_VERIFIED_RAILWAY_LINE_REFERENCE
29036,NO_VERIFIED_RAILWAY_LINE_REFERENCE
29045,NO_VERIFIED_RAILWAY_LINE_REFERENCE
29054,NO_VERIFIED_RAILWAY_LINE_REFERENCE
29063,NO_VERIFIED_RAILWAY_LINE_REFERENCE
29072,NO_VERIFIED_RAILWAY_LINE_REFERENCE
29081,NO_VERIFIED_RAILWAY_LINE_REFERENCE
29090,NO_VERIFIED_RAILWAY_LINE_REFERENCE
29106,NO_VERIFIED_RAILWAY_LINE_REFERENCE
29115,NO_VERIFIED_RAILWAY_LINE_REFERENCE
29124,NO_VERIFIED_RAILWAY_LINE_REFERENCE
29133,NO_VERIFIED_RAILWAY_LINE_REFERENCE
29142,NO_VERIFIED_RAILWAY_LINE_REFERENCE
29151,NO_VERIFIED_RAILWAY_LINE_REFERENCE
29160,NO_VERIFIED_RAILWAY_LINE_REFERENCE
29179,NO_VERIFIED_RAILWAY_LINE_REFERENCE
29188,NO_VERIFIED_RAILWAY_LINE_REFERENCE
29197,NO_VERIFIED_RAILWAY_LINE_REFERENCE
29203,NO_VERIFIED_RAILWAY_LINE_REFERENCE
29212,NO_VERIFIED_RAILWAY_LINE_REFERENCE
29221,NO_VERIFIED_RAILWAY_LINE_REFERENCE
29230,NO_VERIFIED_RAILWAY_LINE_REFERENCE
29249,NO_VERIFIED_RAILWAY_LINE_REFERENCE
29267,NO_VERIFIED_RAILWAY_LINE_REFERENCE
29276,NO_VERIFIED_RAILWAY_LINE_REFERENCE
29285,NO_VERIFIED_RAILWAY_LINE_REFERENCE
29294,NO_VERIFIED_RAILWAY_LINE_REFERENCE
29300,NO_VERIFIED_RAILWAY_LINE_REFERENCE
29319,NO_VERIFIED_RAILWAY_LINE_REFERENCE
29328,NO_VERIFIED_RAILWAY_LINE_REFERENCE
29337,NO_VERIFIED_RAILWAY_LINE_REFERENCE
29346,NO_VERIFIED_RAILWAY_LINE_REFERENCE
29355,NO_VERIFIED_RAILWAY_LINE_REFERENCE
29364,NO_VERIFIED_RAILWAY_LINE_REFERENCE
29373,NO_VERIFIED_RAILWAY_LINE_REFERENCE
29382,NO_VERIFIED_RAILWAY_LINE_REFERENCE
29391,NO_VERIFIED_RAILWAY_LINE_REFERENCE
29407,NO_VERIFIED_RAILWAY_LINE_REFERENCE
29416,NO_VERIFIED_RAILWAY_LINE_REFERENCE
29425,NO_VERIFIED_RAILWAY_LINE_REFERENCE
29434,NO_VERIFIED_RAILWAY_LINE_REFERENCE
29443,NO_VERIFIED_RAILWAY_LINE_REFERENCE
29452,NO_VERIFIED_RAILWAY_LINE_REFERENCE
29461,NO_VERIFIED_RAILWAY_LINE_REFERENCE
29470,NO_VERIFIED_RAILWAY_LINE_REFERENCE
29489,NO_VERIFIED_RAILWAY_LINE_REFERENCE
29498,NO_VERIFIED_RAILWAY_LINE_REFERENCE
29504,NO_VERIFIED_RAILWAY_LINE_REFERENCE
29513,NO_VERIFIED_RAILWAY_LINE_REFERENCE
29522,NO_VERIFIED_RAILWAY_LINE_REFERENCE
29531,NO_VERIFIED_RAILWAY_LINE_REFERENCE
29540,NO_VERIFIED_RAILWAY_LINE_REFERENCE
29559,NO_VERIFIED_RAILWAY_LINE_REFERENCE
29568,NO_VERIFIED_RAILWAY_LINE_REFERENCE
29577,NO_VERIFIED_RAILWAY_LINE_REFERENCE
29586,NO_VERIFIED_RAILWAY_LINE_REFERENCE
29595,NO_VERIFIED_RAILWAY_LINE_REFERENCE
29601,NO_VERIFIED_RAILWAY_LINE_REFERENCE
29610,NO_VERIFIED_RAILWAY_LINE_REFERENCE
29629,NO_VERIFIED_RAILWAY_LINE_REFERENCE
29638,NO_VERIFIED_RAILWAY_LINE_REFERENCE
29647,NO_VERIFIED_RAILWAY_LINE_REFERENCE
29656,NO_VERIFIED_RAILWAY_LINE_REFERENCE
29665,NO_VERIFIED_RAILWAY_LINE_REFERENCE
29674,NO_VERIFIED_RAILWAY_LINE_REFERENCE
29683,NO_VERIFIED_RAILWAY_LINE_REFERENCE
29692,NO_VERIFIED_RAILWAY_LINE_REFERENCE
29708,NO_VERIFIED_RAILWAY_LINE_REFERENCE
29717,NO_VERIFIED_RAILWAY_LINE_REFERENCE
29726,NO_VERIFIED_RAILWAY_LINE_REFERENCE
29735,NO_VERIFIED_RAILWAY_LINE_REFERENCE
29744,NO_VERIFIED_RAILWAY_LINE_REFERENCE
29753,NO_VERIFIED_RAILWAY_LINE_REFERENCE
29762,NO_VERIFIED_RAILWAY_LINE_REFERENCE
29771,NO_VERIFIED_RAILWAY_LINE_REFERENCE
29780,NO_VERIFIED_RAILWAY_LINE_REFERENCE
29799,NO_VERIFIED_RAILWAY_LINE_REFERENCE
29805,NO_VERIFIED_RAILWAY_LINE_REFERENCE
29814,NO_VERIFIED_RAILWAY_LINE_REFERENCE
29823,NO_VERIFIED_RAILWAY_LINE_REFERENCE
29832,NO_VERIFIED_RAILWAY_LINE_REFERENCE
29841,NO_VERIFIED_RAILWAY_LINE_REFERENCE
29850,NO_VERIFIED_RAILWAY_LINE_REFERENCE
29869,NO_VERIFIED_RAILWAY_LINE_REFERENCE
29878,NO_VERIFIED_RAILWAY_LINE_REFERENCE
29887,NO_VERIFIED_RAILWAY_LINE_REFERENCE
29896,NO_VERIFIED_RAILWAY_LINE_REFERENCE
29902,NO_VERIFIED_RAILWAY_LINE_REFERENCE
29911,NO_VERIFIED_RAILWAY_LINE_REFERENCE
29920,NO_VERIFIED_RAILWAY_LINE_REFERENCE
29939,NO_VERIFIED_RAILWAY_LINE_REFERENCE
29948,NO_VERIFIED_RAILWAY_LINE_REFERENCE
29957,NO_VERIFIED_RAILWAY_LINE_REFERENCE
29966,NO_VERIFIED_RAILWAY_LINE_REFERENCE
29975,NO_VERIFIED_RAILWAY_LINE_REFERENCE
29984,NO_VERIFIED_RAILWAY_LINE_REFERENCE
29993,NO_VERIFIED_RAILWAY_LINE_REFERENCE
30003,NO_VERIFIED_RAILWAY_LINE_REFERENCE
30012,NO_VERIFIED_RAILWAY_LINE_REFERENCE
30021,NO_VERIFIED_RAILWAY_LINE_REFERENCE
30030,NO_VERIFIED_RAILWAY_LINE_REFERENCE
30049,NO_VERIFIED_RAILWAY_LINE_REFERENCE
30067,NO_VERIFIED_RAILWAY_LINE_REFERENCE
30076,NO_VERIFIED_RAILWAY_LINE_REFERENCE
30085,NO_VERIFIED_RAILWAY_LINE_REFERENCE
30094,NO_VERIFIED_RAILWAY_LINE_REFERENCE
30100,NO_VERIFIED_RAILWAY_LINE_REFERENCE
30119,NO_VERIFIED_RAILWAY_LINE_REFERENCE
30128,NO_VERIFIED_RAILWAY_LINE_REFERENCE
30137,NO_VERIFIED_RAILWAY_LINE_REFERENCE
30146,NO_VERIFIED_RAILWAY_LINE_REFERENCE
30155,NO_VERIFIED_RAILWAY_LINE_REFERENCE
30164,NO_VERIFIED_RAILWAY_LINE_REFERENCE
30173,NO_VERIFIED_RAILWAY_LINE_REFERENCE
30182,NO_VERIFIED_RAILWAY_LINE_REFERENCE
30191,NO_VERIFIED_RAILWAY_LINE_REFERENCE
30207,NO_VERIFIED_RAILWAY_LINE_REFERENCE
30216,NO_VERIFIED_RAILWAY_LINE_REFERENCE
30225,NO_VERIFIED_RAILWAY_LINE_REFERENCE
30234,NO_VERIFIED_RAILWAY_LINE_REFERENCE
30243,NO_VERIFIED_RAILWAY_LINE_REFERENCE
30252,NO_VERIFIED_RAILWAY_LINE_REFERENCE
30261,NO_VERIFIED_RAILWAY_LINE_REFERENCE
30270,NO_VERIFIED_RAILWAY_LINE_REFERENCE
30289,NO_VERIFIED_RAILWAY_LINE_REFERENCE
30298,NO_VERIFIED_RAILWAY_LINE_REFERENCE
30304,NO_VERIFIED_RAILWAY_LINE_REFERENCE
30313,NO_VERIFIED_RAILWAY_LINE_REFERENCE
30322,NO_VERIFIED_RAILWAY_LINE_REFERENCE
30331,NO_VERIFIED_RAILWAY_LINE_REFERENCE
30340,NO_VERIFIED_RAILWAY_LINE_REFERENCE
30359,NO_VERIFIED_RAILWAY_LINE_REFERENCE
30368,NO_VERIFIED_RAILWAY_LINE_REFERENCE
30377,NO_VERIFIED_RAILWAY_LINE_REFERENCE
30386,NO_VERIFIED_RAILWAY_LINE_REFERENCE
30395,NO_VERIFIED_RAILWAY_LINE_REFERENCE
30401,NO_VERIFIED_RAILWAY_LINE_REFERENCE
30410,NO_VERIFIED_RAILWAY_LINE_REFERENCE
30429,NO_VERIFIED_RAILWAY_LINE_REFERENCE
30438,NO_VERIFIED_RAILWAY_LINE_REFERENCE
30447,NO_VERIFIED_RAILWAY_LINE_REFERENCE
30456,NO_VERIFIED_RAILWAY_LINE_REFERENCE
30465,NO_VERIFIED_RAILWAY_LINE_REFERENCE
30474,NO_VERIFIED_RAILWAY_LINE_REFERENCE
30483,NO_VERIFIED_RAILWAY_LINE_REFERENCE
30492,NO_VERIFIED_RAILWAY_LINE_REFERENCE
30508,NO_VERIFIED_RAILWAY_LINE_REFERENCE
30517,NO_VERIFIED_RAILWAY_LINE_REFERENCE
30526,NO_VERIFIED_RAILWAY_LINE_REFERENCE
30535,NO_VERIFIED_RAILWAY_LINE_REFERENCE
30544,NO_VERIFIED_RAILWAY_LINE_REFERENCE
30553,NO_VERIFIED_RAILWAY_LINE_REFERENCE
30562,NO_VERIFIED_RAILWAY_LINE_REFERENCE
30571,NO_VERIFIED_RAILWAY_LINE_REFERENCE
30580,NO_VERIFIED_RAILWAY_LINE_REFERENCE
30599,NO_VERIFIED_RAILWAY_LINE_REFERENCE
30605,NO_VERIFIED_RAILWAY_LINE_REFERENCE
30614,NO_VERIFIED_RAILWAY_LINE_REFERENCE
30623,NO_VERIFIED_RAILWAY_LINE_REFERENCE
30632,NO_VERIFIED_RAILWAY_LINE_REFERENCE
30641,NO_VERIFIED_RAILWAY_LINE_REFERENCE
30650,NO_VERIFIED_RAILWAY_LINE_REFERENCE
30669,NO_VERIFIED_RAILWAY_LINE_REFERENCE
30678,NO_VERIFIED_RAILWAY_LINE_REFERENCE
30696,NO_VERIFIED_RAILWAY_LINE_REFERENCE
30702,NO_VERIFIED_RAILWAY_LINE_REFERENCE
30711,NO_VERIFIED_RAILWAY_LINE_REFERENCE
30720,NO_VERIFIED_RAILWAY_LINE_REFERENCE
30739,NO_VERIFIED_RAILWAY_LINE_REFERENCE
30748,NO_VERIFIED_RAILWAY_LINE_REFERENCE
30757,NO_VERIFIED_RAILWAY_LINE_REFERENCE
30766,NO_VERIFIED_RAILWAY_LINE_REFERENCE
30775,NO_VERIFIED_RAILWAY_LINE_REFERENCE
30784,NO_VERIFIED_RAILWAY_LINE_REFERENCE
30793,NO_VERIFIED_RAILWAY_LINE_REFERENCE
30809,NO_VERIFIED_RAILWAY_LINE_REFERENCE
30827,NO_VERIFIED_RAILWAY_LINE_REFERENCE
30836,NO_VERIFIED_RAILWAY_LINE_REFERENCE
30845,NO_VERIFIED_RAILWAY_LINE_REFERENCE
30854,NO_VERIFIED_RAILWAY_LINE_REFERENCE
30863,NO_VERIFIED_RAILWAY_LINE_REFERENCE
30872,NO_VERIFIED_RAILWAY_LINE_REFERENCE
30881,NO_VERIFIED_RAILWAY_LINE_REFERENCE
30890,NO_VERIFIED_RAILWAY_LINE_REFERENCE
30906,NO_VERIFIED_RAILWAY_LINE_REFERENCE
30915,NO_VERIFIED_RAILWAY_LINE_REFERENCE
30924,NO_VERIFIED_RAILWAY_LINE_REFERENCE
30933,NO_VERIFIED_RAILWAY_LINE_REFERENCE
30942,NO_VERIFIED_RAILWAY_LINE_REFERENCE
30951,NO_VERIFIED_RAILWAY_LINE_REFERENCE
30960,NO_VERIFIED_RAILWAY_LINE_REFERENCE
30979,NO_VERIFIED_RAILWAY_LINE_REFERENCE
30988,NO_VERIFIED_RAILWAY_LINE_REFERENCE
30997,NO_VERIFIED_RAILWAY_LINE_REFERENCE
31006,NO_VERIFIED_RAILWAY_LINE_REFERENCE
31015,NO_VERIFIED_RAILWAY_LINE_REFERENCE
31024,NO_VERIFIED_RAILWAY_LINE_REFERENCE
31033,NO_VERIFIED_RAILWAY_LINE_REFERENCE
31042,NO_VERIFIED_RAILWAY_LINE_REFERENCE
31051,NO_VERIFIED_RAILWAY_LINE_REFERENCE
31060,NO_VERIFIED_RAILWAY_LINE_REFERENCE
31079,NO_VERIFIED_RAILWAY_LINE_REFERENCE
31088,NO_VERIFIED_RAILWAY_LINE_REFERENCE
31097,NO_VERIFIED_RAILWAY_LINE_REFERENCE
31103,NO_VERIFIED_RAILWAY_LINE_REFERENCE
31112,NO_VERIFIED_RAILWAY_LINE_REFERENCE
31121,NO_VERIFIED_RAILWAY_LINE_REFERENCE
31130,NO_VERIFIED_RAILWAY_LINE_REFERENCE
31149,NO_VERIFIED_RAILWAY_LINE_REFERENCE
31158,NO_VERIFIED_RAILWAY_LINE_REFERENCE
31167,NO_VERIFIED_RAILWAY_LINE_REFERENCE
31185,NO_VERIFIED_RAILWAY_LINE_REFERENCE
31194,NO_VERIFIED_RAILWAY_LINE_REFERENCE
31200,NO_VERIFIED_RAILWAY_LINE_REFERENCE
31219,NO_VERIFIED_RAILWAY_LINE_REFERENCE
31228,NO_VERIFIED_RAILWAY_LINE_REFERENCE
31237,NO_VERIFIED_RAILWAY_LINE_REFERENCE
31246,NO_VERIFIED_RAILWAY_LINE_REFERENCE
31255,NO_VERIFIED_RAILWAY_LINE_REFERENCE
31264,NO_VERIFIED_RAILWAY_LINE_REFERENCE
31273,NO_VERIFIED_RAILWAY_LINE_REFERENCE
31282,NO_VERIFIED_RAILWAY_LINE_REFERENCE
31291,NO_VERIFIED_RAILWAY_LINE_REFERENCE
31307,NO_VERIFIED_RAILWAY_LINE_REFERENCE
31316,NO_VERIFIED_RAILWAY_LINE_REFERENCE
31325,NO_VERIFIED_RAILWAY_LINE_REFERENCE
31334,NO_VERIFIED_RAILWAY_LINE_REFERENCE
31343,NO_VERIFIED_RAILWAY_LINE_REFERENCE
31352,NO_VERIFIED_RAILWAY_LINE_REFERENCE
31361,NO_VERIFIED_RAILWAY_LINE_REFERENCE
31370,NO_VERIFIED_RAILWAY_LINE_REFERENCE
31389,NO_VERIFIED_RAILWAY_LINE_REFERENCE
31398,NO_VERIFIED_RAILWAY_LINE_REFERENCE
31404,NO_VERIFIED_RAILWAY_LINE_REFERENCE
31413,NO_VERIFIED_RAILWAY_LINE_REFERENCE
31422,NO_VERIFIED_RAILWAY_LINE_REFERENCE
31431,NO_VERIFIED_RAILWAY_LINE_REFERENCE
31440,NO_VERIFIED_RAILWAY_LINE_REFERENCE
31459,NO_VERIFIED_RAILWAY_LINE_REFERENCE
31468,NO_VERIFIED_RAILWAY_LINE_REFERENCE
31477,NO_VERIFIED_RAILWAY_LINE_REFERENCE
31486,NO_VERIFIED_RAILWAY_LINE_REFERENCE
31501,NO_VERIFIED_RAILWAY_LINE_REFERENCE
31510,NO_VERIFIED_RAILWAY_LINE_REFERENCE
31529,NO_VERIFIED_RAILWAY_LINE_REFERENCE
31538,NO_VERIFIED_RAILWAY_LINE_REFERENCE
31556,NO_VERIFIED_RAILWAY_LINE_REFERENCE
31565,NO_VERIFIED_RAILWAY_LINE_REFERENCE
31574,NO_VERIFIED_RAILWAY_LINE_REFERENCE
31583,NO_VERIFIED_RAILWAY_LINE_REFERENCE
31592,NO_VERIFIED_RAILWAY_LINE_REFERENCE
31608,NO_VERIFIED_RAILWAY_LINE_REFERENCE
31617,NO_VERIFIED_RAILWAY_LINE_REFERENCE
31626,NO_VERIFIED_RAILWAY_LINE_REFERENCE
31635,NO_VERIFIED_RAILWAY_LINE_REFERENCE
31644,NO_VERIFIED_RAILWAY_LINE_REFERENCE
31653,NO_VERIFIED_RAILWAY_LINE_REFERENCE
31662,NO_VERIFIED_RAILWAY_LINE_REFERENCE
31671,NO_VERIFIED_RAILWAY_LINE_REFERENCE
31680,NO_VERIFIED_RAILWAY_LINE_REFERENCE
31699,NO_VERIFIED_RAILWAY_LINE_REFERENCE
31705,NO_VERIFIED_RAILWAY_LINE_REFERENCE
31714,NO_VERIFIED_RAILWAY_LINE_REFERENCE
31723,NO_VERIFIED_RAILWAY_LINE_REFERENCE
31732,NO_VERIFIED_RAILWAY_LINE_REFERENCE
31741,NO_VERIFIED_RAILWAY_LINE_REFERENCE
31750,NO_VERIFIED_RAILWAY_LINE_REFERENCE
31769,NO_VERIFIED_RAILWAY_LINE_REFERENCE
31778,NO_VERIFIED_RAILWAY_LINE_REFERENCE
31787,NO_VERIFIED_RAILWAY_LINE_REFERENCE
31796,NO_VERIFIED_RAILWAY_LINE_REFERENCE
31802,NO_VERIFIED_RAILWAY_LINE_REFERENCE
31811,NO_VERIFIED_RAILWAY_LINE_REFERENCE
31820,NO_VERIFIED_RAILWAY_LINE_REFERENCE
31839,NO_VERIFIED_RAILWAY_LINE_REFERENCE
31848,NO_VERIFIED_RAILWAY_LINE_REFERENCE
31857,NO_VERIFIED_RAILWAY_LINE_REFERENCE
31866,NO_VERIFIED_RAILWAY_LINE_REFERENCE
31875,NO_VERIFIED_RAILWAY_LINE_REFERENCE
31884,NO_VERIFIED_RAILWAY_LINE_REFERENCE
31893,NO_VERIFIED_RAILWAY_LINE_REFERENCE
31909,NO_VERIFIED_RAILWAY_LINE_REFERENCE
31918,NO_VERIFIED_RAILWAY_LINE_REFERENCE
31927,NO_VERIFIED_RAILWAY_LINE_REFERENCE
31936,NO_VERIFIED_RAILWAY_LINE_REFERENCE
31945,NO_VERIFIED_RAILWAY_LINE_REFERENCE
31954,NO_VERIFIED_RAILWAY_LINE_REFERENCE
31963,NO_VERIFIED_RAILWAY_LINE_REFERENCE
31972,NO_VERIFIED_RAILWAY_LINE_REFERENCE
31981,NO_VERIFIED_RAILWAY_LINE_REFERENCE
31990,NO_VERIFIED_RAILWAY_LINE_REFERENCE
32009,NO_VERIFIED_RAILWAY_LINE_REFERENCE
32018,NO_VERIFIED_RAILWAY_LINE_REFERENCE
32027,NO_VERIFIED_RAILWAY_LINE_REFERENCE
32036,NO_VERIFIED_RAILWAY_LINE_REFERENCE
32045,NO_VERIFIED_RAILWAY_LINE_REFERENCE
32054,NO_VERIFIED_RAILWAY_LINE_REFERENCE
32063,NO_VERIFIED_RAILWAY_LINE_REFERENCE
32072,NO_VERIFIED_RAILWAY_LINE_REFERENCE
32081,NO_VERIFIED_RAILWAY_LINE_REFERENCE
32090,NO_VERIFIED_RAILWAY_LINE_REFERENCE
32106,NO_VERIFIED_RAILWAY_LINE_REFERENCE
32115,NO_VERIFIED_RAILWAY_LINE_REFERENCE
32124,NO_VERIFIED_RAILWAY_LINE_REFERENCE
32133,NO_VERIFIED_RAILWAY_LINE_REFERENCE
32142,NO_VERIFIED_RAILWAY_LINE_REFERENCE
32151,NO_VERIFIED_RAILWAY_LINE_REFERENCE
32160,NO_VERIFIED_RAILWAY_LINE_REFERENCE
32179,NO_VERIFIED_RAILWAY_LINE_REFERENCE
32188,NO_VERIFIED_RAILWAY_LINE_REFERENCE
32197,NO_VERIFIED_RAILWAY_LINE_REFERENCE
32203,NO_VERIFIED_RAILWAY_LINE_REFERENCE
32212,NO_VERIFIED_RAILWAY_LINE_REFERENCE
32221,NO_VERIFIED_RAILWAY_LINE_REFERENCE
32230,NO_VERIFIED_RAILWAY_LINE_REFERENCE
32249,NO_VERIFIED_RAILWAY_LINE_REFERENCE
32258,NO_VERIFIED_RAILWAY_LINE_REFERENCE
32267,NO_VERIFIED_RAILWAY_LINE_REFERENCE
32276,NO_VERIFIED_RAILWAY_LINE_REFERENCE
32285,NO_VERIFIED_RAILWAY_LINE_REFERENCE
32294,NO_VERIFIED_RAILWAY_LINE_REFERENCE
32300,NO_VERIFIED_RAILWAY_LINE_REFERENCE
32319,NO_VERIFIED_RAILWAY_LINE_REFERENCE
32328,NO_VERIFIED_RAILWAY_LINE_REFERENCE
32337,NO_VERIFIED_RAILWAY_LINE_REFERENCE
32346,NO_VERIFIED_RAILWAY_LINE_REFERENCE
32355,NO_VERIFIED_RAILWAY_LINE_REFERENCE
32364,NO_VERIFIED_RAILWAY_LINE_REFERENCE
32373,NO_VERIFIED_RAILWAY_LINE_REFERENCE
32382,NO_VERIFIED_RAILWAY_LINE_REFERENCE
32391,NO_VERIFIED_RAILWAY_LINE_REFERENCE
32407,NO_VERIFIED_RAILWAY_LINE_REFERENCE
32416,NO_VERIFIED_RAILWAY_LINE_REFERENCE
32425,NO_VERIFIED_RAILWAY_LINE_REFERENCE
32434,NO_VERIFIED_RAILWAY_LINE_REFERENCE
32452,NO_VERIFIED_RAILWAY_LINE_REFERENCE
32461,NO_VERIFIED_RAILWAY_LINE_REFERENCE
32470,NO_VERIFIED_RAILWAY_LINE_REFERENCE
32489,NO_VERIFIED_RAILWAY_LINE_REFERENCE
32498,NO_VERIFIED_RAILWAY_LINE_REFERENCE
32504,NO_VERIFIED_RAILWAY_LINE_REFERENCE
32513,NO_VERIFIED_RAILWAY_LINE_REFERENCE
32522,NO_VERIFIED_RAILWAY_LINE_REFERENCE
32531,NO_VERIFIED_RAILWAY_LINE_REFERENCE
32540,NO_VERIFIED_RAILWAY_LINE_REFERENCE
32559,NO_VERIFIED_RAILWAY_LINE_REFERENCE
32568,NO_VERIFIED_RAILWAY_LINE_REFERENCE
32577,NO_VERIFIED_RAILWAY_LINE_REFERENCE
32586,NO_VERIFIED_RAILWAY_LINE_REFERENCE
32595,NO_VERIFIED_RAILWAY_LINE_REFERENCE
32601,NO_VERIFIED_RAILWAY_LINE_REFERENCE
32610,NO_VERIFIED_RAILWAY_LINE_REFERENCE
32629,NO_VERIFIED_RAILWAY_LINE_REFERENCE
32638,NO_VERIFIED_RAILWAY_LINE_REFERENCE
32647,NO_VERIFIED_RAILWAY_LINE_REFERENCE
32656,NO_VERIFIED_RAILWAY_LINE_REFERENCE
32665,NO_VERIFIED_RAILWAY_LINE_REFERENCE
32674,NO_VERIFIED_RAILWAY_LINE_REFERENCE
32683,NO_VERIFIED_RAILWAY_LINE_REFERENCE
32692,NO_VERIFIED_RAILWAY_LINE_REFERENCE
32708,NO_VERIFIED_RAILWAY_LINE_REFERENCE
32717,NO_VERIFIED_RAILWAY_LINE_REFERENCE
32726,NO_VERIFIED_RAILWAY_LINE_REFERENCE
32735,NO_VERIFIED_RAILWAY_LINE_REFERENCE
32744,NO_VERIFIED_RAILWAY_LINE_REFERENCE
32753,NO_VERIFIED_RAILWAY_LINE_REFERENCE
32762,NO_VERIFIED_RAILWAY_LINE_REFERENCE
32771,NO_VERIFIED_RAILWAY_LINE_REFERENCE
32780,NO_VERIFIED_RAILWAY_LINE_REFERENCE
32799,NO_VERIFIED_RAILWAY_LINE_REFERENCE
32805,NO_VERIFIED_RAILWAY_LINE_REFERENCE
32814,NO_VERIFIED_RAILWAY_LINE_REFERENCE
32823,NO_VERIFIED_RAILWAY_LINE_REFERENCE
32832,NO_VERIFIED_RAILWAY_LINE_REFERENCE
32841,NO_VERIFIED_RAILWAY_LINE_REFERENCE
32850,NO_VERIFIED_RAILWAY_LINE_REFERENCE
32869,NO_VERIFIED_RAILWAY_LINE_REFERENCE
32878,NO_VERIFIED_RAILWAY_LINE_REFERENCE
32887,NO_VERIFIED_RAILWAY_LINE_REFERENCE
32896,NO_VERIFIED_RAILWAY_LINE_REFERENCE
32902,NO_VERIFIED_RAILWAY_LINE_REFERENCE
32911,NO_VERIFIED_RAILWAY_LINE_REFERENCE
32920,NO_VERIFIED_RAILWAY_LINE_REFERENCE
32939,NO_VERIFIED_RAILWAY_LINE_REFERENCE
32948,NO_VERIFIED_RAILWAY_LINE_REFERENCE
32957,NO_VERIFIED_RAILWAY_LINE_REFERENCE
32966,NO_VERIFIED_RAILWAY_LINE_REFERENCE
32975,NO_VERIFIED_RAILWAY_LINE_REFERENCE
32984,NO_VERIFIED_RAILWAY_LINE_REFERENCE
32993,NO_VERIFIED_RAILWAY_LINE_REFERENCE
33002,NO_VERIFIED_RAILWAY_LINE_REFERENCE
33011,NO_VERIFIED_RAILWAY_LINE_REFERENCE
33020,NO_VERIFIED_RAILWAY_LINE_REFERENCE
33039,NO_VERIFIED_RAILWAY_LINE_REFERENCE
33048,NO_VERIFIED_RAILWAY_LINE_REFERENCE
33057,NO_VERIFIED_RAILWAY_LINE_REFERENCE
33066,NO_VERIFIED_RAILWAY_LINE_REFERENCE
33075,NO_VERIFIED_RAILWAY_LINE_REFERENCE
33084,NO_VERIFIED_RAILWAY_LINE_REFERENCE
33093,NO_VERIFIED_RAILWAY_LINE_REFERENCE
33109,NO_VERIFIED_RAILWAY_LINE_REFERENCE
33118,NO_VERIFIED_RAILWAY_LINE_REFERENCE
33127,NO_VERIFIED_RAILWAY_LINE_REFERENCE
33136,NO_VERIFIED_RAILWAY_LINE_REFERENCE
33145,NO_VERIFIED_RAILWAY_LINE_REFERENCE
33154,NO_VERIFIED_RAILWAY_LINE_REFERENCE
33163,NO_VERIFIED_RAILWAY_LINE_REFERENCE
33172,NO_VERIFIED_RAILWAY_LINE_REFERENCE
33181,NO_VERIFIED_RAILWAY_LINE_REFERENCE
33190,NO_VERIFIED_RAILWAY_LINE_REFERENCE
33206,NO_VERIFIED_RAILWAY_LINE_REFERENCE
33215,NO_VERIFIED_RAILWAY_LINE_REFERENCE
33224,NO_VERIFIED_RAILWAY_LINE_REFERENCE
33233,NO_VERIFIED_RAILWAY_LINE_REFERENCE
33242,NO_VERIFIED_RAILWAY_LINE_REFERENCE
33251,NO_VERIFIED_RAILWAY_LINE_REFERENCE
33260,NO_VERIFIED_RAILWAY_LINE_REFERENCE
33279,NO_VERIFIED_RAILWAY_LINE_REFERENCE
33288,NO_VERIFIED_RAILWAY_LINE_REFERENCE
33297,NO_VERIFIED_RAILWAY_LINE_REFERENCE
33303,NO_VERIFIED_RAILWAY_LINE_REFERENCE
33312,NO_VERIFIED_RAILWAY_LINE_REFERENCE
33321,NO_VERIFIED_RAILWAY_LINE_REFERENCE
33330,NO_VERIFIED_RAILWAY_LINE_REFERENCE
33349,NO_VERIFIED_RAILWAY_LINE_REFERENCE
33358,NO_VERIFIED_RAILWAY_LINE_REFERENCE
33367,NO_VERIFIED_RAILWAY_LINE_REFERENCE
33376,NO_VERIFIED_RAILWAY_LINE_REFERENCE
33385,NO_VERIFIED_RAILWAY_LINE_REFERENCE
33394,NO_VERIFIED_RAILWAY_LINE_REFERENCE
33400,NO_VERIFIED_RAILWAY_LINE_REFERENCE
33419,NO_VERIFIED_RAILWAY_LINE_REFERENCE
33428,NO_VERIFIED_RAILWAY_LINE_REFERENCE
33437,NO_VERIFIED_RAILWAY_LINE_REFERENCE
33446,NO_VERIFIED_RAILWAY_LINE_REFERENCE
33455,NO_VERIFIED_RAILWAY_LINE_REFERENCE
33482,NO_VERIFIED_RAILWAY_LINE_REFERENCE
33491,NO_VERIFIED_RAILWAY_LINE_REFERENCE
33516,NO_VERIFIED_RAILWAY_LINE_REFERENCE
33525,NO_VERIFIED_RAILWAY_LINE_REFERENCE
33534,NO_VERIFIED_RAILWAY_LINE_REFERENCE
33543,NO_VERIFIED_RAILWAY_LINE_REFERENCE
33552,NO_VERIFIED_RAILWAY_LINE_REFERENCE
33561,NO_VERIFIED_RAILWAY_LINE_REFERENCE
33570,NO_VERIFIED_RAILWAY_LINE_REFERENCE
33589,NO_VERIFIED_RAILWAY_LINE_REFERENCE
33598,NO_VERIFIED_RAILWAY_LINE_REFERENCE
33604,NO_VERIFIED_RAILWAY_LINE_REFERENCE
33613,NO_VERIFIED_RAILWAY_LINE_REFERENCE
33622,NO_VERIFIED_RAILWAY_LINE_REFERENCE
33631,NO_VERIFIED_RAILWAY_LINE_REFERENCE
33640,NO_VERIFIED_RAILWAY_LINE_REFERENCE
33659,NO_VERIFIED_RAILWAY_LINE_REFERENCE
33668,NO_VERIFIED_RAILWAY_LINE_REFERENCE
33677,NO_VERIFIED_RAILWAY_LINE_REFERENCE
33686,NO_VERIFIED_RAILWAY_LINE_REFERENCE
33695,NO_VERIFIED_RAILWAY_LINE_REFERENCE
33701,NO_VERIFIED_RAILWAY_LINE_REFERENCE
33710,NO_VERIFIED_RAILWAY_LINE_REFERENCE
33729,NO_VERIFIED_RAILWAY_LINE_REFERENCE
33738,NO_VERIFIED_RAILWAY_LINE_REFERENCE
33747,NO_VERIFIED_RAILWAY_LINE_REFERENCE
33756,NO_VERIFIED_RAILWAY_LINE_REFERENCE
33765,NO_VERIFIED_RAILWAY_LINE_REFERENCE
33774,NO_VERIFIED_RAILWAY_LINE_REFERENCE
33783,NO_VERIFIED_RAILWAY_LINE_REFERENCE
33792,NO_VERIFIED_RAILWAY_LINE_REFERENCE
33808,NO_VERIFIED_RAILWAY_LINE_REFERENCE
33817,NO_VERIFIED_RAILWAY_LINE_REFERENCE
33826,NO_VERIFIED_RAILWAY_LINE_REFERENCE
33835,NO_VERIFIED_RAILWAY_LINE_REFERENCE
33844,NO_VERIFIED_RAILWAY_LINE_REFERENCE
33853,NO_VERIFIED_RAILWAY_LINE_REFERENCE
33862,NO_VERIFIED_RAILWAY_LINE_REFERENCE
33871,NO_VERIFIED_RAILWAY_LINE_REFERENCE
33880,NO_VERIFIED_RAILWAY_LINE_REFERENCE
33899,NO_VERIFIED_RAILWAY_LINE_REFERENCE
33905,NO_VERIFIED_RAILWAY_LINE_REFERENCE
33914,NO_VERIFIED_RAILWAY_LINE_REFERENCE
33923,NO_VERIFIED_RAILWAY_LINE_REFERENCE
33932,NO_VERIFIED_RAILWAY_LINE_REFERENCE
33941,NO_VERIFIED_RAILWAY_LINE_REFERENCE
33950,NO_VERIFIED_RAILWAY_LINE_REFERENCE
33969,NO_VERIFIED_RAILWAY_LINE_REFERENCE
33978,NO_VERIFIED_RAILWAY_LINE_REFERENCE
33987,NO_VERIFIED_RAILWAY_LINE_REFERENCE
33996,NO_VERIFIED_RAILWAY_LINE_REFERENCE
34005,NO_VERIFIED_RAILWAY_LINE_REFERENCE
34014,NO_VERIFIED_RAILWAY_LINE_REFERENCE
34023,NO_VERIFIED_RAILWAY_LINE_REFERENCE
34032,NO_VERIFIED_RAILWAY_LINE_REFERENCE
34041,NO_VERIFIED_RAILWAY_LINE_REFERENCE
34050,NO_VERIFIED_RAILWAY_LINE_REFERENCE
34069,NO_VERIFIED_RAILWAY_LINE_REFERENCE
34078,NO_VERIFIED_RAILWAY_LINE_REFERENCE
34087,NO_VERIFIED_RAILWAY_LINE_REFERENCE
34096,NO_VERIFIED_RAILWAY_LINE_REFERENCE
34102,NO_VERIFIED_RAILWAY_LINE_REFERENCE
34111,NO_VERIFIED_RAILWAY_LINE_REFERENCE
34120,NO_VERIFIED_RAILWAY_LINE_REFERENCE
34139,NO_VERIFIED_RAILWAY_LINE_REFERENCE
34148,NO_VERIFIED_RAILWAY_LINE_REFERENCE
34157,NO_VERIFIED_RAILWAY_LINE_REFERENCE
34166,NO_VERIFIED_RAILWAY_LINE_REFERENCE
34175,NO_VERIFIED_RAILWAY_LINE_REFERENCE
34184,NO_VERIFIED_RAILWAY_LINE_REFERENCE
34193,NO_VERIFIED_RAILWAY_LINE_REFERENCE
34209,NO_VERIFIED_RAILWAY_LINE_REFERENCE
34218,NO_VERIFIED_RAILWAY_LINE_REFERENCE
34227,NO_VERIFIED_RAILWAY_LINE_REFERENCE
34236,NO_VERIFIED_RAILWAY_LINE_REFERENCE
34245,NO_VERIFIED_RAILWAY_LINE_REFERENCE
34254,NO_VERIFIED_RAILWAY_LINE_REFERENCE
34263,NO_VERIFIED_RAILWAY_LINE_REFERENCE
34272,NO_VERIFIED_RAILWAY_LINE_REFERENCE
34281,NO_VERIFIED_RAILWAY_LINE_REFERENCE
34290,NO_VERIFIED_RAILWAY_LINE_REFERENCE
34306,NO_VERIFIED_RAILWAY_LINE_REFERENCE
34315,NO_VERIFIED_RAILWAY_LINE_REFERENCE
34324,NO_VERIFIED_RAILWAY_LINE_REFERENCE
34333,NO_VERIFIED_RAILWAY_LINE_REFERENCE
34342,NO_VERIFIED_RAILWAY_LINE_REFERENCE
34351,NO_VERIFIED_RAILWAY_LINE_REFERENCE
34360,NO_VERIFIED_RAILWAY_LINE_REFERENCE
34379,NO_VERIFIED_RAILWAY_LINE_REFERENCE
34388,NO_VERIFIED_RAILWAY_LINE_REFERENCE
34397,NO_VERIFIED_RAILWAY_LINE_REFERENCE
34403,NO_VERIFIED_RAILWAY_LINE_REFERENCE
34412,NO_VERIFIED_RAILWAY_LINE_REFERENCE
34421,NO_VERIFIED_RAILWAY_LINE_REFERENCE
